code,code_type,description,concept_id,code_class
P29.0,ICD10CM,Neonatal cardiac failure,35210517,chf
I11.0,ICD10CM,Hypertensive heart disease with heart failure,35207669,chf
I50.40,ICD10CM,Unspecified combined systolic (congestive) and diastolic (congestive) heart failure,45533457,chf
I50.43,ICD10CM,Acute on chronic combined systolic (congestive) and diastolic (congestive) heart failure,45567181,chf
I50.812,ICD10CM,Chronic right heart failure,1326603,chf
I42.0,ICD10CM,Dilated cardiomyopathy,35207755,chf
I50.811,ICD10CM,Acute right heart failure,1326602,chf
I50.23,ICD10CM,Acute on chronic systolic (congestive) heart failure,45567180,chf
I50.41,ICD10CM,Acute combined systolic (congestive) and diastolic (congestive) heart failure,45591469,chf
I50.810,ICD10CM,"Right heart failure, unspecified",1326601,chf
I42.8,ICD10CM,Other cardiomyopathies,35207763,chf
I42.9,ICD10CM,"Cardiomyopathy, unspecified",35207764,chf
I50.20,ICD10CM,Unspecified systolic (congestive) heart failure,45586587,chf
I50.30,ICD10CM,Unspecified diastolic (congestive) heart failure,45601038,chf
I42.7,ICD10CM,Cardiomyopathy due to drug and external agent,35207762,chf
I50.813,ICD10CM,Acute on chronic right heart failure,1326604,chf
I42.5,ICD10CM,Other restrictive cardiomyopathy,35207760,chf
I50.32,ICD10CM,Chronic diastolic (congestive) heart failure,45533456,chf
I42.6,ICD10CM,Alcoholic cardiomyopathy,35207761,chf
I50.84,ICD10CM,End stage heart failure,1326608,chf
I50.33,ICD10CM,Acute on chronic diastolic (congestive) heart failure,45562355,chf
I50.42,ICD10CM,Chronic combined systolic (congestive) and diastolic (congestive) heart failure,45586588,chf
I50.814,ICD10CM,Right heart failure due to left heart failure,1326605,chf
I50.83,ICD10CM,High output heart failure,1326607,chf
I50.22,ICD10CM,Chronic systolic (congestive) heart failure,45576878,chf
I13.0,ICD10CM,"Hypertensive heart and chronic kidney disease with heart failure and stage 1 through stage 4 chronic kidney disease, or unspecified chronic kidney disease",35207673,chf
I50.21,ICD10CM,Acute systolic (congestive) heart failure,45543182,chf
I50.89,ICD10CM,Other heart failure,1326609,chf
I50.9,ICD10CM,"Heart failure, unspecified",35207793,chf
I09.9,ICD10CM,"Rheumatic heart disease, unspecified",35207667,chf
I25.5,ICD10CM,Ischemic cardiomyopathy,35207704,chf
I50.82,ICD10CM,Biventricular heart failure,1326606,chf
I43,ICD10CM,Cardiomyopathy in diseases classified elsewhere,35207765,chf
I50.31,ICD10CM,Acute diastolic (congestive) heart failure,45548022,chf
I13.2,ICD10CM,"Hypertensive heart and chronic kidney disease with heart failure and with stage 5 chronic kidney disease, or end stage renal disease",35207674,chf
I50.1,ICD10CM,"Left ventricular failure, unspecified",35207792,chf
I44.30,ICD10CM,Unspecified atrioventricular block,45596204,carit
I48.0,ICD10CM,Paroxysmal atrial fibrillation,35207784,carit
I49.49,ICD10CM,Other premature depolarization,45591468,carit
T82.119D,ICD10CM,"Breakdown (mechanical) of unspecified cardiac electronic device, subsequent encounter",45570709,carit
T82.120A,ICD10CM,"Displacement of cardiac electrode, initial encounter",45561036,carit
T82.120S,ICD10CM,"Displacement of cardiac electrode, sequela",45609324,carit
T82.199D,ICD10CM,"Other mechanical complication of unspecified cardiac device, subsequent encounter",45561038,carit
I47.9,ICD10CM,"Paroxysmal tachycardia, unspecified",35207783,carit
I49.3,ICD10CM,Ventricular premature depolarization,35207788,carit
R00.1,ICD10CM,"Bradycardia, unspecified",35211262,carit
I49.2,ICD10CM,Junctional premature depolarization,35207787,carit
T82.110A,ICD10CM,"Breakdown (mechanical) of cardiac electrode, initial encounter",45585239,carit
T82.111S,ICD10CM,"Breakdown (mechanical) of cardiac pulse generator (battery), sequela",45604534,carit
T82.128D,ICD10CM,"Displacement of other cardiac electronic device, subsequent encounter",45609326,carit
T82.128S,ICD10CM,"Displacement of other cardiac electronic device, sequela",45556246,carit
T82.191S,ICD10CM,"Other mechanical complication of cardiac pulse generator (battery), sequela",45570711,carit
T82.198S,ICD10CM,"Other mechanical complication of other cardiac electronic device, sequela",45575560,carit
T82.199A,ICD10CM,"Other mechanical complication of unspecified cardiac device, initial encounter",45594899,carit
I48.91,ICD10CM,Unspecified atrial fibrillation,45576876,carit
I45.6,ICD10CM,Pre-excitation syndrome,35207777,carit
I47.1,ICD10CM,Supraventricular tachycardia,35207781,carit
I44.2,ICD10CM,"Atrioventricular block, complete",35207768,carit
I49.02,ICD10CM,Ventricular flutter,45533455,carit
T82.120D,ICD10CM,"Displacement of cardiac electrode, subsequent encounter",45585240,carit
T82.128A,ICD10CM,"Displacement of other cardiac electronic device, initial encounter",45590063,carit
Z45.018,ICD10CM,Encounter for adjustment and management of other part of cardiac pacemaker,45595516,carit
Z45.02,ICD10CM,Encounter for adjustment and management of automatic implantable cardiac defibrillator,45576155,carit
I48.92,ICD10CM,Unspecified atrial flutter,45572094,carit
I48.19,ICD10CM,Other persistent atrial fibrillation,1553752,carit
I49.5,ICD10CM,Sick sinus syndrome,35207789,carit
I47.0,ICD10CM,Re-entry ventricular arrhythmia,35207780,carit
I48.20,ICD10CM,"Chronic atrial fibrillation, unspecified",1553753,carit
I44.39,ICD10CM,Other atrioventricular block,45552792,carit
T82.121D,ICD10CM,"Displacement of cardiac pulse generator (battery), subsequent encounter",45556245,carit
T82.129S,ICD10CM,"Displacement of unspecified cardiac electronic device, sequela",45609328,carit
T82.190D,ICD10CM,"Other mechanical complication of cardiac electrode, subsequent encounter",45551491,carit
T82.198A,ICD10CM,"Other mechanical complication of other cardiac electronic device, initial encounter",45561037,carit
Z45.09,ICD10CM,Encounter for adjustment and management of other cardiac device,45571355,carit
I48.11,ICD10CM,Longstanding persistent atrial fibrillation,1553751,carit
I49.9,ICD10CM,"Cardiac arrhythmia, unspecified",35207791,carit
I49.01,ICD10CM,Ventricular fibrillation,45562353,carit
I47.2,ICD10CM,Ventricular tachycardia,35207782,carit
I49.40,ICD10CM,Unspecified premature depolarization,45552796,carit
T82.118D,ICD10CM,"Breakdown (mechanical) of other cardiac electronic device, subsequent encounter",45551489,carit
T82.121S,ICD10CM,"Displacement of cardiac pulse generator (battery), sequela",45609325,carit
T82.190A,ICD10CM,"Other mechanical complication of cardiac electrode, initial encounter",45541821,carit
T82.191A,ICD10CM,"Other mechanical complication of cardiac pulse generator (battery), initial encounter",45565831,carit
R00.8,ICD10CM,Other abnormalities of heart beat,35211264,carit
R00.0,ICD10CM,"Tachycardia, unspecified",35211261,carit
I45.9,ICD10CM,"Conduction disorder, unspecified",35207778,carit
I44.1,ICD10CM,"Atrioventricular block, second degree",35207767,carit
T82.110D,ICD10CM,"Breakdown (mechanical) of cardiac electrode, subsequent encounter",45551487,carit
T82.111A,ICD10CM,"Breakdown (mechanical) of cardiac pulse generator (battery), initial encounter",45551488,carit
T82.111D,ICD10CM,"Breakdown (mechanical) of cardiac pulse generator (battery), subsequent encounter",45575556,carit
T82.119A,ICD10CM,"Breakdown (mechanical) of unspecified cardiac electronic device, initial encounter",45575557,carit
T82.121A,ICD10CM,"Displacement of cardiac pulse generator (battery), initial encounter",45585241,carit
T82.129A,ICD10CM,"Displacement of unspecified cardiac electronic device, initial encounter",45551490,carit
T82.190S,ICD10CM,"Other mechanical complication of cardiac electrode, sequela",45537025,carit
T82.191D,ICD10CM,"Other mechanical complication of cardiac pulse generator (battery), subsequent encounter",45575558,carit
I48.21,ICD10CM,Permanent atrial fibrillation,1553754,carit
T82.118S,ICD10CM,"Breakdown (mechanical) of other cardiac electronic device, sequela",45594898,carit
T82.129D,ICD10CM,"Displacement of unspecified cardiac electronic device, subsequent encounter",45609327,carit
T82.199S,ICD10CM,"Other mechanical complication of unspecified cardiac device, sequela",45580406,carit
Z45.010,ICD10CM,Encounter for checking and testing of cardiac pacemaker pulse generator [battery],45547315,carit
I48.3,ICD10CM,Typical atrial flutter,1569172,carit
I48.4,ICD10CM,Atypical atrial flutter,1569173,carit
I49.1,ICD10CM,Atrial premature depolarization,35207786,carit
I49.8,ICD10CM,Other specified cardiac arrhythmias,35207790,carit
Z95.0,ICD10CM,Presence of cardiac pacemaker,35225413,carit
T82.110S,ICD10CM,"Breakdown (mechanical) of cardiac electrode, sequela",45565830,carit
T82.118A,ICD10CM,"Breakdown (mechanical) of other cardiac electronic device, initial encounter",45609323,carit
T82.119S,ICD10CM,"Breakdown (mechanical) of unspecified cardiac electronic device, sequela",45570710,carit
T82.198D,ICD10CM,"Other mechanical complication of other cardiac electronic device, subsequent encounter",45575559,carit
Q23.2,ICD10CM,Congenital mitral stenosis,35210818,valv
I05.2,ICD10CM,Rheumatic mitral stenosis with insufficiency,35207645,valv
I06.8,ICD10CM,Other rheumatic aortic valve diseases,35207651,valv
I09.89,ICD10CM,Other specified rheumatic heart diseases,45538368,valv
I08.0,ICD10CM,Rheumatic disorders of both mitral and aortic valves,35207658,valv
I08.8,ICD10CM,Other rheumatic multiple valve diseases,35207662,valv
I34.1,ICD10CM,Nonrheumatic mitral (valve) prolapse,35207729,valv
I35.8,ICD10CM,Other nonrheumatic aortic valve disorders,35207736,valv
I37.8,ICD10CM,Other nonrheumatic pulmonary valve disorders,35207746,valv
A52.06,ICD10CM,Other syphilitic heart involvement,45585921,valv
I06.1,ICD10CM,Rheumatic aortic insufficiency,35207649,valv
I06.2,ICD10CM,Rheumatic aortic stenosis with insufficiency,35207650,valv
I09.1,ICD10CM,"Rheumatic diseases of endocardium, valve unspecified",35207665,valv
I36.8,ICD10CM,Other nonrheumatic tricuspid valve disorders,35207741,valv
A52.09,ICD10CM,Other cardiovascular syphilis,45537732,valv
I37.9,ICD10CM,"Nonrheumatic pulmonary valve disorder, unspecified",35207747,valv
I08.2,ICD10CM,Rheumatic disorders of both aortic and tricuspid valves,35207660,valv
Q23.0,ICD10CM,Congenital stenosis of aortic valve,35210816,valv
A52.03,ICD10CM,Syphilitic endocarditis,45537731,valv
Q23.1,ICD10CM,Congenital insufficiency of aortic valve,35210817,valv
I05.0,ICD10CM,Rheumatic mitral stenosis,35207643,valv
I36.1,ICD10CM,Nonrheumatic tricuspid (valve) insufficiency,35207739,valv
Z95.3,ICD10CM,Presence of xenogenic heart valve,35225416,valv
I05.8,ICD10CM,Other rheumatic mitral valve diseases,35207646,valv
I08.9,ICD10CM,"Rheumatic multiple valve disease, unspecified",35207663,valv
I37.2,ICD10CM,Nonrheumatic pulmonary valve stenosis with insufficiency,35207745,valv
I35.9,ICD10CM,"Nonrheumatic aortic valve disorder, unspecified",35207737,valv
A52.02,ICD10CM,Syphilitic aortitis,45585920,valv
I07.0,ICD10CM,Rheumatic tricuspid stenosis,35207653,valv
I34.8,ICD10CM,Other nonrheumatic mitral valve disorders,35207731,valv
I35.0,ICD10CM,Nonrheumatic aortic (valve) stenosis,35207733,valv
I05.1,ICD10CM,Rheumatic mitral insufficiency,35207644,valv
I09.81,ICD10CM,Rheumatic heart failure,45605777,valv
I07.2,ICD10CM,Rheumatic tricuspid stenosis and insufficiency,35207655,valv
I38,ICD10CM,"Endocarditis, valve unspecified",35207748,valv
I34.2,ICD10CM,Nonrheumatic mitral (valve) stenosis,35207730,valv
Z95.4,ICD10CM,Presence of other heart-valve replacement,35225417,valv
Z95.2,ICD10CM,Presence of prosthetic heart valve,35225415,valv
I06.9,ICD10CM,"Rheumatic aortic valve disease, unspecified",35207652,valv
I07.9,ICD10CM,"Rheumatic tricuspid valve disease, unspecified",35207657,valv
I08.1,ICD10CM,Rheumatic disorders of both mitral and tricuspid valves,35207659,valv
I35.1,ICD10CM,Nonrheumatic aortic (valve) insufficiency,35207734,valv
A52.05,ICD10CM,Other cerebrovascular syphilis,45556905,valv
A52.00,ICD10CM,"Cardiovascular syphilis, unspecified",45590822,valv
A52.01,ICD10CM,Syphilitic aneurysm of aorta,45542532,valv
I37.0,ICD10CM,Nonrheumatic pulmonary valve stenosis,35207743,valv
I36.2,ICD10CM,Nonrheumatic tricuspid (valve) stenosis with insufficiency,35207740,valv
I34.9,ICD10CM,"Nonrheumatic mitral valve disorder, unspecified",35207732,valv
I37.1,ICD10CM,Nonrheumatic pulmonary valve insufficiency,35207744,valv
Q23.3,ICD10CM,Congenital mitral insufficiency,35210819,valv
I36.0,ICD10CM,Nonrheumatic tricuspid (valve) stenosis,35207738,valv
I39,ICD10CM,Endocarditis and heart valve disorders in diseases classified elsewhere,35207749,valv
I36.9,ICD10CM,"Nonrheumatic tricuspid valve disorder, unspecified",35207742,valv
I07.8,ICD10CM,Other rheumatic tricuspid valve diseases,35207656,valv
I35.2,ICD10CM,Nonrheumatic aortic (valve) stenosis with insufficiency,35207735,valv
I06.0,ICD10CM,Rheumatic aortic stenosis,35207648,valv
I07.1,ICD10CM,Rheumatic tricuspid insufficiency,35207654,valv
A52.04,ICD10CM,Syphilitic cerebral arteritis,45600418,valv
I05.9,ICD10CM,"Rheumatic mitral valve disease, unspecified",35207647,valv
I08.3,ICD10CM,"Combined rheumatic disorders of mitral, aortic and tricuspid valves",35207661,valv
I34.0,ICD10CM,Nonrheumatic mitral (valve) insufficiency,35207728,valv
I28.9,ICD10CM,"Disease of pulmonary vessels, unspecified",35207714,pcd
I26.99,ICD10CM,Other pulmonary embolism without acute cor pulmonale,45572084,pcd
I27.82,ICD10CM,Chronic pulmonary embolism,45533441,pcd
I27.81,ICD10CM,Cor pulmonale (chronic),45601029,pcd
I26.01,ICD10CM,Septic pulmonary embolism with acute cor pulmonale,45572083,pcd
I26.90,ICD10CM,Septic pulmonary embolism without acute cor pulmonale,45605789,pcd
I26.93,ICD10CM,Single subsegmental thrombotic pulmonary embolism without acute cor pulmonale,1553749,pcd
I27.9,ICD10CM,"Pulmonary heart disease, unspecified",35207710,pcd
I28.0,ICD10CM,Arteriovenous fistula of pulmonary vessels,35207711,pcd
I27.24,ICD10CM,Chronic thromboembolic pulmonary hypertension,1326596,pcd
I27.21,ICD10CM,Secondary pulmonary arterial hypertension,1326593,pcd
I27.23,ICD10CM,Pulmonary hypertension due to lung diseases and hypoxia,1326595,pcd
I27.83,ICD10CM,Eisenmenger's syndrome,1326598,pcd
I27.1,ICD10CM,Kyphoscoliotic heart disease,35207708,pcd
I27.89,ICD10CM,Other specified pulmonary heart diseases,45533442,pcd
I26.92,ICD10CM,Saddle embolus of pulmonary artery without acute cor pulmonale,45552786,pcd
I27.0,ICD10CM,Primary pulmonary hypertension,35207707,pcd
I27.29,ICD10CM,Other secondary pulmonary hypertension,1326597,pcd
I28.8,ICD10CM,Other diseases of pulmonary vessels,35207713,pcd
I26.09,ICD10CM,Other pulmonary embolism with acute cor pulmonale,45586576,pcd
I26.02,ICD10CM,Saddle embolus of pulmonary artery with acute cor pulmonale,45557540,pcd
I27.22,ICD10CM,Pulmonary hypertension due to left heart disease,1326594,pcd
I27.20,ICD10CM,"Pulmonary hypertension, unspecified",1326592,pcd
I26.94,ICD10CM,Multiple subsegmental thrombotic pulmonary emboli without acute cor pulmonale,1553750,pcd
I70.91,ICD10CM,Generalized atherosclerosis,45601080,pvd
I70.208,ICD10CM,"Unspecified atherosclerosis of native arteries of extremities, other extremity",45591494,pvd
I70.263,ICD10CM,"Atherosclerosis of native arteries of extremities with gangrene, bilateral legs",45552823,pvd
I70.308,ICD10CM,"Unspecified atherosclerosis of unspecified type of bypass graft(s) of the extremities, other extremity",45552827,pvd
I70.321,ICD10CM,"Atherosclerosis of unspecified type of bypass graft(s) of the extremities with rest pain, right leg",45576903,pvd
I70.342,ICD10CM,Atherosclerosis of unspecified type of bypass graft(s) of the left leg with ulceration of calf,45538423,pvd
I70.393,ICD10CM,"Other atherosclerosis of unspecified type of bypass graft(s) of the extremities, bilateral legs",45601068,pvd
I70.398,ICD10CM,"Other atherosclerosis of unspecified type of bypass graft(s) of the extremities, other extremity",45591499,pvd
I70.419,ICD10CM,"Atherosclerosis of autologous vein bypass graft(s) of the extremities with intermittent claudication, unspecified extremity",45601069,pvd
I70.422,ICD10CM,"Atherosclerosis of autologous vein bypass graft(s) of the extremities with rest pain, left leg",45562395,pvd
I70.428,ICD10CM,"Atherosclerosis of autologous vein bypass graft(s) of the extremities with rest pain, other extremity",45576908,pvd
I70.435,ICD10CM,Atherosclerosis of autologous vein bypass graft(s) of the right leg with ulceration of other part of foot,45576909,pvd
I70.45,ICD10CM,Atherosclerosis of autologous vein bypass graft(s) of other extremity with ulceration,45572123,pvd
I70.463,ICD10CM,"Atherosclerosis of autologous vein bypass graft(s) of the extremities with gangrene, bilateral legs",45601071,pvd
I70.468,ICD10CM,"Atherosclerosis of autologous vein bypass graft(s) of the extremities with gangrene, other extremity",45581803,pvd
I70.491,ICD10CM,"Other atherosclerosis of autologous vein bypass graft(s) of the extremities, right leg",45605838,pvd
I70.499,ICD10CM,"Other atherosclerosis of autologous vein bypass graft(s) of the extremities, unspecified extremity",45605839,pvd
I70.503,ICD10CM,"Unspecified atherosclerosis of nonautologous biological bypass graft(s) of the extremities, bilateral legs",45557579,pvd
I70.519,ICD10CM,"Atherosclerosis of nonautologous biological bypass graft(s) of the extremities with intermittent claudication, unspecified extremity",45543211,pvd
I70.522,ICD10CM,"Atherosclerosis of nonautologous biological bypass graft(s) of the extremities with rest pain, left leg",45601073,pvd
I70.528,ICD10CM,"Atherosclerosis of nonautologous biological bypass graft(s) of the extremities with rest pain, other extremity",45552834,pvd
I70.542,ICD10CM,Atherosclerosis of nonautologous biological bypass graft(s) of the left leg with ulceration of calf,45548067,pvd
I70.544,ICD10CM,Atherosclerosis of nonautologous biological bypass graft(s) of the left leg with ulceration of heel and midfoot,45591502,pvd
I70.632,ICD10CM,Atherosclerosis of nonbiological bypass graft(s) of the right leg with ulceration of calf,45596242,pvd
I70.709,ICD10CM,"Unspecified atherosclerosis of other type of bypass graft(s) of the extremities, unspecified extremity",45605841,pvd
I70.718,ICD10CM,"Atherosclerosis of other type of bypass graft(s) of the extremities with intermittent claudication, other extremity",45538434,pvd
I70.721,ICD10CM,"Atherosclerosis of other type of bypass graft(s) of the extremities with rest pain, right leg",45605842,pvd
I70.734,ICD10CM,Atherosclerosis of other type of bypass graft(s) of the right leg with ulceration of heel and midfoot,45601078,pvd
I70.741,ICD10CM,Atherosclerosis of other type of bypass graft(s) of the left leg with ulceration of thigh,45548073,pvd
I70.769,ICD10CM,"Atherosclerosis of other type of bypass graft(s) of the extremities with gangrene, unspecified extremity",45543215,pvd
Z95.810,ICD10CM,Presence of automatic (implantable) cardiac defibrillator,45576217,pvd
I71.2,ICD10CM,"Thoracic aortic aneurysm, without rupture",35207845,pvd
I70.238,ICD10CM,Atherosclerosis of native arteries of right leg with ulceration of other part of lower leg,45548058,pvd
I70.248,ICD10CM,Atherosclerosis of native arteries of left leg with ulceration of other part of lower leg,45601065,pvd
K55.8,ICD10CM,Other vascular disorders of intestine,35208277,pvd
K55.1,ICD10CM,Chronic vascular disorders of intestine,35208276,pvd
I70.222,ICD10CM,"Atherosclerosis of native arteries of extremities with rest pain, left leg",45596233,pvd
I70.239,ICD10CM,Atherosclerosis of native arteries of right leg with ulceration of unspecified site,45596235,pvd
I70.245,ICD10CM,Atherosclerosis of native arteries of left leg with ulceration of other part of foot,45548060,pvd
I70.309,ICD10CM,"Unspecified atherosclerosis of unspecified type of bypass graft(s) of the extremities, unspecified extremity",45562388,pvd
I70.318,ICD10CM,"Atherosclerosis of unspecified type of bypass graft(s) of the extremities with intermittent claudication, other extremity",45591497,pvd
I70.323,ICD10CM,"Atherosclerosis of unspecified type of bypass graft(s) of the extremities with rest pain, bilateral legs",45567211,pvd
I70.349,ICD10CM,Atherosclerosis of unspecified type of bypass graft(s) of the left leg with ulceration of unspecified site,45562391,pvd
I70.362,ICD10CM,"Atherosclerosis of unspecified type of bypass graft(s) of the extremities with gangrene, left leg",45572119,pvd
I70.391,ICD10CM,"Other atherosclerosis of unspecified type of bypass graft(s) of the extremities, right leg",45567213,pvd
I70.401,ICD10CM,"Unspecified atherosclerosis of autologous vein bypass graft(s) of the extremities, right leg",45576905,pvd
I70.408,ICD10CM,"Unspecified atherosclerosis of autologous vein bypass graft(s) of the extremities, other extremity",45562394,pvd
I70.443,ICD10CM,Atherosclerosis of autologous vein bypass graft(s) of the left leg with ulceration of ankle,45605836,pvd
I70.445,ICD10CM,Atherosclerosis of autologous vein bypass graft(s) of the left leg with ulceration of other part of foot,45596239,pvd
I70.513,ICD10CM,"Atherosclerosis of nonautologous biological bypass graft(s) of the extremities with intermittent claudication, bilateral legs",45533488,pvd
I70.548,ICD10CM,Atherosclerosis of nonautologous biological bypass graft(s) of the left leg with ulceration of other part of lower leg,45572125,pvd
I70.549,ICD10CM,Atherosclerosis of nonautologous biological bypass graft(s) of the left leg with ulceration of unspecified site,45562397,pvd
I70.562,ICD10CM,"Atherosclerosis of nonautologous biological bypass graft(s) of the extremities with gangrene, left leg",45581805,pvd
I70.569,ICD10CM,"Atherosclerosis of nonautologous biological bypass graft(s) of the extremities with gangrene, unspecified extremity",45601076,pvd
I70.592,ICD10CM,"Other atherosclerosis of nonautologous biological bypass graft(s) of the extremities, left leg",45533490,pvd
I70.593,ICD10CM,"Other atherosclerosis of nonautologous biological bypass graft(s) of the extremities, bilateral legs",45596240,pvd
I70.598,ICD10CM,"Other atherosclerosis of nonautologous biological bypass graft(s) of the extremities, other extremity",45557583,pvd
I70.602,ICD10CM,"Unspecified atherosclerosis of nonbiological bypass graft(s) of the extremities, left leg",45552836,pvd
I70.619,ICD10CM,"Atherosclerosis of nonbiological bypass graft(s) of the extremities with intermittent claudication, unspecified extremity",45538429,pvd
I70.631,ICD10CM,Atherosclerosis of nonbiological bypass graft(s) of the right leg with ulceration of thigh,45538430,pvd
I70.634,ICD10CM,Atherosclerosis of nonbiological bypass graft(s) of the right leg with ulceration of heel and midfoot,45562399,pvd
I70.635,ICD10CM,Atherosclerosis of nonbiological bypass graft(s) of the right leg with ulceration of other part of foot,45538431,pvd
I70.638,ICD10CM,Atherosclerosis of nonbiological bypass graft(s) of the right leg with ulceration of other part of lower leg,45543213,pvd
I70.649,ICD10CM,Atherosclerosis of nonbiological bypass graft(s) of the left leg with ulceration of unspecified site,45591507,pvd
I70.662,ICD10CM,"Atherosclerosis of nonbiological bypass graft(s) of the extremities with gangrene, left leg",45543214,pvd
I70.711,ICD10CM,"Atherosclerosis of other type of bypass graft(s) of the extremities with intermittent claudication, right leg",45596244,pvd
I70.712,ICD10CM,"Atherosclerosis of other type of bypass graft(s) of the extremities with intermittent claudication, left leg",45538433,pvd
I70.713,ICD10CM,"Atherosclerosis of other type of bypass graft(s) of the extremities with intermittent claudication, bilateral legs",45557588,pvd
I70.722,ICD10CM,"Atherosclerosis of other type of bypass graft(s) of the extremities with rest pain, left leg",45586619,pvd
I70.732,ICD10CM,Atherosclerosis of other type of bypass graft(s) of the right leg with ulceration of calf,45552841,pvd
I70.763,ICD10CM,"Atherosclerosis of other type of bypass graft(s) of the extremities with gangrene, bilateral legs",45596246,pvd
I70.219,ICD10CM,"Atherosclerosis of native arteries of extremities with intermittent claudication, unspecified extremity",45605830,pvd
I70.221,ICD10CM,"Atherosclerosis of native arteries of extremities with rest pain, right leg",45572117,pvd
I70.228,ICD10CM,"Atherosclerosis of native arteries of extremities with rest pain, other extremity",45581798,pvd
I70.229,ICD10CM,"Atherosclerosis of native arteries of extremities with rest pain, unspecified extremity",45548056,pvd
I70.291,ICD10CM,"Other atherosclerosis of native arteries of extremities, right leg",45533483,pvd
I70.299,ICD10CM,"Other atherosclerosis of native arteries of extremities, unspecified extremity",45605833,pvd
I70.313,ICD10CM,"Atherosclerosis of unspecified type of bypass graft(s) of the extremities with intermittent claudication, bilateral legs",45557572,pvd
I70.329,ICD10CM,"Atherosclerosis of unspecified type of bypass graft(s) of the extremities with rest pain, unspecified extremity",45601067,pvd
I70.341,ICD10CM,Atherosclerosis of unspecified type of bypass graft(s) of the left leg with ulceration of thigh,45562389,pvd
I70.409,ICD10CM,"Unspecified atherosclerosis of autologous vein bypass graft(s) of the extremities, unspecified extremity",45538425,pvd
I70.412,ICD10CM,"Atherosclerosis of autologous vein bypass graft(s) of the extremities with intermittent claudication, left leg",45586614,pvd
I70.413,ICD10CM,"Atherosclerosis of autologous vein bypass graft(s) of the extremities with intermittent claudication, bilateral legs",45572121,pvd
I70.421,ICD10CM,"Atherosclerosis of autologous vein bypass graft(s) of the extremities with rest pain, right leg",45576907,pvd
I70.438,ICD10CM,Atherosclerosis of autologous vein bypass graft(s) of the right leg with ulceration of other part of lower leg,45557577,pvd
I70.502,ICD10CM,"Unspecified atherosclerosis of nonautologous biological bypass graft(s) of the extremities, left leg",45557578,pvd
I70.523,ICD10CM,"Atherosclerosis of nonautologous biological bypass graft(s) of the extremities with rest pain, bilateral legs",45586616,pvd
I70.529,ICD10CM,"Atherosclerosis of nonautologous biological bypass graft(s) of the extremities with rest pain, unspecified extremity",45543212,pvd
I70.531,ICD10CM,Atherosclerosis of nonautologous biological bypass graft(s) of the right leg with ulceration of thigh,45557580,pvd
I70.532,ICD10CM,Atherosclerosis of nonautologous biological bypass graft(s) of the right leg with ulceration of calf,45601074,pvd
I70.599,ICD10CM,"Other atherosclerosis of nonautologous biological bypass graft(s) of the extremities, unspecified extremity",45548069,pvd
I70.613,ICD10CM,"Atherosclerosis of nonbiological bypass graft(s) of the extremities with intermittent claudication, bilateral legs",45572126,pvd
I70.719,ICD10CM,"Atherosclerosis of other type of bypass graft(s) of the extremities with intermittent claudication, unspecified extremity",45538435,pvd
I70.729,ICD10CM,"Atherosclerosis of other type of bypass graft(s) of the extremities with rest pain, unspecified extremity",45581806,pvd
I70.799,ICD10CM,"Other atherosclerosis of other type of bypass graft(s) of the extremities, unspecified extremity",45601079,pvd
Z95.812,ICD10CM,Presence of fully implantable artificial heart,45576218,pvd
Z95.828,ICD10CM,Presence of other vascular implants and grafts,45576220,pvd
I73.81,ICD10CM,Erythromelalgia,45538444,pvd
I77.1,ICD10CM,Stricture of artery,35207869,pvd
I73.9,ICD10CM,"Peripheral vascular disease, unspecified",35207860,pvd
Z95.9,ICD10CM,"Presence of cardiac and vascular implant and graft, unspecified",35225419,pvd
I70.231,ICD10CM,Atherosclerosis of native arteries of right leg with ulceration of thigh,45591495,pvd
I70.242,ICD10CM,Atherosclerosis of native arteries of left leg with ulceration of calf,45581800,pvd
I70.249,ICD10CM,Atherosclerosis of native arteries of left leg with ulceration of unspecified site,45567209,pvd
I70.262,ICD10CM,"Atherosclerosis of native arteries of extremities with gangrene, left leg",45605832,pvd
I70.269,ICD10CM,"Atherosclerosis of native arteries of extremities with gangrene, unspecified extremity",45552824,pvd
I70.303,ICD10CM,"Unspecified atherosclerosis of unspecified type of bypass graft(s) of the extremities, bilateral legs",45601066,pvd
I70.331,ICD10CM,Atherosclerosis of unspecified type of bypass graft(s) of the right leg with ulceration of thigh,45557573,pvd
I70.333,ICD10CM,Atherosclerosis of unspecified type of bypass graft(s) of the right leg with ulceration of ankle,45586613,pvd
I70.335,ICD10CM,Atherosclerosis of unspecified type of bypass graft(s) of the right leg with ulceration of other part of foot,45591498,pvd
I70.338,ICD10CM,Atherosclerosis of unspecified type of bypass graft(s) of the right leg with ulceration of other part of lower leg,45548063,pvd
I70.343,ICD10CM,Atherosclerosis of unspecified type of bypass graft(s) of the left leg with ulceration of ankle,45557574,pvd
I70.344,ICD10CM,Atherosclerosis of unspecified type of bypass graft(s) of the left leg with ulceration of heel and midfoot,45552829,pvd
I70.361,ICD10CM,"Atherosclerosis of unspecified type of bypass graft(s) of the extremities with gangrene, right leg",45533484,pvd
I70.369,ICD10CM,"Atherosclerosis of unspecified type of bypass graft(s) of the extremities with gangrene, unspecified extremity",45572120,pvd
I70.392,ICD10CM,"Other atherosclerosis of unspecified type of bypass graft(s) of the extremities, left leg",45562392,pvd
I70.411,ICD10CM,"Atherosclerosis of autologous vein bypass graft(s) of the extremities with intermittent claudication, right leg",45576906,pvd
I70.423,ICD10CM,"Atherosclerosis of autologous vein bypass graft(s) of the extremities with rest pain, bilateral legs",45562396,pvd
I70.439,ICD10CM,Atherosclerosis of autologous vein bypass graft(s) of the right leg with ulceration of unspecified site,45591500,pvd
I70.448,ICD10CM,Atherosclerosis of autologous vein bypass graft(s) of the left leg with ulceration of other part of lower leg,45548065,pvd
I70.461,ICD10CM,"Atherosclerosis of autologous vein bypass graft(s) of the extremities with gangrene, right leg",45567216,pvd
I70.501,ICD10CM,"Unspecified atherosclerosis of nonautologous biological bypass graft(s) of the extremities, right leg",45552831,pvd
I70.533,ICD10CM,Atherosclerosis of nonautologous biological bypass graft(s) of the right leg with ulceration of ankle,45548066,pvd
I70.563,ICD10CM,"Atherosclerosis of nonautologous biological bypass graft(s) of the extremities with gangrene, bilateral legs",45533489,pvd
I70.618,ICD10CM,"Atherosclerosis of nonbiological bypass graft(s) of the extremities with intermittent claudication, other extremity",45548070,pvd
I70.621,ICD10CM,"Atherosclerosis of nonbiological bypass graft(s) of the extremities with rest pain, right leg",45533492,pvd
I70.661,ICD10CM,"Atherosclerosis of nonbiological bypass graft(s) of the extremities with gangrene, right leg",45567218,pvd
I70.668,ICD10CM,"Atherosclerosis of nonbiological bypass graft(s) of the extremities with gangrene, other extremity",45586618,pvd
I70.669,ICD10CM,"Atherosclerosis of nonbiological bypass graft(s) of the extremities with gangrene, unspecified extremity",45538432,pvd
I70.691,ICD10CM,"Other atherosclerosis of nonbiological bypass graft(s) of the extremities, right leg",45567219,pvd
I70.703,ICD10CM,"Unspecified atherosclerosis of other type of bypass graft(s) of the extremities, bilateral legs",45548072,pvd
I70.731,ICD10CM,Atherosclerosis of other type of bypass graft(s) of the right leg with ulceration of thigh,45552840,pvd
I70.733,ICD10CM,Atherosclerosis of other type of bypass graft(s) of the right leg with ulceration of ankle,45533494,pvd
I70.739,ICD10CM,Atherosclerosis of other type of bypass graft(s) of the right leg with ulceration of unspecified site,45552842,pvd
I70.743,ICD10CM,Atherosclerosis of other type of bypass graft(s) of the left leg with ulceration of ankle,45586621,pvd
I70.761,ICD10CM,"Atherosclerosis of other type of bypass graft(s) of the extremities with gangrene, right leg",45548076,pvd
I70.762,ICD10CM,"Atherosclerosis of other type of bypass graft(s) of the extremities with gangrene, left leg",45538437,pvd
I70.793,ICD10CM,"Other atherosclerosis of other type of bypass graft(s) of the extremities, bilateral legs",45538438,pvd
I70.90,ICD10CM,Unspecified atherosclerosis,45581810,pvd
Z95.818,ICD10CM,Presence of other cardiac implants and grafts,45576219,pvd
Z95.820,ICD10CM,Peripheral vascular angioplasty status with implants and grafts,45605178,pvd
I73.89,ICD10CM,Other specified peripheral vascular diseases,45567223,pvd
K55.9,ICD10CM,"Vascular disorder of intestine, unspecified",35208278,pvd
I70.201,ICD10CM,"Unspecified atherosclerosis of native arteries of extremities, right leg",45557568,pvd
I70.211,ICD10CM,"Atherosclerosis of native arteries of extremities with intermittent claudication, right leg",45605828,pvd
I70.232,ICD10CM,Atherosclerosis of native arteries of right leg with ulceration of calf,45591496,pvd
I70.241,ICD10CM,Atherosclerosis of native arteries of left leg with ulceration of thigh,45581799,pvd
I70.25,ICD10CM,Atherosclerosis of native arteries of other extremities with ulceration,45548061,pvd
I70.261,ICD10CM,"Atherosclerosis of native arteries of extremities with gangrene, right leg",45538422,pvd
I70.302,ICD10CM,"Unspecified atherosclerosis of unspecified type of bypass graft(s) of the extremities, left leg",45562387,pvd
I70.319,ICD10CM,"Atherosclerosis of unspecified type of bypass graft(s) of the extremities with intermittent claudication, unspecified extremity",45572118,pvd
I70.334,ICD10CM,Atherosclerosis of unspecified type of bypass graft(s) of the right leg with ulceration of heel and midfoot,45548062,pvd
I70.345,ICD10CM,Atherosclerosis of unspecified type of bypass graft(s) of the left leg with ulceration of other part of foot,45557575,pvd
I70.348,ICD10CM,Atherosclerosis of unspecified type of bypass graft(s) of the left leg with ulceration of other part of lower leg,45562390,pvd
I70.363,ICD10CM,"Atherosclerosis of unspecified type of bypass graft(s) of the extremities with gangrene, bilateral legs",45533485,pvd
I70.442,ICD10CM,Atherosclerosis of autologous vein bypass graft(s) of the left leg with ulceration of calf,45572122,pvd
I70.449,ICD10CM,Atherosclerosis of autologous vein bypass graft(s) of the left leg with ulceration of unspecified site,45605837,pvd
I70.462,ICD10CM,"Atherosclerosis of autologous vein bypass graft(s) of the extremities with gangrene, left leg",45591501,pvd
I70.508,ICD10CM,"Unspecified atherosclerosis of nonautologous biological bypass graft(s) of the extremities, other extremity",45552832,pvd
I70.534,ICD10CM,Atherosclerosis of nonautologous biological bypass graft(s) of the right leg with ulceration of heel and midfoot,45552835,pvd
I70.541,ICD10CM,Atherosclerosis of nonautologous biological bypass graft(s) of the left leg with ulceration of thigh,45581804,pvd
I70.543,ICD10CM,Atherosclerosis of nonautologous biological bypass graft(s) of the left leg with ulceration of ankle,45538428,pvd
I70.568,ICD10CM,"Atherosclerosis of nonautologous biological bypass graft(s) of the extremities with gangrene, other extremity",45557582,pvd
I70.591,ICD10CM,"Other atherosclerosis of nonautologous biological bypass graft(s) of the extremities, right leg",45591503,pvd
I70.601,ICD10CM,"Unspecified atherosclerosis of nonbiological bypass graft(s) of the extremities, right leg",45533491,pvd
I70.612,ICD10CM,"Atherosclerosis of nonbiological bypass graft(s) of the extremities with intermittent claudication, left leg",45557584,pvd
I70.628,ICD10CM,"Atherosclerosis of nonbiological bypass graft(s) of the extremities with rest pain, other extremity",45557587,pvd
I70.641,ICD10CM,Atherosclerosis of nonbiological bypass graft(s) of the left leg with ulceration of thigh,45576913,pvd
I70.701,ICD10CM,"Unspecified atherosclerosis of other type of bypass graft(s) of the extremities, right leg",45605840,pvd
I70.702,ICD10CM,"Unspecified atherosclerosis of other type of bypass graft(s) of the extremities, left leg",45552839,pvd
I70.745,ICD10CM,Atherosclerosis of other type of bypass graft(s) of the left leg with ulceration of other part of foot,45586622,pvd
I70.768,ICD10CM,"Atherosclerosis of other type of bypass graft(s) of the extremities with gangrene, other extremity",45576915,pvd
I71.4,ICD10CM,"Abdominal aortic aneurysm, without rupture",35207847,pvd
I71.00,ICD10CM,Dissection of unspecified site of aorta,45581811,pvd
I71.5,ICD10CM,"Thoracoabdominal aortic aneurysm, ruptured",35207848,pvd
I70.202,ICD10CM,"Unspecified atherosclerosis of native arteries of extremities, left leg",45572116,pvd
I70.233,ICD10CM,Atherosclerosis of native arteries of right leg with ulceration of ankle,45548057,pvd
I70.234,ICD10CM,Atherosclerosis of native arteries of right leg with ulceration of heel and midfoot,45557569,pvd
I70.235,ICD10CM,Atherosclerosis of native arteries of right leg with ulceration of other part of foot,45605831,pvd
I70.292,ICD10CM,"Other atherosclerosis of native arteries of extremities, left leg",45557570,pvd
I70.311,ICD10CM,"Atherosclerosis of unspecified type of bypass graft(s) of the extremities with intermittent claudication, right leg",45581801,pvd
I70.328,ICD10CM,"Atherosclerosis of unspecified type of bypass graft(s) of the extremities with rest pain, other extremity",45552828,pvd
I70.332,ICD10CM,Atherosclerosis of unspecified type of bypass graft(s) of the right leg with ulceration of calf,45596237,pvd
I70.339,ICD10CM,Atherosclerosis of unspecified type of bypass graft(s) of the right leg with ulceration of unspecified site,45567212,pvd
I70.418,ICD10CM,"Atherosclerosis of autologous vein bypass graft(s) of the extremities with intermittent claudication, other extremity",45605835,pvd
I70.432,ICD10CM,Atherosclerosis of autologous vein bypass graft(s) of the right leg with ulceration of calf,45586615,pvd
I70.444,ICD10CM,Atherosclerosis of autologous vein bypass graft(s) of the left leg with ulceration of heel and midfoot,45538426,pvd
I70.539,ICD10CM,Atherosclerosis of nonautologous biological bypass graft(s) of the right leg with ulceration of unspecified site,45576910,pvd
I70.629,ICD10CM,"Atherosclerosis of nonbiological bypass graft(s) of the extremities with rest pain, unspecified extremity",45562398,pvd
I70.642,ICD10CM,Atherosclerosis of nonbiological bypass graft(s) of the left leg with ulceration of calf,45562400,pvd
I70.692,ICD10CM,"Other atherosclerosis of nonbiological bypass graft(s) of the extremities, left leg",45591509,pvd
I70.698,ICD10CM,"Other atherosclerosis of nonbiological bypass graft(s) of the extremities, other extremity",45552838,pvd
I70.699,ICD10CM,"Other atherosclerosis of nonbiological bypass graft(s) of the extremities, unspecified extremity",45591510,pvd
I70.1,ICD10CM,Atherosclerosis of renal artery,35207842,pvd
I71.3,ICD10CM,"Abdominal aortic aneurysm, ruptured",35207846,pvd
I70.8,ICD10CM,Atherosclerosis of other arteries,35207843,pvd
I79.0,ICD10CM,Aneurysm of aorta in diseases classified elsewhere,35207881,pvd
I71.8,ICD10CM,"Aortic aneurysm of unspecified site, ruptured",35207850,pvd
I70.203,ICD10CM,"Unspecified atherosclerosis of native arteries of extremities, bilateral legs",45596232,pvd
I70.218,ICD10CM,"Atherosclerosis of native arteries of extremities with intermittent claudication, other extremity",45605829,pvd
I70.243,ICD10CM,Atherosclerosis of native arteries of left leg with ulceration of ankle,45562386,pvd
I70.244,ICD10CM,Atherosclerosis of native arteries of left leg with ulceration of heel and midfoot,45548059,pvd
I70.293,ICD10CM,"Other atherosclerosis of native arteries of extremities, bilateral legs",45552825,pvd
I70.312,ICD10CM,"Atherosclerosis of unspecified type of bypass graft(s) of the extremities with intermittent claudication, left leg",45557571,pvd
I70.368,ICD10CM,"Atherosclerosis of unspecified type of bypass graft(s) of the extremities with gangrene, other extremity",45538424,pvd
I70.399,ICD10CM,"Other atherosclerosis of unspecified type of bypass graft(s) of the extremities, unspecified extremity",45567214,pvd
I70.402,ICD10CM,"Unspecified atherosclerosis of autologous vein bypass graft(s) of the extremities, left leg",45562393,pvd
I70.403,ICD10CM,"Unspecified atherosclerosis of autologous vein bypass graft(s) of the extremities, bilateral legs",45605834,pvd
I70.429,ICD10CM,"Atherosclerosis of autologous vein bypass graft(s) of the extremities with rest pain, unspecified extremity",45581802,pvd
I70.441,ICD10CM,Atherosclerosis of autologous vein bypass graft(s) of the left leg with ulceration of thigh,45596238,pvd
I70.492,ICD10CM,"Other atherosclerosis of autologous vein bypass graft(s) of the extremities, left leg",45552830,pvd
I70.493,ICD10CM,"Other atherosclerosis of autologous vein bypass graft(s) of the extremities, bilateral legs",45601072,pvd
I70.509,ICD10CM,"Unspecified atherosclerosis of nonautologous biological bypass graft(s) of the extremities, unspecified extremity",45572124,pvd
I70.511,ICD10CM,"Atherosclerosis of nonautologous biological bypass graft(s) of the extremities with intermittent claudication, right leg",45538427,pvd
I70.512,ICD10CM,"Atherosclerosis of nonautologous biological bypass graft(s) of the extremities with intermittent claudication, left leg",45543209,pvd
I70.55,ICD10CM,Atherosclerosis of nonautologous biological bypass graft(s) of other extremity with ulceration,45601075,pvd
I70.561,ICD10CM,"Atherosclerosis of nonautologous biological bypass graft(s) of the extremities with gangrene, right leg",45576911,pvd
I70.608,ICD10CM,"Unspecified atherosclerosis of nonbiological bypass graft(s) of the extremities, other extremity",45576912,pvd
I70.609,ICD10CM,"Unspecified atherosclerosis of nonbiological bypass graft(s) of the extremities, unspecified extremity",45596241,pvd
I70.611,ICD10CM,"Atherosclerosis of nonbiological bypass graft(s) of the extremities with intermittent claudication, right leg",45586617,pvd
I70.622,ICD10CM,"Atherosclerosis of nonbiological bypass graft(s) of the extremities with rest pain, left leg",45557585,pvd
I70.633,ICD10CM,Atherosclerosis of nonbiological bypass graft(s) of the right leg with ulceration of ankle,45596243,pvd
I70.645,ICD10CM,Atherosclerosis of nonbiological bypass graft(s) of the left leg with ulceration of other part of foot,45548071,pvd
I70.663,ICD10CM,"Atherosclerosis of nonbiological bypass graft(s) of the extremities with gangrene, bilateral legs",45591508,pvd
I70.728,ICD10CM,"Atherosclerosis of other type of bypass graft(s) of the extremities with rest pain, other extremity",45538436,pvd
I70.735,ICD10CM,Atherosclerosis of other type of bypass graft(s) of the right leg with ulceration of other part of foot,45581807,pvd
I70.748,ICD10CM,Atherosclerosis of other type of bypass graft(s) of the left leg with ulceration of other part of lower leg,45581808,pvd
I70.791,ICD10CM,"Other atherosclerosis of other type of bypass graft(s) of the extremities, right leg",45586623,pvd
I70.798,ICD10CM,"Other atherosclerosis of other type of bypass graft(s) of the extremities, other extremity",45581809,pvd
I71.9,ICD10CM,"Aortic aneurysm of unspecified site, without rupture",35207851,pvd
Z95.811,ICD10CM,Presence of heart assist device,45595565,pvd
I71.01,ICD10CM,Dissection of thoracic aorta,45581812,pvd
I73.1,ICD10CM,Thromboangiitis obliterans [Buerger's disease],35207859,pvd
I70.0,ICD10CM,Atherosclerosis of aorta,35207841,pvd
I71.1,ICD10CM,"Thoracic aortic aneurysm, ruptured",35207844,pvd
I71.02,ICD10CM,Dissection of abdominal aorta,45572129,pvd
I71.03,ICD10CM,Dissection of thoracoabdominal aorta,45567221,pvd
I70.92,ICD10CM,Chronic total occlusion of artery of the extremities,45596247,pvd
I70.209,ICD10CM,"Unspecified atherosclerosis of native arteries of extremities, unspecified extremity",45567207,pvd
I70.212,ICD10CM,"Atherosclerosis of native arteries of extremities with intermittent claudication, left leg",45562385,pvd
I70.213,ICD10CM,"Atherosclerosis of native arteries of extremities with intermittent claudication, bilateral legs",45567208,pvd
I70.223,ICD10CM,"Atherosclerosis of native arteries of extremities with rest pain, bilateral legs",45596234,pvd
I70.268,ICD10CM,"Atherosclerosis of native arteries of extremities with gangrene, other extremity",45567210,pvd
I70.298,ICD10CM,"Other atherosclerosis of native arteries of extremities, other extremity",45552826,pvd
I70.301,ICD10CM,"Unspecified atherosclerosis of unspecified type of bypass graft(s) of the extremities, right leg",45596236,pvd
I70.322,ICD10CM,"Atherosclerosis of unspecified type of bypass graft(s) of the extremities with rest pain, left leg",45576904,pvd
I70.35,ICD10CM,Atherosclerosis of unspecified type of bypass graft(s) of other extremity with ulceration,45557576,pvd
I70.431,ICD10CM,Atherosclerosis of autologous vein bypass graft(s) of the right leg with ulceration of thigh,45567215,pvd
I70.433,ICD10CM,Atherosclerosis of autologous vein bypass graft(s) of the right leg with ulceration of ankle,45548064,pvd
I70.434,ICD10CM,Atherosclerosis of autologous vein bypass graft(s) of the right leg with ulceration of heel and midfoot,45601070,pvd
I70.469,ICD10CM,"Atherosclerosis of autologous vein bypass graft(s) of the extremities with gangrene, unspecified extremity",45533486,pvd
I70.498,ICD10CM,"Other atherosclerosis of autologous vein bypass graft(s) of the extremities, other extremity",45533487,pvd
I70.518,ICD10CM,"Atherosclerosis of nonautologous biological bypass graft(s) of the extremities with intermittent claudication, other extremity",45543210,pvd
I70.521,ICD10CM,"Atherosclerosis of nonautologous biological bypass graft(s) of the extremities with rest pain, right leg",45552833,pvd
I70.535,ICD10CM,Atherosclerosis of nonautologous biological bypass graft(s) of the right leg with ulceration of other part of foot,45557581,pvd
I70.538,ICD10CM,Atherosclerosis of nonautologous biological bypass graft(s) of the right leg with ulceration of other part of lower leg,45567217,pvd
I70.545,ICD10CM,Atherosclerosis of nonautologous biological bypass graft(s) of the left leg with ulceration of other part of foot,45548068,pvd
I70.603,ICD10CM,"Unspecified atherosclerosis of nonbiological bypass graft(s) of the extremities, bilateral legs",45591504,pvd
I70.623,ICD10CM,"Atherosclerosis of nonbiological bypass graft(s) of the extremities with rest pain, bilateral legs",45557586,pvd
I70.639,ICD10CM,Atherosclerosis of nonbiological bypass graft(s) of the right leg with ulceration of unspecified site,45591505,pvd
I70.643,ICD10CM,Atherosclerosis of nonbiological bypass graft(s) of the left leg with ulceration of ankle,45533493,pvd
I70.644,ICD10CM,Atherosclerosis of nonbiological bypass graft(s) of the left leg with ulceration of heel and midfoot,45591506,pvd
I70.648,ICD10CM,Atherosclerosis of nonbiological bypass graft(s) of the left leg with ulceration of other part of lower leg,45601077,pvd
I70.65,ICD10CM,Atherosclerosis of nonbiological bypass graft(s) of other extremity with ulceration,45552837,pvd
I70.693,ICD10CM,"Other atherosclerosis of nonbiological bypass graft(s) of the extremities, bilateral legs",45567220,pvd
I70.708,ICD10CM,"Unspecified atherosclerosis of other type of bypass graft(s) of the extremities, other extremity",45576914,pvd
I70.723,ICD10CM,"Atherosclerosis of other type of bypass graft(s) of the extremities with rest pain, bilateral legs",45586620,pvd
I70.738,ICD10CM,Atherosclerosis of other type of bypass graft(s) of the right leg with ulceration of other part of lower leg,45572127,pvd
I70.742,ICD10CM,Atherosclerosis of other type of bypass graft(s) of the left leg with ulceration of calf,45548074,pvd
I70.744,ICD10CM,Atherosclerosis of other type of bypass graft(s) of the left leg with ulceration of heel and midfoot,45557589,pvd
I70.749,ICD10CM,Atherosclerosis of other type of bypass graft(s) of the left leg with ulceration of unspecified site,45548075,pvd
I70.75,ICD10CM,Atherosclerosis of other type of bypass graft(s) of other extremity with ulceration,45596245,pvd
I70.792,ICD10CM,"Other atherosclerosis of other type of bypass graft(s) of the extremities, left leg",45552843,pvd
I71.6,ICD10CM,"Thoracoabdominal aortic aneurysm, without rupture",35207849,pvd
I10,ICD10CM,Essential (primary) hypertension,35207668,hypunc
I15.9,ICD10CM,"Secondary hypertension, unspecified",35207679,hypc
I11.0,ICD10CM,Hypertensive heart disease with heart failure,35207669,hypc
I15.0,ICD10CM,Renovascular hypertension,35207675,hypc
I15.2,ICD10CM,Hypertension secondary to endocrine disorders,35207677,hypc
I15.8,ICD10CM,Other secondary hypertension,35207678,hypc
I15.1,ICD10CM,Hypertension secondary to other renal disorders,35207676,hypc
I11.9,ICD10CM,Hypertensive heart disease without heart failure,35207670,hypc
I13.10,ICD10CM,"Hypertensive heart and chronic kidney disease without heart failure, with stage 1 through stage 4 chronic kidney disease, or unspecified chronic kidney disease",45543164,hypc
I13.0,ICD10CM,"Hypertensive heart and chronic kidney disease with heart failure and stage 1 through stage 4 chronic kidney disease, or unspecified chronic kidney disease",35207673,hypc
I12.0,ICD10CM,Hypertensive chronic kidney disease with stage 5 chronic kidney disease or end stage renal disease,35207671,hypc
I12.9,ICD10CM,"Hypertensive chronic kidney disease with stage 1 through stage 4 chronic kidney disease, or unspecified chronic kidney disease",35207672,hypc
I13.11,ICD10CM,"Hypertensive heart and chronic kidney disease without heart failure, with stage 5 chronic kidney disease, or end stage renal disease",45596188,hypc
I13.2,ICD10CM,"Hypertensive heart and chronic kidney disease with heart failure and with stage 5 chronic kidney disease, or end stage renal disease",35207674,hypc
G81.00,ICD10CM,Flaccid hemiplegia affecting unspecified side,45605573,para
G82.21,ICD10CM,"Paraplegia, complete",45566903,para
G81.03,ICD10CM,Flaccid hemiplegia affecting right nondominant side,45576609,para
G81.94,ICD10CM,"Hemiplegia, unspecified affecting left nondominant side",45571830,para
G82.51,ICD10CM,"Quadriplegia, C1-C4 complete",45581516,para
G83.21,ICD10CM,Monoplegia of upper limb affecting right dominant side,45591198,para
G83.32,ICD10CM,"Monoplegia, unspecified affecting left dominant side",45538142,para
G83.10,ICD10CM,Monoplegia of lower limb affecting unspecified side,45571831,para
G83.4,ICD10CM,Cauda equina syndrome,35207487,para
G81.13,ICD10CM,Spastic hemiplegia affecting right nondominant side,45538139,para
G83.24,ICD10CM,Monoplegia of upper limb affecting left nondominant side,45562108,para
G83.34,ICD10CM,"Monoplegia, unspecified affecting left nondominant side",45557260,para
G80.1,ICD10CM,Spastic diplegic cerebral palsy,35207480,para
G04.1,ICD10CM,Tropical spastic paraplegia,35207306,para
G82.50,ICD10CM,"Quadriplegia, unspecified",45542907,para
G11.4,ICD10CM,Hereditary spastic paraplegia,35207319,para
G80.2,ICD10CM,Spastic hemiplegic cerebral palsy,35207481,para
G81.14,ICD10CM,Spastic hemiplegia affecting left nondominant side,45566902,para
G82.52,ICD10CM,"Quadriplegia, C1-C4 incomplete",45600809,para
G83.31,ICD10CM,"Monoplegia, unspecified affecting right dominant side",45566905,para
G81.12,ICD10CM,Spastic hemiplegia affecting left dominant side,45538138,para
G81.10,ICD10CM,Spastic hemiplegia affecting unspecified side,45557257,para
G83.20,ICD10CM,Monoplegia of upper limb affecting unspecified side,45542910,para
G81.90,ICD10CM,"Hemiplegia, unspecified affecting unspecified side",45542906,para
G81.02,ICD10CM,Flaccid hemiplegia affecting left dominant side,45571828,para
G81.04,ICD10CM,Flaccid hemiplegia affecting left nondominant side,45562105,para
G81.11,ICD10CM,Spastic hemiplegia affecting right dominant side,45586315,para
G81.92,ICD10CM,"Hemiplegia, unspecified affecting left dominant side",45571829,para
G83.11,ICD10CM,Monoplegia of lower limb affecting right dominant side,45533169,para
G83.12,ICD10CM,Monoplegia of lower limb affecting left dominant side,45576612,para
G83.23,ICD10CM,Monoplegia of upper limb affecting right nondominant side,45557258,para
G83.30,ICD10CM,"Monoplegia, unspecified affecting unspecified side",45571832,para
G83.33,ICD10CM,"Monoplegia, unspecified affecting right nondominant side",45533170,para
G82.20,ICD10CM,"Paraplegia, unspecified",45581515,para
G83.0,ICD10CM,Diplegia of upper limbs,35207486,para
G81.01,ICD10CM,Flaccid hemiplegia affecting right dominant side,45600806,para
G82.53,ICD10CM,"Quadriplegia, C5-C7 complete",45595962,para
G82.54,ICD10CM,"Quadriplegia, C5-C7 incomplete",45547760,para
G81.93,ICD10CM,"Hemiplegia, unspecified affecting right nondominant side",45600807,para
G83.13,ICD10CM,Monoplegia of lower limb affecting right nondominant side,45600810,para
G83.9,ICD10CM,"Paralytic syndrome, unspecified",35207488,para
G82.22,ICD10CM,"Paraplegia, incomplete",45586316,para
G81.91,ICD10CM,"Hemiplegia, unspecified affecting right dominant side",45538140,para
G83.14,ICD10CM,Monoplegia of lower limb affecting left nondominant side,45542909,para
G83.22,ICD10CM,Monoplegia of upper limb affecting left dominant side,45552549,para
G37.8,ICD10CM,Other specified demyelinating diseases of central nervous system,35207376,ond
G32.89,ICD10CM,Other specified degenerative disorders of nervous system in diseases classified elsewhere,45562081,ond
G11.3,ICD10CM,Cerebellar ataxia with defective DNA repair,35207318,ond
G13.1,ICD10CM,Other systemic atrophy primarily affecting central nervous system in neoplastic disease,35207327,ond
G13.8,ICD10CM,Systemic atrophy primarily affecting central nervous system in other diseases classified elsewhere,35207328,ond
R47.02,ICD10CM,Dysphasia,45553739,ond
G40.109,ICD10CM,"Localization-related (focal) (partial) symptomatic epilepsy and epileptic syndromes with simple partial seizures, not intractable, without status epilepticus",45591171,ond
G40.211,ICD10CM,"Localization-related (focal) (partial) symptomatic epilepsy and epileptic syndromes with complex partial seizures, intractable, with status epilepticus",45576574,ond
G40.A11,ICD10CM,"Absence epileptic syndrome, intractable, with status epilepticus",45605541,ond
G12.0,ICD10CM,"Infantile spinal muscular atrophy, type I [Werdnig-Hoffman]",35207322,ond
G25.5,ICD10CM,Other chorea,35207353,ond
G31.85,ICD10CM,Corticobasal degeneration,45562080,ond
G25.4,ICD10CM,Drug-induced chorea,35207352,ond
G12.1,ICD10CM,Other inherited spinal muscular atrophy,35207323,ond
G31.2,ICD10CM,Degeneration of nervous system due to alcohol,35207361,ond
G37.0,ICD10CM,Diffuse sclerosis of central nervous system,35207370,ond
G37.4,ICD10CM,Subacute necrotizing myelitis of central nervous system,35207374,ond
G40.001,ICD10CM,"Localization-related (focal) (partial) idiopathic epilepsy and epileptic syndromes with seizures of localized onset, not intractable, with status epilepticus",45576572,ond
G40.019,ICD10CM,"Localization-related (focal) (partial) idiopathic epilepsy and epileptic syndromes with seizures of localized onset, intractable, without status epilepticus",45605539,ond
G40.419,ICD10CM,"Other generalized epilepsy and epileptic syndromes, intractable, without status epilepticus",45595937,ond
G40.901,ICD10CM,"Epilepsy, unspecified, not intractable, with status epilepticus",45538107,ond
G40.802,ICD10CM,"Other epilepsy, not intractable, without status epilepticus",45600779,ond
G40.803,ICD10CM,"Other epilepsy, intractable, with status epilepticus",45566870,ond
G40.824,ICD10CM,"Epileptic spasms, intractable, without status epilepticus",45600781,ond
G40.A09,ICD10CM,"Absence epileptic syndrome, not intractable, without status epilepticus",45557234,ond
G40.B01,ICD10CM,"Juvenile myoclonic epilepsy, not intractable, with status epilepticus",45566872,ond
G21.9,ICD10CM,"Secondary parkinsonism, unspecified",35207335,ond
G11.4,ICD10CM,Hereditary spastic paraplegia,35207319,ond
G93.40,ICD10CM,"Encephalopathy, unspecified",45571836,ond
G32.0,ICD10CM,Subacute combined degeneration of spinal cord in diseases classified elsewhere,35207363,ond
G37.1,ICD10CM,Central demyelination of corpus callosum,35207371,ond
G13.2,ICD10CM,Systemic atrophy primarily affecting the central nervous system in myxedema,1568283,ond
G40.009,ICD10CM,"Localization-related (focal) (partial) idiopathic epilepsy and epileptic syndromes with seizures of localized onset, not intractable, without status epilepticus",45605537,ond
G40.401,ICD10CM,"Other generalized epilepsy and epileptic syndromes, not intractable, with status epilepticus",45600778,ond
G40.409,ICD10CM,"Other generalized epilepsy and epileptic syndromes, not intractable, without status epilepticus",45542881,ond
G40.909,ICD10CM,"Epilepsy, unspecified, not intractable, without status epilepticus",45571800,ond
G40.911,ICD10CM,"Epilepsy, unspecified, intractable, with status epilepticus",45542885,ond
G40.813,ICD10CM,"Lennox-Gastaut syndrome, intractable, with status epilepticus",45566871,ond
G40.42,ICD10CM,Cyclin-Dependent Kinase-Like 5 Deficiency Disorder,725299,ond
G31.82,ICD10CM,Leigh's disease,45586282,ond
G20,ICD10CM,Parkinson's disease,35207329,ond
G12.20,ICD10CM,"Motor neuron disease, unspecified",45595928,ond
R56.00,ICD10CM,Simple febrile convulsions,45577799,ond
G12.23,ICD10CM,Primary lateral sclerosis,1326507,ond
G37.2,ICD10CM,Central pontine myelinolysis,35207372,ond
G32.81,ICD10CM,Cerebellar ataxia in diseases classified elsewhere,45605535,ond
G31.89,ICD10CM,Other specified degenerative diseases of nervous system,45600775,ond
G21.2,ICD10CM,Secondary parkinsonism due to other external agents,35207331,ond
R56.1,ICD10CM,Post traumatic seizures,45577800,ond
G40.804,ICD10CM,"Other epilepsy, intractable, without status epilepticus",45542884,ond
G40.B19,ICD10CM,"Juvenile myoclonic epilepsy, intractable, without status epilepticus",45605542,ond
G12.22,ICD10CM,Progressive bulbar palsy,45552513,ond
G21.11,ICD10CM,Neuroleptic induced parkinsonism,45566862,ond
G11.2,ICD10CM,Late-onset cerebellar ataxia,35207317,ond
G11.8,ICD10CM,Other hereditary ataxias,35207320,ond
G36.9,ICD10CM,"Acute disseminated demyelination, unspecified",35207369,ond
G31.9,ICD10CM,"Degenerative disease of nervous system, unspecified",35207362,ond
G37.5,ICD10CM,Concentric sclerosis [Balo] of central nervous system,35207375,ond
G40.119,ICD10CM,"Localization-related (focal) (partial) symptomatic epilepsy and epileptic syndromes with simple partial seizures, intractable, without status epilepticus",45557228,ond
G40.219,ICD10CM,"Localization-related (focal) (partial) symptomatic epilepsy and epileptic syndromes with complex partial seizures, intractable, without status epilepticus",45595936,ond
G40.89,ICD10CM,Other seizures,45600782,ond
G40.509,ICD10CM,"Epileptic seizures related to external causes, not intractable, without status epilepticus",45605540,ond
G40.811,ICD10CM,"Lennox-Gastaut syndrome, not intractable, with status epilepticus",45591175,ond
G40.822,ICD10CM,"Epileptic spasms, not intractable, without status epilepticus",45552524,ond
G40.B11,ICD10CM,"Juvenile myoclonic epilepsy, intractable, with status epilepticus",45581490,ond
G31.84,ICD10CM,Mild cognitive impairment of uncertain or unknown etiology,45595932,ond
G11.9,ICD10CM,"Hereditary ataxia, unspecified",35207321,ond
G37.9,ICD10CM,"Demyelinating disease of central nervous system, unspecified",35207377,ond
G12.9,ICD10CM,"Spinal muscular atrophy, unspecified",35207325,ond
G36.0,ICD10CM,Neuromyelitis optica [Devic],35207366,ond
G12.29,ICD10CM,Other motor neuron disease,45591161,ond
G31.81,ICD10CM,Alpers disease,45605534,ond
G21.4,ICD10CM,Vascular parkinsonism,35207333,ond
G21.8,ICD10CM,Other secondary parkinsonism,35207334,ond
G93.1,ICD10CM,"Anoxic brain damage, not elsewhere classified",35207503,ond
G40.111,ICD10CM,"Localization-related (focal) (partial) symptomatic epilepsy and epileptic syndromes with simple partial seizures, intractable, with status epilepticus",45586283,ond
G40.201,ICD10CM,"Localization-related (focal) (partial) symptomatic epilepsy and epileptic syndromes with complex partial seizures, not intractable, with status epilepticus",45533135,ond
G40.301,ICD10CM,"Generalized idiopathic epilepsy and epileptic syndromes, not intractable, with status epilepticus",45557229,ond
G40.311,ICD10CM,"Generalized idiopathic epilepsy and epileptic syndromes, intractable, with status epilepticus",45581487,ond
G40.411,ICD10CM,"Other generalized epilepsy and epileptic syndromes, intractable, with status epilepticus",45591173,ond
G40.801,ICD10CM,"Other epilepsy, not intractable, with status epilepticus",45586286,ond
G40.919,ICD10CM,"Epilepsy, unspecified, intractable, without status epilepticus",45600783,ond
G40.501,ICD10CM,"Epileptic seizures related to external causes, not intractable, with status epilepticus",45542882,ond
G40.A19,ICD10CM,"Absence epileptic syndrome, intractable, without status epilepticus",45571801,ond
G40.B09,ICD10CM,"Juvenile myoclonic epilepsy, not intractable, without status epilepticus",45586287,ond
G11.19,ICD10CM,Other early-onset cerebellar ataxia,725298,ond
G12.21,ICD10CM,Amyotrophic lateral sclerosis,45571788,ond
R47.01,ICD10CM,Aphasia,45563310,ond
G11.11,ICD10CM,Friedreich ataxia,725297,ond
G10,ICD10CM,Huntington's disease,35207314,ond
G35,ICD10CM,Multiple sclerosis,35207365,ond
G12.24,ICD10CM,Familial motor neuron disease,1326508,ond
G12.8,ICD10CM,Other spinal muscular atrophies and related syndromes,35207324,ond
G13.0,ICD10CM,Paraneoplastic neuromyopathy and neuropathy,35207326,ond
G40.309,ICD10CM,"Generalized idiopathic epilepsy and epileptic syndromes, not intractable, without status epilepticus",45571798,ond
G40.823,ICD10CM,"Epileptic spasms, intractable, with status epilepticus",45581489,ond
G40.A01,ICD10CM,"Absence epileptic syndrome, not intractable, with status epilepticus",45547731,ond
G93.41,ICD10CM,Metabolic encephalopathy,45538147,ond
G21.0,ICD10CM,Malignant neuroleptic syndrome,35207330,ond
G21.3,ICD10CM,Postencephalitic parkinsonism,35207332,ond
G36.1,ICD10CM,Acute and subacute hemorrhagic leukoencephalitis [Hurst],35207367,ond
G11.0,ICD10CM,Congenital nonprogressive ataxia,35207315,ond
G21.19,ICD10CM,Other drug induced secondary parkinsonism,45581482,ond
G36.8,ICD10CM,Other specified acute disseminated demyelination,35207368,ond
G37.3,ICD10CM,Acute transverse myelitis in demyelinating disease of central nervous system,35207373,ond
R56.01,ICD10CM,Complex febrile convulsions,45568142,ond
G93.49,ICD10CM,Other encephalopathy,45566910,ond
G40.011,ICD10CM,"Localization-related (focal) (partial) idiopathic epilepsy and epileptic syndromes with seizures of localized onset, intractable, with status epilepticus",45605538,ond
G40.101,ICD10CM,"Localization-related (focal) (partial) symptomatic epilepsy and epileptic syndromes with simple partial seizures, not intractable, with status epilepticus",45538105,ond
G40.209,ICD10CM,"Localization-related (focal) (partial) symptomatic epilepsy and epileptic syndromes with complex partial seizures, not intractable, without status epilepticus",45576573,ond
G40.319,ICD10CM,"Generalized idiopathic epilepsy and epileptic syndromes, intractable, without status epilepticus",45557230,ond
G40.812,ICD10CM,"Lennox-Gastaut syndrome, not intractable, without status epilepticus",45557233,ond
G40.814,ICD10CM,"Lennox-Gastaut syndrome, intractable, without status epilepticus",45571799,ond
G40.821,ICD10CM,"Epileptic spasms, not intractable, with status epilepticus",45595938,ond
R56.9,ICD10CM,Unspecified convulsions,45558476,ond
G12.25,ICD10CM,Progressive spinal muscle atrophy,1326509,ond
G40.833,ICD10CM,"Dravet syndrome, intractable, with status epilepticus",725301,ond
G40.834,ICD10CM,"Dravet syndrome, intractable, without status epilepticus",725302,ond
G31.83,ICD10CM,Neurocognitive disorder with Lewy bodies,45547730,ond
G11.10,ICD10CM,"Early-onset cerebellar ataxia, unspecified",725296,ond
J63.2,ICD10CM,Berylliosis,35208032,cpd
J67.2,ICD10CM,Bird fancier's lung,35208044,cpd
J42,ICD10CM,Unspecified chronic bronchitis,35208017,cpd
J67.8,ICD10CM,Hypersensitivity pneumonitis due to other organic dusts,35208050,cpd
J67.9,ICD10CM,Hypersensitivity pneumonitis due to unspecified organic dust,35208051,cpd
J43.0,ICD10CM,Unilateral pulmonary emphysema [MacLeod's syndrome],35208018,cpd
J45.42,ICD10CM,Moderate persistent asthma with status asthmaticus,45557626,cpd
J60,ICD10CM,Coalworker's pneumoconiosis,35208026,cpd
J44.9,ICD10CM,"Chronic obstructive pulmonary disease, unspecified",35208025,cpd
J41.0,ICD10CM,Simple chronic bronchitis,35208014,cpd
J67.7,ICD10CM,Air conditioner and humidifier lung,35208049,cpd
J62.8,ICD10CM,Pneumoconiosis due to other dust containing silica,35208029,cpd
J68.4,ICD10CM,"Chronic respiratory conditions due to chemicals, gases, fumes and vapors",35208056,cpd
I27.82,ICD10CM,Chronic pulmonary embolism,45533441,cpd
I27.81,ICD10CM,Cor pulmonale (chronic),45601029,cpd
J45.20,ICD10CM,"Mild intermittent asthma, uncomplicated",45548116,cpd
J45.901,ICD10CM,Unspecified asthma with (acute) exacerbation,45601134,cpd
J66.0,ICD10CM,Byssinosis,35208038,cpd
J67.0,ICD10CM,Farmer's lung,35208042,cpd
J43.9,ICD10CM,"Emphysema, unspecified",35208022,cpd
J70.1,ICD10CM,Chronic and other pulmonary manifestations due to radiation,35208063,cpd
J63.6,ICD10CM,Pneumoconiosis due to other specified inorganic dusts,45586677,cpd
J66.8,ICD10CM,Airway disease due to other specific organic dusts,35208041,cpd
J45.41,ICD10CM,Moderate persistent asthma with (acute) exacerbation,45543269,cpd
J47.0,ICD10CM,Bronchiectasis with acute lower respiratory infection,45562458,cpd
I27.9,ICD10CM,"Pulmonary heart disease, unspecified",35207710,cpd
J67.3,ICD10CM,Suberosis,35208045,cpd
J67.4,ICD10CM,Maltworker's lung,35208046,cpd
J43.1,ICD10CM,Panlobular emphysema,35208019,cpd
J63.1,ICD10CM,Bauxite fibrosis (of lung),35208031,cpd
J63.5,ICD10CM,Stannosis,35208035,cpd
J44.1,ICD10CM,Chronic obstructive pulmonary disease with (acute) exacerbation,35208024,cpd
J70.3,ICD10CM,Chronic drug-induced interstitial lung disorders,35208065,cpd
J45.21,ICD10CM,Mild intermittent asthma with (acute) exacerbation,45572169,cpd
J45.22,ICD10CM,Mild intermittent asthma with status asthmaticus,45572170,cpd
J45.30,ICD10CM,"Mild persistent asthma, uncomplicated",45576951,cpd
J45.32,ICD10CM,Mild persistent asthma with status asthmaticus,45576952,cpd
J66.2,ICD10CM,Cannabinosis,35208040,cpd
I27.83,ICD10CM,Eisenmenger's syndrome,1326598,cpd
J41.1,ICD10CM,Mucopurulent chronic bronchitis,35208015,cpd
J62.0,ICD10CM,Pneumoconiosis due to talc dust,35208028,cpd
J63.3,ICD10CM,Graphite fibrosis (of lung),35208033,cpd
J63.0,ICD10CM,Aluminosis (of lung),35208030,cpd
I27.89,ICD10CM,Other specified pulmonary heart diseases,45533442,cpd
J65,ICD10CM,Pneumoconiosis associated with tuberculosis,35208037,cpd
J45.991,ICD10CM,Cough variant asthma,45586675,cpd
J47.9,ICD10CM,"Bronchiectasis, uncomplicated",45562459,cpd
J67.1,ICD10CM,Bagassosis,35208043,cpd
J64,ICD10CM,Unspecified pneumoconiosis,35208036,cpd
J63.4,ICD10CM,Siderosis,35208034,cpd
J43.2,ICD10CM,Centrilobular emphysema,35208020,cpd
J41.8,ICD10CM,Mixed simple and mucopurulent chronic bronchitis,35208016,cpd
J44.0,ICD10CM,Chronic obstructive pulmonary disease with (acute) lower respiratory infection,35208023,cpd
J45.31,ICD10CM,Mild persistent asthma with (acute) exacerbation,45548117,cpd
J45.40,ICD10CM,"Moderate persistent asthma, uncomplicated",45601133,cpd
J45.902,ICD10CM,Unspecified asthma with status asthmaticus,45543270,cpd
J45.998,ICD10CM,Other asthma,45572171,cpd
J45.990,ICD10CM,Exercise induced bronchospasm,45586674,cpd
J61,ICD10CM,Pneumoconiosis due to asbestos and other mineral fibers,35208027,cpd
J66.1,ICD10CM,Flax-dressers' disease,35208039,cpd
J45.52,ICD10CM,Severe persistent asthma with status asthmaticus,45581860,cpd
J40,ICD10CM,"Bronchitis, not specified as acute or chronic",35208013,cpd
J43.8,ICD10CM,Other emphysema,35208021,cpd
J67.5,ICD10CM,Mushroom-worker's lung,35208047,cpd
J67.6,ICD10CM,Maple-bark-stripper's lung,35208048,cpd
J45.50,ICD10CM,"Severe persistent asthma, uncomplicated",45567265,cpd
J45.51,ICD10CM,Severe persistent asthma with (acute) exacerbation,45567266,cpd
J45.909,ICD10CM,"Unspecified asthma, uncomplicated",45562457,cpd
J47.1,ICD10CM,Bronchiectasis with (acute) exacerbation,45572172,cpd
E11.11,ICD10CM,Type 2 diabetes mellitus with ketoacidosis with coma,1326493,diabunc
E13.11,ICD10CM,Other specified diabetes mellitus with ketoacidosis with coma,45576446,diabunc
E13.10,ICD10CM,Other specified diabetes mellitus with ketoacidosis without coma,45566733,diabunc
E13.9,ICD10CM,Other specified diabetes mellitus without complications,35206885,diabunc
E11.00,ICD10CM,Type 2 diabetes mellitus with hyperosmolarity without nonketotic hyperglycemic-hyperosmolar coma (NKHHC),45542738,diabunc
E11.01,ICD10CM,Type 2 diabetes mellitus with hyperosmolarity with coma,45586139,diabunc
E10.9,ICD10CM,Type 1 diabetes mellitus without complications,35206879,diabunc
E11.10,ICD10CM,Type 2 diabetes mellitus with ketoacidosis without coma,1326492,diabunc
E13.01,ICD10CM,Other specified diabetes mellitus with hyperosmolarity with coma,45561954,diabunc
E11.9,ICD10CM,Type 2 diabetes mellitus without complications,35206882,diabunc
E10.10,ICD10CM,Type 1 diabetes mellitus with ketoacidosis without coma,45600636,diabunc
E10.11,ICD10CM,Type 1 diabetes mellitus with ketoacidosis with coma,45557110,diabunc
E13.00,ICD10CM,Other specified diabetes mellitus with hyperosmolarity without nonketotic hyperglycemic-hyperosmolar coma (NKHHC),45561953,diabunc
E13.8,ICD10CM,Other specified diabetes mellitus with unspecified complications,35206884,diabc
E10.41,ICD10CM,Type 1 diabetes mellitus with diabetic mononeuropathy,45576439,diabc
E11.21,ICD10CM,Type 2 diabetes mellitus with diabetic nephropathy,45591027,diabc
E10.40,ICD10CM,"Type 1 diabetes mellitus with diabetic neuropathy, unspecified",45600638,diabc
E10.51,ICD10CM,Type 1 diabetes mellitus with diabetic peripheral angiopathy without gangrene,45547622,diabc
E10.59,ICD10CM,Type 1 diabetes mellitus with other circulatory complications,45581349,diabc
E11.39,ICD10CM,Type 2 diabetes mellitus with other diabetic ophthalmic complication,45533019,diabc
E11.52,ICD10CM,Type 2 diabetes mellitus with diabetic peripheral angiopathy with gangrene,45533022,diabc
E11.618,ICD10CM,Type 2 diabetes mellitus with other diabetic arthropathy,45586140,diabc
E11.621,ICD10CM,Type 2 diabetes mellitus with foot ulcer,45581355,diabc
E13.641,ICD10CM,Other specified diabetes mellitus with hypoglycemia with coma,45561958,diabc
E13.649,ICD10CM,Other specified diabetes mellitus with hypoglycemia without coma,45533024,diabc
E13.65,ICD10CM,Other specified diabetes mellitus with hyperglycemia,45595805,diabc
E10.3291,ICD10CM,"Type 1 diabetes mellitus with mild nonproliferative diabetic retinopathy without macular edema, right eye",37200145,diabc
E10.3499,ICD10CM,"Type 1 diabetes mellitus with severe nonproliferative diabetic retinopathy without macular edema, unspecified eye",37200164,diabc
E10.3523,ICD10CM,"Type 1 diabetes mellitus with proliferative diabetic retinopathy with traction retinal detachment involving the macula, bilateral",37200172,diabc
E10.3529,ICD10CM,"Type 1 diabetes mellitus with proliferative diabetic retinopathy with traction retinal detachment involving the macula, unspecified eye",37200173,diabc
E10.3541,ICD10CM,"Type 1 diabetes mellitus with proliferative diabetic retinopathy with combined traction retinal detachment and rhegmatogenous retinal detachment, right eye",37200180,diabc
E10.3593,ICD10CM,"Type 1 diabetes mellitus with proliferative diabetic retinopathy without macular edema, bilateral",37200191,diabc
E10.37X9,ICD10CM,"Type 1 diabetes mellitus with diabetic macular edema, resolved following treatment, unspecified eye",37200197,diabc
E11.3213,ICD10CM,"Type 2 diabetes mellitus with mild nonproliferative diabetic retinopathy with macular edema, bilateral",37200200,diabc
E11.3319,ICD10CM,"Type 2 diabetes mellitus with moderate nonproliferative diabetic retinopathy with macular edema, unspecified eye",37200209,diabc
E11.3391,ICD10CM,"Type 2 diabetes mellitus with moderate nonproliferative diabetic retinopathy without macular edema, right eye",37200210,diabc
E11.3521,ICD10CM,"Type 2 diabetes mellitus with proliferative diabetic retinopathy with traction retinal detachment involving the macula, right eye",37200227,diabc
E11.3531,ICD10CM,"Type 2 diabetes mellitus with proliferative diabetic retinopathy with traction retinal detachment not involving the macula, right eye",37200232,diabc
E11.3532,ICD10CM,"Type 2 diabetes mellitus with proliferative diabetic retinopathy with traction retinal detachment not involving the macula, left eye",37200233,diabc
E11.3539,ICD10CM,"Type 2 diabetes mellitus with proliferative diabetic retinopathy with traction retinal detachment not involving the macula, unspecified eye",37200235,diabc
E11.3549,ICD10CM,"Type 2 diabetes mellitus with proliferative diabetic retinopathy with combined traction retinal detachment and rhegmatogenous retinal detachment, unspecified eye",37200240,diabc
E11.37X3,ICD10CM,"Type 2 diabetes mellitus with diabetic macular edema, resolved following treatment, bilateral",37200253,diabc
E13.3312,ICD10CM,"Other specified diabetes mellitus with moderate nonproliferative diabetic retinopathy with macular edema, left eye",37200264,diabc
E13.3313,ICD10CM,"Other specified diabetes mellitus with moderate nonproliferative diabetic retinopathy with macular edema, bilateral",37200265,diabc
E13.3319,ICD10CM,"Other specified diabetes mellitus with moderate nonproliferative diabetic retinopathy with macular edema, unspecified eye",37200266,diabc
E13.3519,ICD10CM,"Other specified diabetes mellitus with proliferative diabetic retinopathy with macular edema, unspecified eye",37200282,diabc
E13.3521,ICD10CM,"Other specified diabetes mellitus with proliferative diabetic retinopathy with traction retinal detachment involving the macula, right eye",37200284,diabc
E13.3592,ICD10CM,"Other specified diabetes mellitus with proliferative diabetic retinopathy without macular edema, left eye",37200304,diabc
E13.3593,ICD10CM,"Other specified diabetes mellitus with proliferative diabetic retinopathy without macular edema, bilateral",37200305,diabc
E11.41,ICD10CM,Type 2 diabetes mellitus with diabetic mononeuropathy,45547625,diabc
E10.311,ICD10CM,Type 1 diabetes mellitus with unspecified diabetic retinopathy with macular edema,45552381,diabc
E10.319,ICD10CM,Type 1 diabetes mellitus with unspecified diabetic retinopathy without macular edema,45542736,diabc
E11.40,ICD10CM,"Type 2 diabetes mellitus with diabetic neuropathy, unspecified",45605403,diabc
E11.51,ICD10CM,Type 2 diabetes mellitus with diabetic peripheral angiopathy without gangrene,45533021,diabc
E11.630,ICD10CM,Type 2 diabetes mellitus with periodontal disease,45533023,diabc
E13.43,ICD10CM,Other specified diabetes mellitus with diabetic autonomic (poly)neuropathy,45595804,diabc
E13.44,ICD10CM,Other specified diabetes mellitus with diabetic amyotrophy,45576448,diabc
E13.51,ICD10CM,Other specified diabetes mellitus with diabetic peripheral angiopathy without gangrene,45571661,diabc
E13.610,ICD10CM,Other specified diabetes mellitus with diabetic neuropathic arthropathy,45586144,diabc
E13.620,ICD10CM,Other specified diabetes mellitus with diabetic dermatitis,45586145,diabc
E10.3213,ICD10CM,"Type 1 diabetes mellitus with mild nonproliferative diabetic retinopathy with macular edema, bilateral",37200143,diabc
E10.3391,ICD10CM,"Type 1 diabetes mellitus with moderate nonproliferative diabetic retinopathy without macular edema, right eye",37200153,diabc
E10.3419,ICD10CM,"Type 1 diabetes mellitus with severe nonproliferative diabetic retinopathy with macular edema, unspecified eye",37200160,diabc
E10.3493,ICD10CM,"Type 1 diabetes mellitus with severe nonproliferative diabetic retinopathy without macular edema, bilateral",37200163,diabc
E10.3531,ICD10CM,"Type 1 diabetes mellitus with proliferative diabetic retinopathy with traction retinal detachment not involving the macula, right eye",37200175,diabc
E10.3539,ICD10CM,"Type 1 diabetes mellitus with proliferative diabetic retinopathy with traction retinal detachment not involving the macula, unspecified eye",37200178,diabc
E10.3543,ICD10CM,"Type 1 diabetes mellitus with proliferative diabetic retinopathy with combined traction retinal detachment and rhegmatogenous retinal detachment, bilateral",37200182,diabc
E10.3553,ICD10CM,"Type 1 diabetes mellitus with stable proliferative diabetic retinopathy, bilateral",37200187,diabc
E10.37X1,ICD10CM,"Type 1 diabetes mellitus with diabetic macular edema, resolved following treatment, right eye",37200194,diabc
E11.3212,ICD10CM,"Type 2 diabetes mellitus with mild nonproliferative diabetic retinopathy with macular edema, left eye",37200199,diabc
E11.3393,ICD10CM,"Type 2 diabetes mellitus with moderate nonproliferative diabetic retinopathy without macular edema, bilateral",37200212,diabc
E11.3411,ICD10CM,"Type 2 diabetes mellitus with severe nonproliferative diabetic retinopathy with macular edema, right eye",37200214,diabc
E11.3413,ICD10CM,"Type 2 diabetes mellitus with severe nonproliferative diabetic retinopathy with macular edema, bilateral",37200216,diabc
E11.3493,ICD10CM,"Type 2 diabetes mellitus with severe nonproliferative diabetic retinopathy without macular edema, bilateral",37200220,diabc
E11.3522,ICD10CM,"Type 2 diabetes mellitus with proliferative diabetic retinopathy with traction retinal detachment involving the macula, left eye",37200228,diabc
E11.3529,ICD10CM,"Type 2 diabetes mellitus with proliferative diabetic retinopathy with traction retinal detachment involving the macula, unspecified eye",37200230,diabc
E13.3311,ICD10CM,"Other specified diabetes mellitus with moderate nonproliferative diabetic retinopathy with macular edema, right eye",37200263,diabc
E13.3393,ICD10CM,"Other specified diabetes mellitus with moderate nonproliferative diabetic retinopathy without macular edema, bilateral",37200269,diabc
E13.3413,ICD10CM,"Other specified diabetes mellitus with severe nonproliferative diabetic retinopathy with macular edema, bilateral",37200273,diabc
E13.3512,ICD10CM,"Other specified diabetes mellitus with proliferative diabetic retinopathy with macular edema, left eye",37200280,diabc
E13.3513,ICD10CM,"Other specified diabetes mellitus with proliferative diabetic retinopathy with macular edema, bilateral",37200281,diabc
E10.8,ICD10CM,Type 1 diabetes mellitus with unspecified complications,35206878,diabc
E10.22,ICD10CM,Type 1 diabetes mellitus with diabetic chronic kidney disease,45547621,diabc
E10.622,ICD10CM,Type 1 diabetes mellitus with other skin ulcer,45581350,diabc
E10.649,ICD10CM,Type 1 diabetes mellitus with hypoglycemia without coma,45600640,diabc
E11.610,ICD10CM,Type 2 diabetes mellitus with diabetic neuropathic arthropathy,45600641,diabc
E11.641,ICD10CM,Type 2 diabetes mellitus with hypoglycemia with coma,45561949,diabc
E13.22,ICD10CM,Other specified diabetes mellitus with diabetic chronic kidney disease,45561955,diabc
E13.29,ICD10CM,Other specified diabetes mellitus with other diabetic kidney complication,45552388,diabc
E13.628,ICD10CM,Other specified diabetes mellitus with other skin complications,45571662,diabc
E10.3311,ICD10CM,"Type 1 diabetes mellitus with moderate nonproliferative diabetic retinopathy with macular edema, right eye",37200149,diabc
E10.3411,ICD10CM,"Type 1 diabetes mellitus with severe nonproliferative diabetic retinopathy with macular edema, right eye",37200157,diabc
E10.3533,ICD10CM,"Type 1 diabetes mellitus with proliferative diabetic retinopathy with traction retinal detachment not involving the macula, bilateral",37200177,diabc
E10.3542,ICD10CM,"Type 1 diabetes mellitus with proliferative diabetic retinopathy with combined traction retinal detachment and rhegmatogenous retinal detachment, left eye",37200181,diabc
E10.37X3,ICD10CM,"Type 1 diabetes mellitus with diabetic macular edema, resolved following treatment, bilateral",37200196,diabc
E11.3299,ICD10CM,"Type 2 diabetes mellitus with mild nonproliferative diabetic retinopathy without macular edema, unspecified eye",37200205,diabc
E11.3313,ICD10CM,"Type 2 diabetes mellitus with moderate nonproliferative diabetic retinopathy with macular edema, bilateral",37200208,diabc
E11.3491,ICD10CM,"Type 2 diabetes mellitus with severe nonproliferative diabetic retinopathy without macular edema, right eye",37200218,diabc
E11.3533,ICD10CM,"Type 2 diabetes mellitus with proliferative diabetic retinopathy with traction retinal detachment not involving the macula, bilateral",37200234,diabc
E11.3541,ICD10CM,"Type 2 diabetes mellitus with proliferative diabetic retinopathy with combined traction retinal detachment and rhegmatogenous retinal detachment, right eye",37200237,diabc
E11.3559,ICD10CM,"Type 2 diabetes mellitus with stable proliferative diabetic retinopathy, unspecified eye",37200245,diabc
E11.3593,ICD10CM,"Type 2 diabetes mellitus with proliferative diabetic retinopathy without macular edema, bilateral",37200248,diabc
E11.37X2,ICD10CM,"Type 2 diabetes mellitus with diabetic macular edema, resolved following treatment, left eye",37200252,diabc
E13.3211,ICD10CM,"Other specified diabetes mellitus with mild nonproliferative diabetic retinopathy with macular edema, right eye",37200255,diabc
E13.3299,ICD10CM,"Other specified diabetes mellitus with mild nonproliferative diabetic retinopathy without macular edema, unspecified eye",37200262,diabc
E13.3529,ICD10CM,"Other specified diabetes mellitus with proliferative diabetic retinopathy with traction retinal detachment involving the macula, unspecified eye",37200287,diabc
E13.3532,ICD10CM,"Other specified diabetes mellitus with proliferative diabetic retinopathy with traction retinal detachment not involving the macula, left eye",37200290,diabc
E13.3543,ICD10CM,"Other specified diabetes mellitus with proliferative diabetic retinopathy with combined traction retinal detachment and rhegmatogenous retinal detachment, bilateral",37200296,diabc
E13.3599,ICD10CM,"Other specified diabetes mellitus with proliferative diabetic retinopathy without macular edema, unspecified eye",37200306,diabc
E13.37X3,ICD10CM,"Other specified diabetes mellitus with diabetic macular edema, resolved following treatment, bilateral",37200310,diabc
E10.36,ICD10CM,Type 1 diabetes mellitus with diabetic cataract,45552382,diabc
E10.42,ICD10CM,Type 1 diabetes mellitus with diabetic polyneuropathy,45595795,diabc
E13.36,ICD10CM,Other specified diabetes mellitus with diabetic cataract,45566734,diabc
E13.42,ICD10CM,Other specified diabetes mellitus with diabetic polyneuropathy,45566735,diabc
E11.8,ICD10CM,Type 2 diabetes mellitus with unspecified complications,35206881,diabc
E10.39,ICD10CM,Type 1 diabetes mellitus with other diabetic ophthalmic complication,45576438,diabc
E10.43,ICD10CM,Type 1 diabetes mellitus with diabetic autonomic (poly)neuropathy,45533017,diabc
E10.610,ICD10CM,Type 1 diabetes mellitus with diabetic neuropathic arthropathy,45576440,diabc
E10.618,ICD10CM,Type 1 diabetes mellitus with other diabetic arthropathy,45537960,diabc
E10.628,ICD10CM,Type 1 diabetes mellitus with other skin complications,45566729,diabc
E11.59,ICD10CM,Type 2 diabetes mellitus with other circulatory complications,45576443,diabc
E11.620,ICD10CM,Type 2 diabetes mellitus with diabetic dermatitis,45547626,diabc
E11.638,ICD10CM,Type 2 diabetes mellitus with other oral complications,45566731,diabc
E11.65,ICD10CM,Type 2 diabetes mellitus with hyperglycemia,45605405,diabc
E13.39,ICD10CM,Other specified diabetes mellitus with other diabetic ophthalmic complication,45547635,diabc
E13.49,ICD10CM,Other specified diabetes mellitus with other diabetic neurological complication,45561957,diabc
E10.3292,ICD10CM,"Type 1 diabetes mellitus with mild nonproliferative diabetic retinopathy without macular edema, left eye",37200146,diabc
E10.3293,ICD10CM,"Type 1 diabetes mellitus with mild nonproliferative diabetic retinopathy without macular edema, bilateral",37200147,diabc
E10.3299,ICD10CM,"Type 1 diabetes mellitus with mild nonproliferative diabetic retinopathy without macular edema, unspecified eye",37200148,diabc
E10.3412,ICD10CM,"Type 1 diabetes mellitus with severe nonproliferative diabetic retinopathy with macular edema, left eye",37200158,diabc
E10.3521,ICD10CM,"Type 1 diabetes mellitus with proliferative diabetic retinopathy with traction retinal detachment involving the macula, right eye",37200170,diabc
E10.3559,ICD10CM,"Type 1 diabetes mellitus with stable proliferative diabetic retinopathy, unspecified eye",37200188,diabc
E10.3599,ICD10CM,"Type 1 diabetes mellitus with proliferative diabetic retinopathy without macular edema, unspecified eye",37200192,diabc
E11.3219,ICD10CM,"Type 2 diabetes mellitus with mild nonproliferative diabetic retinopathy with macular edema, unspecified eye",37200201,diabc
E11.3292,ICD10CM,"Type 2 diabetes mellitus with mild nonproliferative diabetic retinopathy without macular edema, left eye",37200203,diabc
E11.3312,ICD10CM,"Type 2 diabetes mellitus with moderate nonproliferative diabetic retinopathy with macular edema, left eye",37200207,diabc
E11.3412,ICD10CM,"Type 2 diabetes mellitus with severe nonproliferative diabetic retinopathy with macular edema, left eye",37200215,diabc
E11.3511,ICD10CM,"Type 2 diabetes mellitus with proliferative diabetic retinopathy with macular edema, right eye",37200222,diabc
E11.3512,ICD10CM,"Type 2 diabetes mellitus with proliferative diabetic retinopathy with macular edema, left eye",37200223,diabc
E11.37X1,ICD10CM,"Type 2 diabetes mellitus with diabetic macular edema, resolved following treatment, right eye",37200251,diabc
E13.3219,ICD10CM,"Other specified diabetes mellitus with mild nonproliferative diabetic retinopathy with macular edema, unspecified eye",37200258,diabc
E13.3412,ICD10CM,"Other specified diabetes mellitus with severe nonproliferative diabetic retinopathy with macular edema, left eye",37200272,diabc
E13.3491,ICD10CM,"Other specified diabetes mellitus with severe nonproliferative diabetic retinopathy without macular edema, right eye",37200275,diabc
E13.3493,ICD10CM,"Other specified diabetes mellitus with severe nonproliferative diabetic retinopathy without macular edema, bilateral",37200277,diabc
E13.3522,ICD10CM,"Other specified diabetes mellitus with proliferative diabetic retinopathy with traction retinal detachment involving the macula, left eye",37200285,diabc
E13.3533,ICD10CM,"Other specified diabetes mellitus with proliferative diabetic retinopathy with traction retinal detachment not involving the macula, bilateral",37200291,diabc
E13.3549,ICD10CM,"Other specified diabetes mellitus with proliferative diabetic retinopathy with combined traction retinal detachment and rhegmatogenous retinal detachment, unspecified eye",37200297,diabc
E13.3591,ICD10CM,"Other specified diabetes mellitus with proliferative diabetic retinopathy without macular edema, right eye",37200303,diabc
E11.69,ICD10CM,Type 2 diabetes mellitus with other specified complication,45595799,diabc
E13.41,ICD10CM,Other specified diabetes mellitus with diabetic mononeuropathy,45591034,diabc
E10.44,ICD10CM,Type 1 diabetes mellitus with diabetic amyotrophy,45561948,diabc
E10.641,ICD10CM,Type 1 diabetes mellitus with hypoglycemia with coma,45552383,diabc
E11.319,ICD10CM,Type 2 diabetes mellitus with unspecified diabetic retinopathy without macular edema,45581353,diabc
E11.622,ICD10CM,Type 2 diabetes mellitus with other skin ulcer,45600642,diabc
E13.21,ICD10CM,Other specified diabetes mellitus with diabetic nephropathy,45542741,diabc
E13.618,ICD10CM,Other specified diabetes mellitus with other diabetic arthropathy,45581358,diabc
E13.621,ICD10CM,Other specified diabetes mellitus with foot ulcer,45566736,diabc
E10.3211,ICD10CM,"Type 1 diabetes mellitus with mild nonproliferative diabetic retinopathy with macular edema, right eye",37200141,diabc
E10.3212,ICD10CM,"Type 1 diabetes mellitus with mild nonproliferative diabetic retinopathy with macular edema, left eye",37200142,diabc
E10.3399,ICD10CM,"Type 1 diabetes mellitus with moderate nonproliferative diabetic retinopathy without macular edema, unspecified eye",37200156,diabc
E10.3522,ICD10CM,"Type 1 diabetes mellitus with proliferative diabetic retinopathy with traction retinal detachment involving the macula, left eye",37200171,diabc
E10.3532,ICD10CM,"Type 1 diabetes mellitus with proliferative diabetic retinopathy with traction retinal detachment not involving the macula, left eye",37200176,diabc
E10.3552,ICD10CM,"Type 1 diabetes mellitus with stable proliferative diabetic retinopathy, left eye",37200186,diabc
E11.3492,ICD10CM,"Type 2 diabetes mellitus with severe nonproliferative diabetic retinopathy without macular edema, left eye",37200219,diabc
E11.3499,ICD10CM,"Type 2 diabetes mellitus with severe nonproliferative diabetic retinopathy without macular edema, unspecified eye",37200221,diabc
E11.3513,ICD10CM,"Type 2 diabetes mellitus with proliferative diabetic retinopathy with macular edema, bilateral",37200224,diabc
E11.3543,ICD10CM,"Type 2 diabetes mellitus with proliferative diabetic retinopathy with combined traction retinal detachment and rhegmatogenous retinal detachment, bilateral",37200239,diabc
E11.3551,ICD10CM,"Type 2 diabetes mellitus with stable proliferative diabetic retinopathy, right eye",37200242,diabc
E11.3591,ICD10CM,"Type 2 diabetes mellitus with proliferative diabetic retinopathy without macular edema, right eye",37200246,diabc
E13.3213,ICD10CM,"Other specified diabetes mellitus with mild nonproliferative diabetic retinopathy with macular edema, bilateral",37200257,diabc
E13.3399,ICD10CM,"Other specified diabetes mellitus with moderate nonproliferative diabetic retinopathy without macular edema, unspecified eye",37200270,diabc
E13.3499,ICD10CM,"Other specified diabetes mellitus with severe nonproliferative diabetic retinopathy without macular edema, unspecified eye",37200278,diabc
E13.3551,ICD10CM,"Other specified diabetes mellitus with stable proliferative diabetic retinopathy, right eye",37200299,diabc
E13.3553,ICD10CM,"Other specified diabetes mellitus with stable proliferative diabetic retinopathy, bilateral",37200301,diabc
E13.37X2,ICD10CM,"Other specified diabetes mellitus with diabetic macular edema, resolved following treatment, left eye",37200309,diabc
E13.69,ICD10CM,Other specified diabetes mellitus with other specified complication,45600644,diabc
E11.42,ICD10CM,Type 2 diabetes mellitus with diabetic polyneuropathy,45557113,diabc
E10.49,ICD10CM,Type 1 diabetes mellitus with other diabetic neurological complication,45586138,diabc
E10.52,ICD10CM,Type 1 diabetes mellitus with diabetic peripheral angiopathy with gangrene,45542737,diabc
E10.621,ICD10CM,Type 1 diabetes mellitus with foot ulcer,45605398,diabc
E11.311,ICD10CM,Type 2 diabetes mellitus with unspecified diabetic retinopathy with macular edema,45581352,diabc
E11.649,ICD10CM,Type 2 diabetes mellitus with hypoglycemia without coma,45591031,diabc
E13.319,ICD10CM,Other specified diabetes mellitus with unspecified diabetic retinopathy without macular edema,45586142,diabc
E10.3312,ICD10CM,"Type 1 diabetes mellitus with moderate nonproliferative diabetic retinopathy with macular edema, left eye",37200150,diabc
E10.3319,ICD10CM,"Type 1 diabetes mellitus with moderate nonproliferative diabetic retinopathy with macular edema, unspecified eye",37200152,diabc
E10.3491,ICD10CM,"Type 1 diabetes mellitus with severe nonproliferative diabetic retinopathy without macular edema, right eye",37200161,diabc
E10.3551,ICD10CM,"Type 1 diabetes mellitus with stable proliferative diabetic retinopathy, right eye",37200185,diabc
E11.3523,ICD10CM,"Type 2 diabetes mellitus with proliferative diabetic retinopathy with traction retinal detachment involving the macula, bilateral",37200229,diabc
E11.3592,ICD10CM,"Type 2 diabetes mellitus with proliferative diabetic retinopathy without macular edema, left eye",37200247,diabc
E11.3599,ICD10CM,"Type 2 diabetes mellitus with proliferative diabetic retinopathy without macular edema, unspecified eye",37200249,diabc
E13.3411,ICD10CM,"Other specified diabetes mellitus with severe nonproliferative diabetic retinopathy with macular edema, right eye",37200271,diabc
E13.3419,ICD10CM,"Other specified diabetes mellitus with severe nonproliferative diabetic retinopathy with macular edema, unspecified eye",37200274,diabc
E13.3542,ICD10CM,"Other specified diabetes mellitus with proliferative diabetic retinopathy with combined traction retinal detachment and rhegmatogenous retinal detachment, left eye",37200295,diabc
E13.37X1,ICD10CM,"Other specified diabetes mellitus with diabetic macular edema, resolved following treatment, right eye",37200308,diabc
E13.37X9,ICD10CM,"Other specified diabetes mellitus with diabetic macular edema, resolved following treatment, unspecified eye",37200311,diabc
E10.29,ICD10CM,Type 1 diabetes mellitus with other diabetic kidney complication,45600637,diabc
E10.630,ICD10CM,Type 1 diabetes mellitus with periodontal disease,45557111,diabc
E10.638,ICD10CM,Type 1 diabetes mellitus with other oral complications,45547623,diabc
E11.29,ICD10CM,Type 2 diabetes mellitus with other diabetic kidney complication,45605401,diabc
E11.43,ICD10CM,Type 2 diabetes mellitus with diabetic autonomic (poly)neuropathy,45537962,diabc
E11.44,ICD10CM,Type 2 diabetes mellitus with diabetic amyotrophy,45533020,diabc
E11.49,ICD10CM,Type 2 diabetes mellitus with other diabetic neurological complication,45605404,diabc
E13.311,ICD10CM,Other specified diabetes mellitus with unspecified diabetic retinopathy with macular edema,45576447,diabc
E13.40,ICD10CM,"Other specified diabetes mellitus with diabetic neuropathy, unspecified",45561956,diabc
E13.52,ICD10CM,Other specified diabetes mellitus with diabetic peripheral angiopathy with gangrene,45586143,diabc
E13.638,ICD10CM,Other specified diabetes mellitus with other oral complications,45566737,diabc
E11.22,ICD10CM,Type 2 diabetes mellitus with diabetic chronic kidney disease,45595797,diabc
E10.3219,ICD10CM,"Type 1 diabetes mellitus with mild nonproliferative diabetic retinopathy with macular edema, unspecified eye",37200144,diabc
E10.3392,ICD10CM,"Type 1 diabetes mellitus with moderate nonproliferative diabetic retinopathy without macular edema, left eye",37200154,diabc
E10.3393,ICD10CM,"Type 1 diabetes mellitus with moderate nonproliferative diabetic retinopathy without macular edema, bilateral",37200155,diabc
E10.3492,ICD10CM,"Type 1 diabetes mellitus with severe nonproliferative diabetic retinopathy without macular edema, left eye",37200162,diabc
E10.3512,ICD10CM,"Type 1 diabetes mellitus with proliferative diabetic retinopathy with macular edema, left eye",37200166,diabc
E10.3591,ICD10CM,"Type 1 diabetes mellitus with proliferative diabetic retinopathy without macular edema, right eye",37200189,diabc
E10.37X2,ICD10CM,"Type 1 diabetes mellitus with diabetic macular edema, resolved following treatment, left eye",37200195,diabc
E11.3399,ICD10CM,"Type 2 diabetes mellitus with moderate nonproliferative diabetic retinopathy without macular edema, unspecified eye",37200213,diabc
E11.3419,ICD10CM,"Type 2 diabetes mellitus with severe nonproliferative diabetic retinopathy with macular edema, unspecified eye",37200217,diabc
E11.3542,ICD10CM,"Type 2 diabetes mellitus with proliferative diabetic retinopathy with combined traction retinal detachment and rhegmatogenous retinal detachment, left eye",37200238,diabc
E13.3293,ICD10CM,"Other specified diabetes mellitus with mild nonproliferative diabetic retinopathy without macular edema, bilateral",37200261,diabc
E13.3392,ICD10CM,"Other specified diabetes mellitus with moderate nonproliferative diabetic retinopathy without macular edema, left eye",37200268,diabc
E13.3492,ICD10CM,"Other specified diabetes mellitus with severe nonproliferative diabetic retinopathy without macular edema, left eye",37200276,diabc
E13.3511,ICD10CM,"Other specified diabetes mellitus with proliferative diabetic retinopathy with macular edema, right eye",37200279,diabc
E13.3541,ICD10CM,"Other specified diabetes mellitus with proliferative diabetic retinopathy with combined traction retinal detachment and rhegmatogenous retinal detachment, right eye",37200294,diabc
E13.3559,ICD10CM,"Other specified diabetes mellitus with stable proliferative diabetic retinopathy, unspecified eye",37200302,diabc
E10.69,ICD10CM,Type 1 diabetes mellitus with other specified complication,45547624,diabc
E10.21,ICD10CM,Type 1 diabetes mellitus with diabetic nephropathy,45552379,diabc
E11.36,ICD10CM,Type 2 diabetes mellitus with diabetic cataract,45595798,diabc
E10.620,ICD10CM,Type 1 diabetes mellitus with diabetic dermatitis,45600639,diabc
E10.65,ICD10CM,Type 1 diabetes mellitus with hyperglycemia,45533018,diabc
E11.628,ICD10CM,Type 2 diabetes mellitus with other skin complications,45547627,diabc
E13.59,ICD10CM,Other specified diabetes mellitus with other circulatory complications,45537963,diabc
E13.622,ICD10CM,Other specified diabetes mellitus with other skin ulcer,45557116,diabc
E13.630,ICD10CM,Other specified diabetes mellitus with periodontal disease,45581359,diabc
E10.3313,ICD10CM,"Type 1 diabetes mellitus with moderate nonproliferative diabetic retinopathy with macular edema, bilateral",37200151,diabc
E10.3413,ICD10CM,"Type 1 diabetes mellitus with severe nonproliferative diabetic retinopathy with macular edema, bilateral",37200159,diabc
E10.3511,ICD10CM,"Type 1 diabetes mellitus with proliferative diabetic retinopathy with macular edema, right eye",37200165,diabc
E10.3513,ICD10CM,"Type 1 diabetes mellitus with proliferative diabetic retinopathy with macular edema, bilateral",37200167,diabc
E10.3519,ICD10CM,"Type 1 diabetes mellitus with proliferative diabetic retinopathy with macular edema, unspecified eye",37200168,diabc
E10.3549,ICD10CM,"Type 1 diabetes mellitus with proliferative diabetic retinopathy with combined traction retinal detachment and rhegmatogenous retinal detachment, unspecified eye",37200183,diabc
E10.3592,ICD10CM,"Type 1 diabetes mellitus with proliferative diabetic retinopathy without macular edema, left eye",37200190,diabc
E11.3211,ICD10CM,"Type 2 diabetes mellitus with mild nonproliferative diabetic retinopathy with macular edema, right eye",37200198,diabc
E11.3291,ICD10CM,"Type 2 diabetes mellitus with mild nonproliferative diabetic retinopathy without macular edema, right eye",37200202,diabc
E11.3293,ICD10CM,"Type 2 diabetes mellitus with mild nonproliferative diabetic retinopathy without macular edema, bilateral",37200204,diabc
E11.3311,ICD10CM,"Type 2 diabetes mellitus with moderate nonproliferative diabetic retinopathy with macular edema, right eye",37200206,diabc
E11.3392,ICD10CM,"Type 2 diabetes mellitus with moderate nonproliferative diabetic retinopathy without macular edema, left eye",37200211,diabc
E11.3519,ICD10CM,"Type 2 diabetes mellitus with proliferative diabetic retinopathy with macular edema, unspecified eye",37200225,diabc
E11.3552,ICD10CM,"Type 2 diabetes mellitus with stable proliferative diabetic retinopathy, left eye",37200243,diabc
E11.3553,ICD10CM,"Type 2 diabetes mellitus with stable proliferative diabetic retinopathy, bilateral",37200244,diabc
E11.37X9,ICD10CM,"Type 2 diabetes mellitus with diabetic macular edema, resolved following treatment, unspecified eye",37200254,diabc
E13.3212,ICD10CM,"Other specified diabetes mellitus with mild nonproliferative diabetic retinopathy with macular edema, left eye",37200256,diabc
E13.3291,ICD10CM,"Other specified diabetes mellitus with mild nonproliferative diabetic retinopathy without macular edema, right eye",37200259,diabc
E13.3292,ICD10CM,"Other specified diabetes mellitus with mild nonproliferative diabetic retinopathy without macular edema, left eye",37200260,diabc
E13.3391,ICD10CM,"Other specified diabetes mellitus with moderate nonproliferative diabetic retinopathy without macular edema, right eye",37200267,diabc
E13.3523,ICD10CM,"Other specified diabetes mellitus with proliferative diabetic retinopathy with traction retinal detachment involving the macula, bilateral",37200286,diabc
E13.3531,ICD10CM,"Other specified diabetes mellitus with proliferative diabetic retinopathy with traction retinal detachment not involving the macula, right eye",37200289,diabc
E13.3539,ICD10CM,"Other specified diabetes mellitus with proliferative diabetic retinopathy with traction retinal detachment not involving the macula, unspecified eye",37200292,diabc
E13.3552,ICD10CM,"Other specified diabetes mellitus with stable proliferative diabetic retinopathy, left eye",37200300,diabc
E89.0,ICD10CM,Postprocedural hypothyroidism,35207108,hypothy
E03.5,ICD10CM,Myxedema coma,35206857,hypothy
E02,ICD10CM,Subclinical iodine-deficiency hypothyroidism,35206851,hypothy
E03.2,ICD10CM,Hypothyroidism due to medicaments and other exogenous substances,35206854,hypothy
E03.9,ICD10CM,"Hypothyroidism, unspecified",35206859,hypothy
E03.1,ICD10CM,Congenital hypothyroidism without goiter,35206853,hypothy
E03.8,ICD10CM,Other specified hypothyroidism,35206858,hypothy
E01.0,ICD10CM,Iodine-deficiency related diffuse (endemic) goiter,35206847,hypothy
E01.2,ICD10CM,"Iodine-deficiency related (endemic) goiter, unspecified",35206849,hypothy
E00.2,ICD10CM,"Congenital iodine-deficiency syndrome, mixed type",35206845,hypothy
E00.0,ICD10CM,"Congenital iodine-deficiency syndrome, neurological type",35206843,hypothy
E01.8,ICD10CM,Other iodine-deficiency related thyroid disorders and allied conditions,35206850,hypothy
E00.9,ICD10CM,"Congenital iodine-deficiency syndrome, unspecified",35206846,hypothy
E03.4,ICD10CM,Atrophy of thyroid (acquired),35206856,hypothy
E03.0,ICD10CM,Congenital hypothyroidism with diffuse goiter,35206852,hypothy
E03.3,ICD10CM,Postinfectious hypothyroidism,35206855,hypothy
E01.1,ICD10CM,Iodine-deficiency related multinodular (endemic) goiter,35206848,hypothy
E00.1,ICD10CM,"Congenital iodine-deficiency syndrome, myxedematous type",35206844,hypothy
N19,ICD10CM,Unspecified kidney failure,35209280,rf
Z94.0,ICD10CM,Kidney transplant status,35225404,rf
N18.2,ICD10CM,"Chronic kidney disease, stage 2 (mild)",35209275,rf
N18.4,ICD10CM,"Chronic kidney disease, stage 4 (severe)",35209277,rf
N18.9,ICD10CM,"Chronic kidney disease, unspecified",35209279,rf
Z49.01,ICD10CM,Encounter for fitting and adjustment of extracorporeal dialysis catheter,45609945,rf
N18.5,ICD10CM,"Chronic kidney disease, stage 5",35209278,rf
N18.6,ICD10CM,End stage renal disease,45548653,rf
N18.30,ICD10CM,"Chronic kidney disease, stage 3 unspecified",725440,rf
Z99.2,ICD10CM,Dependence on renal dialysis,35225436,rf
N18.1,ICD10CM,"Chronic kidney disease, stage 1",35209274,rf
I13.10,ICD10CM,"Hypertensive heart and chronic kidney disease without heart failure, with stage 1 through stage 4 chronic kidney disease, or unspecified chronic kidney disease",45543164,rf
Z49.02,ICD10CM,Encounter for fitting and adjustment of peritoneal dialysis catheter,45585835,rf
N18.31,ICD10CM,"Chronic kidney disease, stage 3a",725441,rf
N18.32,ICD10CM,"Chronic kidney disease, stage 3b",725442,rf
I12.0,ICD10CM,Hypertensive chronic kidney disease with stage 5 chronic kidney disease or end stage renal disease,35207671,rf
N25.0,ICD10CM,Renal osteodystrophy,35209291,rf
I13.11,ICD10CM,"Hypertensive heart and chronic kidney disease without heart failure, with stage 5 chronic kidney disease, or end stage renal disease",45596188,rf
K70.0,ICD10CM,Alcoholic fatty liver,35208330,ld
K76.9,ICD10CM,"Liver disease, unspecified",35208368,ld
B18.1,ICD10CM,Chronic viral hepatitis B without delta-agent,35205770,ld
B18.9,ICD10CM,"Chronic viral hepatitis, unspecified",35205773,ld
K71.4,ICD10CM,Toxic liver disease with chronic lobular hepatitis,35208336,ld
K73.8,ICD10CM,"Other chronic hepatitis, not elsewhere classified",35208344,ld
K72.10,ICD10CM,Chronic hepatic failure without coma,45543339,ld
K72.91,ICD10CM,"Hepatic failure, unspecified with coma",45572226,ld
K70.31,ICD10CM,Alcoholic cirrhosis of liver with ascites,45538545,ld
K76.5,ICD10CM,Hepatic veno-occlusive disease,35208364,ld
K74.5,ICD10CM,"Biliary cirrhosis, unspecified",35208351,ld
K76.3,ICD10CM,Infarction of liver,35208362,ld
I85.01,ICD10CM,Esophageal varices with bleeding,45538463,ld
K74.3,ICD10CM,Primary biliary cirrhosis,35208349,ld
K76.6,ICD10CM,Portal hypertension,35208365,ld
K73.2,ICD10CM,"Chronic active hepatitis, not elsewhere classified",35208343,ld
I85.11,ICD10CM,Secondary esophageal varices with bleeding,45538464,ld
K70.30,ICD10CM,Alcoholic cirrhosis of liver without ascites,45605952,ld
K72.11,ICD10CM,Chronic hepatic failure with coma,45576999,ld
K74.69,ICD10CM,Other cirrhosis of liver,45581912,ld
K76.7,ICD10CM,Hepatorenal syndrome,35208366,ld
K70.9,ICD10CM,"Alcoholic liver disease, unspecified",35208332,ld
K74.1,ICD10CM,Hepatic sclerosis,35208347,ld
K74.2,ICD10CM,Hepatic fibrosis with hepatic sclerosis,35208348,ld
K76.2,ICD10CM,Central hemorrhagic necrosis of liver,35208361,ld
K76.81,ICD10CM,Hepatopulmonary syndrome,45548170,ld
K70.10,ICD10CM,Alcoholic hepatitis without ascites,45562507,ld
K70.11,ICD10CM,Alcoholic hepatitis with ascites,45552946,ld
K76.4,ICD10CM,Peliosis hepatis,35208363,ld
K74.00,ICD10CM,"Hepatic fibrosis, unspecified",725367,ld
K76.89,ICD10CM,Other specified diseases of liver,45605957,ld
K71.3,ICD10CM,Toxic liver disease with chronic persistent hepatitis,35208335,ld
I85.10,ICD10CM,Secondary esophageal varices without bleeding,45576934,ld
K72.00,ICD10CM,Acute and subacute hepatic failure without coma,45567324,ld
K72.90,ICD10CM,"Hepatic failure, unspecified without coma",45557675,ld
K74.02,ICD10CM,"Hepatic fibrosis, advanced fibrosis",725369,ld
B18.0,ICD10CM,Chronic viral hepatitis B with delta-agent,35205769,ld
K70.41,ICD10CM,Alcoholic hepatic failure with coma,45552947,ld
K71.51,ICD10CM,Toxic liver disease with chronic active hepatitis with ascites,45543335,ld
K72.01,ICD10CM,Acute and subacute hepatic failure with coma,45543338,ld
K74.60,ICD10CM,Unspecified cirrhosis of liver,45601187,ld
K74.01,ICD10CM,"Hepatic fibrosis, early fibrosis",725368,ld
I86.4,ICD10CM,Gastric varices,35207901,ld
K74.4,ICD10CM,Secondary biliary cirrhosis,35208350,ld
I85.00,ICD10CM,Esophageal varices without bleeding,45572150,ld
Z94.4,ICD10CM,Liver transplant status,35225408,ld
K70.2,ICD10CM,Alcoholic fibrosis and sclerosis of liver,35208331,ld
K71.7,ICD10CM,Toxic liver disease with fibrosis and cirrhosis of liver,35208338,ld
K76.0,ICD10CM,"Fatty (change of) liver, not elsewhere classified",35208359,ld
K71.11,ICD10CM,"Toxic liver disease with hepatic necrosis, with coma",45552948,ld
K73.9,ICD10CM,"Chronic hepatitis, unspecified",35208345,ld
B18.8,ICD10CM,Other chronic viral hepatitis,35205772,ld
K73.0,ICD10CM,"Chronic persistent hepatitis, not elsewhere classified",35208341,ld
K73.1,ICD10CM,"Chronic lobular hepatitis, not elsewhere classified",35208342,ld
B18.2,ICD10CM,Chronic viral hepatitis C,35205771,ld
K70.40,ICD10CM,Alcoholic hepatic failure without coma,45586730,ld
K71.10,ICD10CM,"Toxic liver disease with hepatic necrosis, without coma",45557672,ld
K71.50,ICD10CM,Toxic liver disease with chronic active hepatitis without ascites,45586731,ld
K26.9,ICD10CM,"Duodenal ulcer, unspecified as acute or chronic, without hemorrhage or perforation",35208218,pud
K27.7,ICD10CM,"Chronic peptic ulcer, site unspecified, without hemorrhage or perforation",35208226,pud
K27.9,ICD10CM,"Peptic ulcer, site unspecified, unspecified as acute or chronic, without hemorrhage or perforation",35208227,pud
K26.7,ICD10CM,Chronic duodenal ulcer without hemorrhage or perforation,35208217,pud
K28.9,ICD10CM,"Gastrojejunal ulcer, unspecified as acute or chronic, without hemorrhage or perforation",35208236,pud
K25.9,ICD10CM,"Gastric ulcer, unspecified as acute or chronic, without hemorrhage or perforation",35208209,pud
K25.7,ICD10CM,Chronic gastric ulcer without hemorrhage or perforation,35208208,pud
K28.7,ICD10CM,Chronic gastrojejunal ulcer without hemorrhage or perforation,35208235,pud
B20,ICD10CM,Human immunodeficiency virus [HIV] disease,35205776,aids
C84.00,ICD10CM,"Mycosis fungoides, unspecified site",45605313,lymph
C83.74,ICD10CM,"Burkitt lymphoma, lymph nodes of axilla and upper limb",45605309,lymph
C83.76,ICD10CM,"Burkitt lymphoma, intrapelvic lymph nodes",45547541,lymph
C81.11,ICD10CM,"Nodular sclerosis Hodgkin lymphoma, lymph nodes of head, face, and neck",45561839,lymph
C81.34,ICD10CM,"Lymphocyte depleted Hodgkin lymphoma, lymph nodes of axilla and upper limb",45547531,lymph
C90.01,ICD10CM,Multiple myeloma in remission,45581251,lymph
C81.93,ICD10CM,"Hodgkin lymphoma, unspecified, intra-abdominal lymph nodes",45571547,lymph
C82.02,ICD10CM,"Follicular lymphoma grade I, intrathoracic lymph nodes",45537850,lymph
C82.04,ICD10CM,"Follicular lymphoma grade I, lymph nodes of axilla and upper limb",45566629,lymph
C82.05,ICD10CM,"Follicular lymphoma grade I, lymph nodes of inguinal region and lower limb",45557024,lymph
C82.19,ICD10CM,"Follicular lymphoma grade II, extranodal and solid organ sites",45581234,lymph
C82.36,ICD10CM,"Follicular lymphoma grade IIIa, intrapelvic lymph nodes",45581235,lymph
C82.37,ICD10CM,"Follicular lymphoma grade IIIa, spleen",45590937,lymph
C82.38,ICD10CM,"Follicular lymphoma grade IIIa, lymph nodes of multiple sites",45576351,lymph
C82.42,ICD10CM,"Follicular lymphoma grade IIIb, intrathoracic lymph nodes",45605299,lymph
C82.54,ICD10CM,"Diffuse follicle center lymphoma, lymph nodes of axilla and upper limb",45542642,lymph
C82.87,ICD10CM,"Other types of follicular lymphoma, spleen",45561846,lymph
C82.90,ICD10CM,"Follicular lymphoma, unspecified, unspecified site",45552300,lymph
C83.08,ICD10CM,"Small cell B-cell lymphoma, lymph nodes of multiple sites",45590941,lymph
C83.57,ICD10CM,"Lymphoblastic (diffuse) lymphoma, spleen",45557029,lymph
C83.58,ICD10CM,"Lymphoblastic (diffuse) lymphoma, lymph nodes of multiple sites",45595707,lymph
C83.87,ICD10CM,"Other non-follicular lymphoma, spleen",45586047,lymph
C83.98,ICD10CM,"Non-follicular (diffuse) lymphoma, unspecified, lymph nodes of multiple sites",45561856,lymph
C83.99,ICD10CM,"Non-follicular (diffuse) lymphoma, unspecified, extranodal and solid organ sites",45590948,lymph
C84.76,ICD10CM,"Anaplastic large cell lymphoma, ALK-negative, intrapelvic lymph nodes",45576362,lymph
C84.79,ICD10CM,"Anaplastic large cell lymphoma, ALK-negative, extranodal and solid organ sites",45586053,lymph
C84.98,ICD10CM,"Mature T/NK-cell lymphomas, unspecified, lymph nodes of multiple sites",45571564,lymph
C84.A7,ICD10CM,"Cutaneous T-cell lymphoma, unspecified, spleen",45605324,lymph
C84.Z5,ICD10CM,"Other mature T/NK-cell lymphomas, lymph nodes of inguinal region and lower limb",45595712,lymph
C85.28,ICD10CM,"Mediastinal (thymic) large B-cell lymphoma, lymph nodes of multiple sites",45552308,lymph
C85.82,ICD10CM,"Other specified types of non-Hodgkin lymphoma, intrathoracic lymph nodes",45566642,lymph
C90.20,ICD10CM,Extramedullary plasmacytoma not having achieved remission,45542660,lymph
C96.5,ICD10CM,Multifocal and unisystemic Langerhans-cell histiocytosis,920126,lymph
C82.69,ICD10CM,"Cutaneous follicle center lymphoma, extranodal and solid organ sites",45576356,lymph
C82.62,ICD10CM,"Cutaneous follicle center lymphoma, intrathoracic lymph nodes",45532949,lymph
C81.29,ICD10CM,"Mixed cellularity Hodgkin lymphoma, extranodal and solid organ sites",45576346,lymph
C81.79,ICD10CM,"Other Hodgkin lymphoma, extranodal and solid organ sites",45600539,lymph
C84.45,ICD10CM,"Peripheral T-cell lymphoma, not elsewhere classified, lymph nodes of inguinal region and lower limb",45566638,lymph
C83.71,ICD10CM,"Burkitt lymphoma, lymph nodes of head, face, and neck",45600550,lymph
C81.45,ICD10CM,"Lymphocyte-rich Hodgkin lymphoma, lymph nodes of inguinal region and lower limb",45561840,lymph
C81.12,ICD10CM,"Nodular sclerosis Hodgkin lymphoma, intrathoracic lymph nodes",45581230,lymph
C81.13,ICD10CM,"Nodular sclerosis Hodgkin lymphoma, intra-abdominal lymph nodes",45542635,lymph
C81.15,ICD10CM,"Nodular sclerosis Hodgkin lymphoma, lymph nodes of inguinal region and lower limb",45576345,lymph
C84.03,ICD10CM,"Mycosis fungoides, intra-abdominal lymph nodes",45547542,lymph
C84.04,ICD10CM,"Mycosis fungoides, lymph nodes of axilla and upper limb",45600553,lymph
C81.28,ICD10CM,"Mixed cellularity Hodgkin lymphoma, lymph nodes of multiple sites",45566623,lymph
C96.6,ICD10CM,Unifocal Langerhans-cell histiocytosis,920127,lymph
C90.02,ICD10CM,Multiple myeloma in relapse,45600563,lymph
C81.07,ICD10CM,"Nodular lymphocyte predominant Hodgkin lymphoma, spleen",45600535,lymph
C82.13,ICD10CM,"Follicular lymphoma grade II, intra-abdominal lymph nodes",45600541,lymph
C82.20,ICD10CM,"Follicular lymphoma grade III, unspecified, unspecified site",45576350,lymph
C82.23,ICD10CM,"Follicular lymphoma grade III, unspecified, intra-abdominal lymph nodes",45566630,lymph
C82.26,ICD10CM,"Follicular lymphoma grade III, unspecified, intrapelvic lymph nodes",45586032,lymph
C82.39,ICD10CM,"Follicular lymphoma grade IIIa, extranodal and solid organ sites",45557026,lymph
C82.48,ICD10CM,"Follicular lymphoma grade IIIb, lymph nodes of multiple sites",45576352,lymph
C82.50,ICD10CM,"Diffuse follicle center lymphoma, unspecified site",45600544,lymph
C83.00,ICD10CM,"Small cell B-cell lymphoma, unspecified site",45600547,lymph
C83.11,ICD10CM,"Mantle cell lymphoma, lymph nodes of head, face, and neck",45586039,lymph
C83.54,ICD10CM,"Lymphoblastic (diffuse) lymphoma, lymph nodes of axilla and upper limb",45542648,lymph
C83.56,ICD10CM,"Lymphoblastic (diffuse) lymphoma, intrapelvic lymph nodes",45571556,lymph
C84.60,ICD10CM,"Anaplastic large cell lymphoma, ALK-positive, unspecified site",45557034,lymph
C84.62,ICD10CM,"Anaplastic large cell lymphoma, ALK-positive, intrathoracic lymph nodes",45595709,lymph
C84.64,ICD10CM,"Anaplastic large cell lymphoma, ALK-positive, lymph nodes of axilla and upper limb",45605318,lymph
C84.68,ICD10CM,"Anaplastic large cell lymphoma, ALK-positive, lymph nodes of multiple sites",45537865,lymph
C84.94,ICD10CM,"Mature T/NK-cell lymphomas, unspecified, lymph nodes of axilla and upper limb",45605323,lymph
C84.Z3,ICD10CM,"Other mature T/NK-cell lymphomas, intra-abdominal lymph nodes",45561862,lymph
C84.Z7,ICD10CM,"Other mature T/NK-cell lymphomas, spleen",45605325,lymph
C85.12,ICD10CM,"Unspecified B-cell lymphoma, intrathoracic lymph nodes",45561864,lymph
C85.26,ICD10CM,"Mediastinal (thymic) large B-cell lymphoma, intrapelvic lymph nodes",45581249,lymph
C85.81,ICD10CM,"Other specified types of non-Hodgkin lymphoma, lymph nodes of head, face, and neck",45557035,lymph
C85.85,ICD10CM,"Other specified types of non-Hodgkin lymphoma, lymph nodes of inguinal region and lower limb",45576363,lymph
C85.89,ICD10CM,"Other specified types of non-Hodgkin lymphoma, extranodal and solid organ sites",45566645,lymph
C90.22,ICD10CM,Extramedullary plasmacytoma in relapse,45586060,lymph
C82.51,ICD10CM,"Diffuse follicle center lymphoma, lymph nodes of head, face, and neck",45576354,lymph
C81.18,ICD10CM,"Nodular sclerosis Hodgkin lymphoma, lymph nodes of multiple sites",45537847,lymph
C81.30,ICD10CM,"Lymphocyte depleted Hodgkin lymphoma, unspecified site",45576347,lymph
C81.40,ICD10CM,"Lymphocyte-rich Hodgkin lymphoma, unspecified site",45557020,lymph
C81.78,ICD10CM,"Other Hodgkin lymphoma, lymph nodes of multiple sites",45605298,lymph
C84.47,ICD10CM,"Peripheral T-cell lymphoma, not elsewhere classified, spleen",45605316,lymph
C88.0,ICD10CM,Waldenström macroglobulinemia,35206425,lymph
C96.22,ICD10CM,Mast cell sarcoma,1326486,lymph
C81.43,ICD10CM,"Lymphocyte-rich Hodgkin lymphoma, intra-abdominal lymph nodes",45566626,lymph
C81.23,ICD10CM,"Mixed cellularity Hodgkin lymphoma, intra-abdominal lymph nodes",45571544,lymph
C81.24,ICD10CM,"Mixed cellularity Hodgkin lymphoma, lymph nodes of axilla and upper limb",45605293,lymph
C81.27,ICD10CM,"Mixed cellularity Hodgkin lymphoma, spleen",45605294,lymph
C81.35,ICD10CM,"Lymphocyte depleted Hodgkin lymphoma, lymph nodes of inguinal region and lower limb",45595695,lymph
C84.06,ICD10CM,"Mycosis fungoides, intrapelvic lymph nodes",45571559,lymph
C84.11,ICD10CM,"Sézary disease, lymph nodes of head, face, and neck",45576360,lymph
C84.14,ICD10CM,"Sézary disease, lymph nodes of axilla and upper limb",45605314,lymph
C96.9,ICD10CM,"Malignant neoplasm of lymphoid, hematopoietic and related tissue, unspecified",35206456,lymph
C81.06,ICD10CM,"Nodular lymphocyte predominant Hodgkin lymphoma, intrapelvic lymph nodes",45561838,lymph
C81.09,ICD10CM,"Nodular lymphocyte predominant Hodgkin lymphoma, extranodal and solid organ sites",45542634,lymph
C81.97,ICD10CM,"Hodgkin lymphoma, unspecified, spleen",45571548,lymph
C82.03,ICD10CM,"Follicular lymphoma grade I, intra-abdominal lymph nodes",45542637,lymph
C82.24,ICD10CM,"Follicular lymphoma grade III, unspecified, lymph nodes of axilla and upper limb",45595701,lymph
C82.28,ICD10CM,"Follicular lymphoma grade III, unspecified, lymph nodes of multiple sites",45586033,lymph
C82.30,ICD10CM,"Follicular lymphoma grade IIIa, unspecified site",45561844,lymph
C82.49,ICD10CM,"Follicular lymphoma grade IIIb, extranodal and solid organ sites",45600543,lymph
C82.85,ICD10CM,"Other types of follicular lymphoma, lymph nodes of inguinal region and lower limb",45561845,lymph
C82.86,ICD10CM,"Other types of follicular lymphoma, intrapelvic lymph nodes",45542644,lymph
C82.88,ICD10CM,"Other types of follicular lymphoma, lymph nodes of multiple sites",45532950,lymph
C83.06,ICD10CM,"Small cell B-cell lymphoma, intrapelvic lymph nodes",45605306,lymph
C83.13,ICD10CM,"Mantle cell lymphoma, intra-abdominal lymph nodes",45586040,lymph
C83.14,ICD10CM,"Mantle cell lymphoma, lymph nodes of axilla and upper limb",45590942,lymph
C83.19,ICD10CM,"Mantle cell lymphoma, extranodal and solid organ sites",45590943,lymph
C83.33,ICD10CM,"Diffuse large B-cell lymphoma, intra-abdominal lymph nodes",45542647,lymph
C83.35,ICD10CM,"Diffuse large B-cell lymphoma, lymph nodes of inguinal region and lower limb",45581240,lymph
C83.51,ICD10CM,"Lymphoblastic (diffuse) lymphoma, lymph nodes of head, face, and neck",45557028,lymph
C83.85,ICD10CM,"Other non-follicular lymphoma, lymph nodes of inguinal region and lower limb",45557030,lymph
C83.88,ICD10CM,"Other non-follicular lymphoma, lymph nodes of multiple sites",45566636,lymph
C84.09,ICD10CM,"Mycosis fungoides, extranodal and solid organ sites",45600554,lymph
C84.70,ICD10CM,"Anaplastic large cell lymphoma, ALK-negative, unspecified site",45547544,lymph
C84.73,ICD10CM,"Anaplastic large cell lymphoma, ALK-negative, intra-abdominal lymph nodes",45537866,lymph
C84.78,ICD10CM,"Anaplastic large cell lymphoma, ALK-negative, lymph nodes of multiple sites",45595710,lymph
C84.90,ICD10CM,"Mature T/NK-cell lymphomas, unspecified, unspecified site",45532953,lymph
C84.93,ICD10CM,"Mature T/NK-cell lymphomas, unspecified, intra-abdominal lymph nodes",45605322,lymph
C84.96,ICD10CM,"Mature T/NK-cell lymphomas, unspecified, intrapelvic lymph nodes",45532954,lymph
C84.Z6,ICD10CM,"Other mature T/NK-cell lymphomas, intrapelvic lymph nodes",45566640,lymph
C85.10,ICD10CM,"Unspecified B-cell lymphoma, unspecified site",45590954,lymph
C85.16,ICD10CM,"Unspecified B-cell lymphoma, intrapelvic lymph nodes",45537868,lymph
C85.25,ICD10CM,"Mediastinal (thymic) large B-cell lymphoma, lymph nodes of inguinal region and lower limb",45590958,lymph
C85.27,ICD10CM,"Mediastinal (thymic) large B-cell lymphoma, spleen",45595714,lymph
C85.84,ICD10CM,"Other specified types of non-Hodgkin lymphoma, lymph nodes of axilla and upper limb",45566644,lymph
C85.98,ICD10CM,"Non-Hodgkin lymphoma, unspecified, lymph nodes of multiple sites",45576365,lymph
C85.99,ICD10CM,"Non-Hodgkin lymphoma, unspecified, extranodal and solid organ sites",45590960,lymph
C81.19,ICD10CM,"Nodular sclerosis Hodgkin lymphoma, extranodal and solid organ sites",45586031,lymph
C81.41,ICD10CM,"Lymphocyte-rich Hodgkin lymphoma, lymph nodes of head, face, and neck",45557021,lymph
C84.41,ICD10CM,"Peripheral T-cell lymphoma, not elsewhere classified, lymph nodes of head, face, and neck",45600555,lymph
C84.42,ICD10CM,"Peripheral T-cell lymphoma, not elsewhere classified, intrathoracic lymph nodes",45571561,lymph
C84.43,ICD10CM,"Peripheral T-cell lymphoma, not elsewhere classified, intra-abdominal lymph nodes",45586050,lymph
C84.46,ICD10CM,"Peripheral T-cell lymphoma, not elsewhere classified, intrapelvic lymph nodes",45542654,lymph
C83.72,ICD10CM,"Burkitt lymphoma, intrathoracic lymph nodes",45605308,lymph
C83.75,ICD10CM,"Burkitt lymphoma, lymph nodes of inguinal region and lower limb",45600551,lymph
C81.17,ICD10CM,"Nodular sclerosis Hodgkin lymphoma, spleen",45600536,lymph
C81.33,ICD10CM,"Lymphocyte depleted Hodgkin lymphoma, intra-abdominal lymph nodes",45590930,lymph
C81.38,ICD10CM,"Lymphocyte depleted Hodgkin lymphoma, lymph nodes of multiple sites",45581231,lymph
C84.07,ICD10CM,"Mycosis fungoides, spleen",45581242,lymph
C84.18,ICD10CM,"Sézary disease, lymph nodes of multiple sites",45547543,lymph
C88.4,ICD10CM,Extranodal marginal zone B-cell lymphoma of mucosa-associated lymphoid tissue [MALT-lymphoma],920123,lymph
C96.21,ICD10CM,Aggressive systemic mastocytosis,1326485,lymph
C83.37,ICD10CM,"Diffuse large B-cell lymphoma, spleen",45586043,lymph
C81.99,ICD10CM,"Hodgkin lymphoma, unspecified, extranodal and solid organ sites",45576348,lymph
C82.27,ICD10CM,"Follicular lymphoma grade III, unspecified, spleen",45590935,lymph
C82.32,ICD10CM,"Follicular lymphoma grade IIIa, intrathoracic lymph nodes",45542639,lymph
C82.33,ICD10CM,"Follicular lymphoma grade IIIa, intra-abdominal lymph nodes",45547535,lymph
C82.43,ICD10CM,"Follicular lymphoma grade IIIb, intra-abdominal lymph nodes",45532948,lymph
C82.52,ICD10CM,"Diffuse follicle center lymphoma, intrathoracic lymph nodes",45576355,lymph
C82.59,ICD10CM,"Diffuse follicle center lymphoma, extranodal and solid organ sites",45537857,lymph
C82.98,ICD10CM,"Follicular lymphoma, unspecified, lymph nodes of multiple sites",45552302,lymph
C83.03,ICD10CM,"Small cell B-cell lymphoma, intra-abdominal lymph nodes",45605304,lymph
C83.07,ICD10CM,"Small cell B-cell lymphoma, spleen",45566634,lymph
C83.09,ICD10CM,"Small cell B-cell lymphoma, extranodal and solid organ sites",45537859,lymph
C83.12,ICD10CM,"Mantle cell lymphoma, intrathoracic lymph nodes",45600548,lymph
C83.30,ICD10CM,"Diffuse large B-cell lymphoma, unspecified site",45561851,lymph
C83.34,ICD10CM,"Diffuse large B-cell lymphoma, lymph nodes of axilla and upper limb",45561853,lymph
C83.38,ICD10CM,"Diffuse large B-cell lymphoma, lymph nodes of multiple sites",45571554,lymph
C83.91,ICD10CM,"Non-follicular (diffuse) lymphoma, unspecified, lymph nodes of head, face, and neck",45566637,lymph
C83.92,ICD10CM,"Non-follicular (diffuse) lymphoma, unspecified, intrathoracic lymph nodes",45571558,lymph
C84.72,ICD10CM,"Anaplastic large cell lymphoma, ALK-negative, intrathoracic lymph nodes",45571563,lymph
C84.99,ICD10CM,"Mature T/NK-cell lymphomas, unspecified, extranodal and solid organ sites",45571565,lymph
C84.A0,ICD10CM,"Cutaneous T-cell lymphoma, unspecified, unspecified site",45590951,lymph
C84.A9,ICD10CM,"Cutaneous T-cell lymphoma, unspecified, extranodal and solid organ sites",45561860,lymph
C84.Z1,ICD10CM,"Other mature T/NK-cell lymphomas, lymph nodes of head, face, and neck",45561861,lymph
C85.14,ICD10CM,"Unspecified B-cell lymphoma, lymph nodes of axilla and upper limb",45605326,lymph
C85.17,ICD10CM,"Unspecified B-cell lymphoma, spleen",45605327,lymph
C85.18,ICD10CM,"Unspecified B-cell lymphoma, lymph nodes of multiple sites",45547548,lymph
C85.19,ICD10CM,"Unspecified B-cell lymphoma, extranodal and solid organ sites",45542658,lymph
C85.21,ICD10CM,"Mediastinal (thymic) large B-cell lymphoma, lymph nodes of head, face, and neck",45581248,lymph
C85.24,ICD10CM,"Mediastinal (thymic) large B-cell lymphoma, lymph nodes of axilla and upper limb",45566641,lymph
C85.29,ICD10CM,"Mediastinal (thymic) large B-cell lymphoma, extranodal and solid organ sites",45561865,lymph
C85.87,ICD10CM,"Other specified types of non-Hodgkin lymphoma, spleen",45537869,lymph
C85.97,ICD10CM,"Non-Hodgkin lymphoma, unspecified, spleen",45537870,lymph
C96.0,ICD10CM,Multifocal and multisystemic (disseminated) Langerhans-cell histiocytosis,35206451,lymph
C82.65,ICD10CM,"Cutaneous follicle center lymphoma, lymph nodes of inguinal region and lower limb",45586036,lymph
C81.10,ICD10CM,"Nodular sclerosis Hodgkin lymphoma, unspecified site",45581229,lymph
C81.49,ICD10CM,"Lymphocyte-rich Hodgkin lymphoma, extranodal and solid organ sites",45590931,lymph
C81.72,ICD10CM,"Other Hodgkin lymphoma, intrathoracic lymph nodes",45552294,lymph
C96.29,ICD10CM,Other malignant mast cell neoplasm,1326487,lymph
C83.73,ICD10CM,"Burkitt lymphoma, intra-abdominal lymph nodes",45576358,lymph
C81.42,ICD10CM,"Lymphocyte-rich Hodgkin lymphoma, intrathoracic lymph nodes",45566625,lymph
C81.16,ICD10CM,"Nodular sclerosis Hodgkin lymphoma, intrapelvic lymph nodes",45537846,lymph
C84.01,ICD10CM,"Mycosis fungoides, lymph nodes of head, face, and neck",45542650,lymph
C84.02,ICD10CM,"Mycosis fungoides, intrathoracic lymph nodes",45590949,lymph
C84.08,ICD10CM,"Mycosis fungoides, lymph nodes of multiple sites",45586048,lymph
C84.15,ICD10CM,"Sézary disease, lymph nodes of inguinal region and lower limb",45537863,lymph
C90.21,ICD10CM,Extramedullary plasmacytoma in remission,45605330,lymph
C81.02,ICD10CM,"Nodular lymphocyte predominant Hodgkin lymphoma, intrathoracic lymph nodes",45552290,lymph
C81.91,ICD10CM,"Hodgkin lymphoma, unspecified, lymph nodes of head, face, and neck",45561842,lymph
C81.92,ICD10CM,"Hodgkin lymphoma, unspecified, intrathoracic lymph nodes",45571546,lymph
C81.94,ICD10CM,"Hodgkin lymphoma, unspecified, lymph nodes of axilla and upper limb",45566628,lymph
C82.01,ICD10CM,"Follicular lymphoma grade I, lymph nodes of head, face, and neck",45532944,lymph
C82.07,ICD10CM,"Follicular lymphoma grade I, spleen",45590934,lymph
C82.12,ICD10CM,"Follicular lymphoma grade II, intrathoracic lymph nodes",45557025,lymph
C82.21,ICD10CM,"Follicular lymphoma grade III, unspecified, lymph nodes of head, face, and neck",45595700,lymph
C82.22,ICD10CM,"Follicular lymphoma grade III, unspecified, intrathoracic lymph nodes",45537853,lymph
C82.40,ICD10CM,"Follicular lymphoma grade IIIb, unspecified site",45586034,lymph
C82.44,ICD10CM,"Follicular lymphoma grade IIIb, lymph nodes of axilla and upper limb",45600542,lymph
C82.46,ICD10CM,"Follicular lymphoma grade IIIb, intrapelvic lymph nodes",45566631,lymph
C82.56,ICD10CM,"Diffuse follicle center lymphoma, intrapelvic lymph nodes",45547536,lymph
C82.58,ICD10CM,"Diffuse follicle center lymphoma, lymph nodes of multiple sites",45537856,lymph
C82.60,ICD10CM,"Cutaneous follicle center lymphoma, unspecified site",45547537,lymph
C82.80,ICD10CM,"Other types of follicular lymphoma, unspecified site",45547538,lymph
C82.82,ICD10CM,"Other types of follicular lymphoma, intrathoracic lymph nodes",45542643,lymph
C82.93,ICD10CM,"Follicular lymphoma, unspecified, intra-abdominal lymph nodes",45590938,lymph
C82.99,ICD10CM,"Follicular lymphoma, unspecified, extranodal and solid organ sites",45561849,lymph
C83.01,ICD10CM,"Small cell B-cell lymphoma, lymph nodes of head, face, and neck",45561850,lymph
C83.02,ICD10CM,"Small cell B-cell lymphoma, intrathoracic lymph nodes",45537858,lymph
C83.04,ICD10CM,"Small cell B-cell lymphoma, lymph nodes of axilla and upper limb",45605305,lymph
C83.53,ICD10CM,"Lymphoblastic (diffuse) lymphoma, intra-abdominal lymph nodes",45586046,lymph
C83.80,ICD10CM,"Other non-follicular lymphoma, unspecified site",45532951,lymph
C83.86,ICD10CM,"Other non-follicular lymphoma, intrapelvic lymph nodes",45557031,lymph
C84.61,ICD10CM,"Anaplastic large cell lymphoma, ALK-positive, lymph nodes of head, face, and neck",45571562,lymph
C84.75,ICD10CM,"Anaplastic large cell lymphoma, ALK-negative, lymph nodes of inguinal region and lower limb",45586052,lymph
C84.77,ICD10CM,"Anaplastic large cell lymphoma, ALK-negative, spleen",45605321,lymph
C84.Z8,ICD10CM,"Other mature T/NK-cell lymphomas, lymph nodes of multiple sites",45552307,lymph
C85.13,ICD10CM,"Unspecified B-cell lymphoma, intra-abdominal lymph nodes",45590955,lymph
C85.15,ICD10CM,"Unspecified B-cell lymphoma, lymph nodes of inguinal region and lower limb",45595713,lymph
C85.22,ICD10CM,"Mediastinal (thymic) large B-cell lymphoma, intrathoracic lymph nodes",45586057,lymph
C85.80,ICD10CM,"Other specified types of non-Hodgkin lymphoma, unspecified site",45561866,lymph
C85.88,ICD10CM,"Other specified types of non-Hodgkin lymphoma, lymph nodes of multiple sites",45576364,lymph
C85.94,ICD10CM,"Non-Hodgkin lymphoma, unspecified, lymph nodes of axilla and upper limb",45561868,lymph
C83.39,ICD10CM,"Diffuse large B-cell lymphoma, extranodal and solid organ sites",45557027,lymph
C82.64,ICD10CM,"Cutaneous follicle center lymphoma, lymph nodes of axilla and upper limb",45566632,lymph
C81.70,ICD10CM,"Other Hodgkin lymphoma, unspecified site",45590932,lymph
C81.71,ICD10CM,"Other Hodgkin lymphoma, lymph nodes of head, face, and neck",45561841,lymph
C81.76,ICD10CM,"Other Hodgkin lymphoma, intrapelvic lymph nodes",45595697,lymph
C84.48,ICD10CM,"Peripheral T-cell lymphoma, not elsewhere classified, lymph nodes of multiple sites",45605317,lymph
C81.44,ICD10CM,"Lymphocyte-rich Hodgkin lymphoma, lymph nodes of axilla and upper limb",45532943,lymph
C81.46,ICD10CM,"Lymphocyte-rich Hodgkin lymphoma, intrapelvic lymph nodes",45595696,lymph
C81.26,ICD10CM,"Mixed cellularity Hodgkin lymphoma, intrapelvic lymph nodes",45552292,lymph
C81.32,ICD10CM,"Lymphocyte depleted Hodgkin lymphoma, intrathoracic lymph nodes",45537849,lymph
C84.05,ICD10CM,"Mycosis fungoides, lymph nodes of inguinal region and lower limb",45552305,lymph
C84.13,ICD10CM,"Sézary disease, intra-abdominal lymph nodes",45581243,lymph
C96.A,ICD10CM,Histiocytic sarcoma,45581266,lymph
C96.4,ICD10CM,Sarcoma of dendritic cells (accessory cells),920125,lymph
C81.04,ICD10CM,"Nodular lymphocyte predominant Hodgkin lymphoma, lymph nodes of axilla and upper limb",45566621,lymph
C81.95,ICD10CM,"Hodgkin lymphoma, unspecified, lymph nodes of inguinal region and lower limb",45552296,lymph
C82.00,ICD10CM,"Follicular lymphoma grade I, unspecified site",45557023,lymph
C82.10,ICD10CM,"Follicular lymphoma grade II, unspecified site",45552297,lymph
C82.17,ICD10CM,"Follicular lymphoma grade II, spleen",45595699,lymph
C82.29,ICD10CM,"Follicular lymphoma grade III, unspecified, extranodal and solid organ sites",45571552,lymph
C82.41,ICD10CM,"Follicular lymphoma grade IIIb, lymph nodes of head, face, and neck",45542640,lymph
C82.47,ICD10CM,"Follicular lymphoma grade IIIb, spleen",45537854,lymph
C82.92,ICD10CM,"Follicular lymphoma, unspecified, intrathoracic lymph nodes",45581238,lymph
C82.97,ICD10CM,"Follicular lymphoma, unspecified, spleen",45561848,lymph
C83.36,ICD10CM,"Diffuse large B-cell lymphoma, intrapelvic lymph nodes",45547540,lymph
C83.50,ICD10CM,"Lymphoblastic (diffuse) lymphoma, unspecified site",45586045,lymph
C83.81,ICD10CM,"Other non-follicular lymphoma, lymph nodes of head, face, and neck",45605311,lymph
C83.82,ICD10CM,"Other non-follicular lymphoma, intrathoracic lymph nodes",45590946,lymph
C83.84,ICD10CM,"Other non-follicular lymphoma, lymph nodes of axilla and upper limb",45552304,lymph
C83.89,ICD10CM,"Other non-follicular lymphoma, extranodal and solid organ sites",45532952,lymph
C83.93,ICD10CM,"Non-follicular (diffuse) lymphoma, unspecified, intra-abdominal lymph nodes",45581241,lymph
C83.97,ICD10CM,"Non-follicular (diffuse) lymphoma, unspecified, spleen",45537862,lymph
C84.63,ICD10CM,"Anaplastic large cell lymphoma, ALK-positive, intra-abdominal lymph nodes",45552306,lymph
C84.66,ICD10CM,"Anaplastic large cell lymphoma, ALK-positive, intrapelvic lymph nodes",45561859,lymph
C84.67,ICD10CM,"Anaplastic large cell lymphoma, ALK-positive, spleen",45605319,lymph
C84.A2,ICD10CM,"Cutaneous T-cell lymphoma, unspecified, intrathoracic lymph nodes",45586055,lymph
C84.Z2,ICD10CM,"Other mature T/NK-cell lymphomas, intrathoracic lymph nodes",45547546,lymph
C84.Z9,ICD10CM,"Other mature T/NK-cell lymphomas, extranodal and solid organ sites",45561863,lymph
C85.11,ICD10CM,"Unspecified B-cell lymphoma, lymph nodes of head, face, and neck",45581247,lymph
C85.92,ICD10CM,"Non-Hodgkin lymphoma, unspecified, intrathoracic lymph nodes",45547549,lymph
C85.93,ICD10CM,"Non-Hodgkin lymphoma, unspecified, intra-abdominal lymph nodes",45600559,lymph
C90.00,ICD10CM,Multiple myeloma not having achieved remission,45605329,lymph
C82.66,ICD10CM,"Cutaneous follicle center lymphoma, intrapelvic lymph nodes",45581237,lymph
C81.25,ICD10CM,"Mixed cellularity Hodgkin lymphoma, lymph nodes of inguinal region and lower limb",45537848,lymph
C81.31,ICD10CM,"Lymphocyte depleted Hodgkin lymphoma, lymph nodes of head, face, and neck",45566624,lymph
C84.40,ICD10CM,"Peripheral T-cell lymphoma, not elsewhere classified, unspecified site",45542652,lymph
C84.44,ICD10CM,"Peripheral T-cell lymphoma, not elsewhere classified, lymph nodes of axilla and upper limb",45542653,lymph
C83.70,ICD10CM,"Burkitt lymphoma, unspecified site",45566635,lymph
C88.2,ICD10CM,Heavy chain disease,35206427,lymph
C84.10,ICD10CM,"Sézary disease, unspecified site",45586049,lymph
C83.78,ICD10CM,"Burkitt lymphoma, lymph nodes of multiple sites",45561854,lymph
C81.14,ICD10CM,"Nodular sclerosis Hodgkin lymphoma, lymph nodes of axilla and upper limb",45532942,lymph
C81.21,ICD10CM,"Mixed cellularity Hodgkin lymphoma, lymph nodes of head, face, and neck",45552291,lymph
C81.36,ICD10CM,"Lymphocyte depleted Hodgkin lymphoma, intrapelvic lymph nodes",45605295,lymph
C84.12,ICD10CM,"Sézary disease, intrathoracic lymph nodes",45557032,lymph
C84.17,ICD10CM,"Sézary disease, spleen",45605315,lymph
C83.77,ICD10CM,"Burkitt lymphoma, spleen",45537860,lymph
C81.00,ICD10CM,"Nodular lymphocyte predominant Hodgkin lymphoma, unspecified site",45581228,lymph
C81.05,ICD10CM,"Nodular lymphocyte predominant Hodgkin lymphoma, lymph nodes of inguinal region and lower limb",45590928,lymph
C81.96,ICD10CM,"Hodgkin lymphoma, unspecified, intrapelvic lymph nodes",45557022,lymph
C82.08,ICD10CM,"Follicular lymphoma grade I, lymph nodes of multiple sites",45532945,lymph
C82.09,ICD10CM,"Follicular lymphoma grade I, extranodal and solid organ sites",45571550,lymph
C82.15,ICD10CM,"Follicular lymphoma grade II, lymph nodes of inguinal region and lower limb",45561843,lymph
C82.16,ICD10CM,"Follicular lymphoma grade II, intrapelvic lymph nodes",45576349,lymph
C82.25,ICD10CM,"Follicular lymphoma grade III, unspecified, lymph nodes of inguinal region and lower limb",45547534,lymph
C82.34,ICD10CM,"Follicular lymphoma grade IIIa, lymph nodes of axilla and upper limb",45532947,lymph
C82.35,ICD10CM,"Follicular lymphoma grade IIIa, lymph nodes of inguinal region and lower limb",45595702,lymph
C82.55,ICD10CM,"Diffuse follicle center lymphoma, lymph nodes of inguinal region and lower limb",45581236,lymph
C82.67,ICD10CM,"Cutaneous follicle center lymphoma, spleen",45571553,lymph
C82.81,ICD10CM,"Other types of follicular lymphoma, lymph nodes of head, face, and neck",45595703,lymph
C82.83,ICD10CM,"Other types of follicular lymphoma, intra-abdominal lymph nodes",45586037,lymph
C82.89,ICD10CM,"Other types of follicular lymphoma, extranodal and solid organ sites",45561847,lymph
C82.91,ICD10CM,"Follicular lymphoma, unspecified, lymph nodes of head, face, and neck",45542645,lymph
C82.94,ICD10CM,"Follicular lymphoma, unspecified, lymph nodes of axilla and upper limb",45581239,lymph
C82.96,ICD10CM,"Follicular lymphoma, unspecified, intrapelvic lymph nodes",45552301,lymph
C83.05,ICD10CM,"Small cell B-cell lymphoma, lymph nodes of inguinal region and lower limb",45590940,lymph
C83.15,ICD10CM,"Mantle cell lymphoma, lymph nodes of inguinal region and lower limb",45586041,lymph
C83.16,ICD10CM,"Mantle cell lymphoma, intrapelvic lymph nodes",45547539,lymph
C83.18,ICD10CM,"Mantle cell lymphoma, lymph nodes of multiple sites",45595704,lymph
C83.31,ICD10CM,"Diffuse large B-cell lymphoma, lymph nodes of head, face, and neck",45561852,lymph
C83.32,ICD10CM,"Diffuse large B-cell lymphoma, intrathoracic lymph nodes",45595705,lymph
C83.55,ICD10CM,"Lymphoblastic (diffuse) lymphoma, lymph nodes of inguinal region and lower limb",45595706,lymph
C83.59,ICD10CM,"Lymphoblastic (diffuse) lymphoma, extranodal and solid organ sites",45590944,lymph
C83.79,ICD10CM,"Burkitt lymphoma, extranodal and solid organ sites",45605310,lymph
C83.90,ICD10CM,"Non-follicular (diffuse) lymphoma, unspecified, unspecified site",45571557,lymph
C83.94,ICD10CM,"Non-follicular (diffuse) lymphoma, unspecified, lymph nodes of axilla and upper limb",45590947,lymph
C83.96,ICD10CM,"Non-follicular (diffuse) lymphoma, unspecified, intrapelvic lymph nodes",45600552,lymph
C84.19,ICD10CM,"Sézary disease, extranodal and solid organ sites",45557033,lymph
C84.65,ICD10CM,"Anaplastic large cell lymphoma, ALK-positive, lymph nodes of inguinal region and lower limb",45576361,lymph
C84.74,ICD10CM,"Anaplastic large cell lymphoma, ALK-negative, lymph nodes of axilla and upper limb",45547545,lymph
C84.95,ICD10CM,"Mature T/NK-cell lymphomas, unspecified, lymph nodes of inguinal region and lower limb",45542656,lymph
C84.A1,ICD10CM,"Cutaneous T-cell lymphoma, unspecified lymph nodes of head, face, and neck",45600558,lymph
C84.A3,ICD10CM,"Cutaneous T-cell lymphoma, unspecified, intra-abdominal lymph nodes",45566639,lymph
C84.A5,ICD10CM,"Cutaneous T-cell lymphoma, unspecified, lymph nodes of inguinal region and lower limb",45537867,lymph
C84.A8,ICD10CM,"Cutaneous T-cell lymphoma, unspecified, lymph nodes of multiple sites",45581246,lymph
C84.Z4,ICD10CM,"Other mature T/NK-cell lymphomas, lymph nodes of axilla and upper limb",45590953,lymph
C85.86,ICD10CM,"Other specified types of non-Hodgkin lymphoma, intrapelvic lymph nodes",45586058,lymph
C85.90,ICD10CM,"Non-Hodgkin lymphoma, unspecified, unspecified site",45590959,lymph
C85.96,ICD10CM,"Non-Hodgkin lymphoma, unspecified, intrapelvic lymph nodes",45600560,lymph
C81.75,ICD10CM,"Other Hodgkin lymphoma, lymph nodes of inguinal region and lower limb",45552295,lymph
C81.77,ICD10CM,"Other Hodgkin lymphoma, spleen",45547533,lymph
C96.20,ICD10CM,"Malignant mast cell neoplasm, unspecified",1326484,lymph
C84.7A,ICD10CM,"Anaplastic large cell lymphoma, ALK-negative, breast",766341,lymph
C88.3,ICD10CM,Immunoproliferative small intestinal disease,35206428,lymph
C81.47,ICD10CM,"Lymphocyte-rich Hodgkin lymphoma, spleen",45605297,lymph
C81.48,ICD10CM,"Lymphocyte-rich Hodgkin lymphoma, lymph nodes of multiple sites",45600537,lymph
C81.22,ICD10CM,"Mixed cellularity Hodgkin lymphoma, intrathoracic lymph nodes",45605292,lymph
C81.37,ICD10CM,"Lymphocyte depleted Hodgkin lymphoma, spleen",45605296,lymph
C84.16,ICD10CM,"Sézary disease, intrapelvic lymph nodes",45581244,lymph
C88.8,ICD10CM,Other malignant immunoproliferative diseases,45547551,lymph
C96.Z,ICD10CM,"Other specified malignant neoplasms of lymphoid, hematopoietic and related tissue",45581267,lymph
C88.9,ICD10CM,"Malignant immunoproliferative disease, unspecified",35206430,lymph
C83.17,ICD10CM,"Mantle cell lymphoma, spleen",45586042,lymph
C81.01,ICD10CM,"Nodular lymphocyte predominant Hodgkin lymphoma, lymph nodes of head, face, and neck",45557019,lymph
C81.03,ICD10CM,"Nodular lymphocyte predominant Hodgkin lymphoma, intra-abdominal lymph nodes",45561837,lymph
C81.08,ICD10CM,"Nodular lymphocyte predominant Hodgkin lymphoma, lymph nodes of multiple sites",45595694,lymph
C81.90,ICD10CM,"Hodgkin lymphoma, unspecified, unspecified site",45600540,lymph
C81.98,ICD10CM,"Hodgkin lymphoma, unspecified, lymph nodes of multiple sites",45581233,lymph
C82.06,ICD10CM,"Follicular lymphoma grade I, intrapelvic lymph nodes",45590933,lymph
C82.11,ICD10CM,"Follicular lymphoma grade II, lymph nodes of head, face, and neck",45537851,lymph
C82.14,ICD10CM,"Follicular lymphoma grade II, lymph nodes of axilla and upper limb",45571551,lymph
C82.18,ICD10CM,"Follicular lymphoma grade II, lymph nodes of multiple sites",45537852,lymph
C82.31,ICD10CM,"Follicular lymphoma grade IIIa, lymph nodes of head, face, and neck",45552298,lymph
C82.45,ICD10CM,"Follicular lymphoma grade IIIb, lymph nodes of inguinal region and lower limb",45542641,lymph
C82.53,ICD10CM,"Diffuse follicle center lymphoma, intra-abdominal lymph nodes",45586035,lymph
C82.57,ICD10CM,"Diffuse follicle center lymphoma, spleen",45537855,lymph
C82.68,ICD10CM,"Cutaneous follicle center lymphoma, lymph nodes of multiple sites",45600545,lymph
C82.84,ICD10CM,"Other types of follicular lymphoma, lymph nodes of axilla and upper limb",45586038,lymph
C82.95,ICD10CM,"Follicular lymphoma, unspecified, lymph nodes of inguinal region and lower limb",45566633,lymph
C83.10,ICD10CM,"Mantle cell lymphoma, unspecified site",45576357,lymph
C83.52,ICD10CM,"Lymphoblastic (diffuse) lymphoma, intrathoracic lymph nodes",45552303,lymph
C83.83,ICD10CM,"Other non-follicular lymphoma, intra-abdominal lymph nodes",45561855,lymph
C83.95,ICD10CM,"Non-follicular (diffuse) lymphoma, unspecified, lymph nodes of inguinal region and lower limb",45537861,lymph
C84.69,ICD10CM,"Anaplastic large cell lymphoma, ALK-positive, extranodal and solid organ sites",45600556,lymph
C84.71,ICD10CM,"Anaplastic large cell lymphoma, ALK-negative, lymph nodes of head, face, and neck",45605320,lymph
C84.91,ICD10CM,"Mature T/NK-cell lymphomas, unspecified, lymph nodes of head, face, and neck",45586054,lymph
C84.92,ICD10CM,"Mature T/NK-cell lymphomas, unspecified, intrathoracic lymph nodes",45600557,lymph
C84.97,ICD10CM,"Mature T/NK-cell lymphomas, unspecified, spleen",45581245,lymph
C84.A4,ICD10CM,"Cutaneous T-cell lymphoma, unspecified, lymph nodes of axilla and upper limb",45532955,lymph
C84.A6,ICD10CM,"Cutaneous T-cell lymphoma, unspecified, intrapelvic lymph nodes",45542657,lymph
C84.Z0,ICD10CM,"Other mature T/NK-cell lymphomas, unspecified site",45590952,lymph
C85.20,ICD10CM,"Mediastinal (thymic) large B-cell lymphoma, unspecified site",45590956,lymph
C85.23,ICD10CM,"Mediastinal (thymic) large B-cell lymphoma, intra-abdominal lymph nodes",45590957,lymph
C85.83,ICD10CM,"Other specified types of non-Hodgkin lymphoma, intra-abdominal lymph nodes",45566643,lymph
C85.91,ICD10CM,"Non-Hodgkin lymphoma, unspecified, lymph nodes of head, face, and neck",45557036,lymph
C85.95,ICD10CM,"Non-Hodgkin lymphoma, unspecified, lymph nodes of inguinal region and lower limb",45547550,lymph
C82.63,ICD10CM,"Cutaneous follicle center lymphoma, intra-abdominal lymph nodes",45605302,lymph
C82.61,ICD10CM,"Cutaneous follicle center lymphoma, lymph nodes of head, face, and neck",45605301,lymph
C81.20,ICD10CM,"Mixed cellularity Hodgkin lymphoma, unspecified site",45590929,lymph
C81.39,ICD10CM,"Lymphocyte depleted Hodgkin lymphoma, extranodal and solid organ sites",45542636,lymph
C81.73,ICD10CM,"Other Hodgkin lymphoma, intra-abdominal lymph nodes",45600538,lymph
C81.74,ICD10CM,"Other Hodgkin lymphoma, lymph nodes of axilla and upper limb",45566627,lymph
C84.49,ICD10CM,"Peripheral T-cell lymphoma, not elsewhere classified, extranodal and solid organ sites",45542655,lymph
C77.3,ICD10CM,Secondary and unspecified malignant neoplasm of axilla and upper limb lymph nodes,35206322,metacanc
C78.2,ICD10CM,Secondary malignant neoplasm of pleura,35206328,metacanc
C79.89,ICD10CM,Secondary malignant neoplasm of other specified sites,45532939,metacanc
C79.31,ICD10CM,Secondary malignant neoplasm of brain,45557016,metacanc
C80.2,ICD10CM,Malignant neoplasm associated with transplanted organ,45557018,metacanc
C78.00,ICD10CM,Secondary malignant neoplasm of unspecified lung,45586027,metacanc
C80.1,ICD10CM,"Malignant (primary) neoplasm, unspecified",45561836,metacanc
C78.6,ICD10CM,Secondary malignant neoplasm of retroperitoneum and peritoneum,35206331,metacanc
C78.4,ICD10CM,Secondary malignant neoplasm of small intestine,35206329,metacanc
C79.32,ICD10CM,Secondary malignant neoplasm of cerebral meninges,45537843,metacanc
C78.30,ICD10CM,Secondary malignant neoplasm of unspecified respiratory organ,45542628,metacanc
C79.01,ICD10CM,Secondary malignant neoplasm of right kidney and renal pelvis,45552283,metacanc
C79.10,ICD10CM,Secondary malignant neoplasm of unspecified urinary organs,45595689,metacanc
C79.63,ICD10CM,Secondary malignant neoplasm of bilateral ovaries,766340,metacanc
C79.2,ICD10CM,Secondary malignant neoplasm of skin,35206333,metacanc
C79.49,ICD10CM,Secondary malignant neoplasm of other parts of nervous system,45532937,metacanc
C77.8,ICD10CM,Secondary and unspecified malignant neoplasm of lymph nodes of multiple regions,35206325,metacanc
C79.81,ICD10CM,Secondary malignant neoplasm of breast,45542630,metacanc
C77.9,ICD10CM,"Secondary and unspecified malignant neoplasm of lymph node, unspecified",35206326,metacanc
C78.1,ICD10CM,Secondary malignant neoplasm of mediastinum,35206327,metacanc
C79.52,ICD10CM,Secondary malignant neoplasm of bone marrow,45552286,metacanc
C79.11,ICD10CM,Secondary malignant neoplasm of bladder,45600527,metacanc
C77.4,ICD10CM,Secondary and unspecified malignant neoplasm of inguinal and lower limb lymph nodes,35206323,metacanc
C79.61,ICD10CM,Secondary malignant neoplasm of right ovary,45542629,metacanc
C78.80,ICD10CM,Secondary malignant neoplasm of unspecified digestive organ,45605288,metacanc
C79.19,ICD10CM,Secondary malignant neoplasm of other urinary organs,45537842,metacanc
C79.70,ICD10CM,Secondary malignant neoplasm of unspecified adrenal gland,45576342,metacanc
C79.9,ICD10CM,Secondary malignant neoplasm of unspecified site,920115,metacanc
C79.51,ICD10CM,Secondary malignant neoplasm of bone,45552285,metacanc
C78.89,ICD10CM,Secondary malignant neoplasm of other digestive organs,45576340,metacanc
C77.2,ICD10CM,Secondary and unspecified malignant neoplasm of intra-abdominal lymph nodes,35206321,metacanc
C77.5,ICD10CM,Secondary and unspecified malignant neoplasm of intrapelvic lymph nodes,35206324,metacanc
C79.40,ICD10CM,Secondary malignant neoplasm of unspecified part of nervous system,45561833,metacanc
C79.60,ICD10CM,Secondary malignant neoplasm of unspecified ovary,45561834,metacanc
C77.1,ICD10CM,Secondary and unspecified malignant neoplasm of intrathoracic lymph nodes,35206320,metacanc
C78.7,ICD10CM,Secondary malignant neoplasm of liver and intrahepatic bile duct,35206332,metacanc
C79.72,ICD10CM,Secondary malignant neoplasm of left adrenal gland,45605289,metacanc
C80.0,ICD10CM,"Disseminated malignant neoplasm, unspecified",35206334,metacanc
C77.0,ICD10CM,"Secondary and unspecified malignant neoplasm of lymph nodes of head, face and neck",35206319,metacanc
C78.5,ICD10CM,Secondary malignant neoplasm of large intestine and rectum,35206330,metacanc
C78.02,ICD10CM,Secondary malignant neoplasm of left lung,45552281,metacanc
C79.02,ICD10CM,Secondary malignant neoplasm of left kidney and renal pelvis,45600526,metacanc
C79.71,ICD10CM,Secondary malignant neoplasm of right adrenal gland,45576343,metacanc
C79.82,ICD10CM,Secondary malignant neoplasm of genital organs,45600528,metacanc
C79.62,ICD10CM,Secondary malignant neoplasm of left ovary,45571541,metacanc
C78.39,ICD10CM,Secondary malignant neoplasm of other respiratory organs,45557015,metacanc
C78.01,ICD10CM,Secondary malignant neoplasm of right lung,45537840,metacanc
C79.00,ICD10CM,Secondary malignant neoplasm of unspecified kidney and renal pelvis,45576341,metacanc
C18.9,ICD10CM,"Malignant neoplasm of colon, unspecified",35206139,solidtum
C45.9,ICD10CM,"Mesothelioma, unspecified",35206212,solidtum
C46.9,ICD10CM,"Kaposi's sarcoma, unspecified",35206218,solidtum
C52,ICD10CM,Malignant neoplasm of vagina,35206242,solidtum
C02.9,ICD10CM,"Malignant neoplasm of tongue, unspecified",35206063,solidtum
C03.0,ICD10CM,Malignant neoplasm of upper gum,35206064,solidtum
C05.0,ICD10CM,Malignant neoplasm of hard palate,35206071,solidtum
C09.1,ICD10CM,Malignant neoplasm of tonsillar pillar (anterior) (posterior),35206085,solidtum
C17.1,ICD10CM,Malignant neoplasm of jejunum,35206125,solidtum
C18.7,ICD10CM,Malignant neoplasm of sigmoid colon,35206137,solidtum
C21.1,ICD10CM,Malignant neoplasm of anal canal,35206143,solidtum
C21.0,ICD10CM,"Malignant neoplasm of anus, unspecified",35206142,solidtum
C24.0,ICD10CM,Malignant neoplasm of extrahepatic bile duct,35206154,solidtum
C24.1,ICD10CM,Malignant neoplasm of ampulla of Vater,35206155,solidtum
C26.1,ICD10CM,Malignant neoplasm of spleen,35206167,solidtum
C38.2,ICD10CM,Malignant neoplasm of posterior mediastinum,35206188,solidtum
C46.4,ICD10CM,Kaposi's sarcoma of gastrointestinal sites,45566592,solidtum
C53.0,ICD10CM,Malignant neoplasm of endocervix,35206243,solidtum
C60.0,ICD10CM,Malignant neoplasm of prepuce,35206261,solidtum
C63.9,ICD10CM,"Malignant neoplasm of male genital organ, unspecified",35206270,solidtum
C68.0,ICD10CM,Malignant neoplasm of urethra,35206284,solidtum
C68.1,ICD10CM,Malignant neoplasm of paraurethral glands,35206285,solidtum
C72.0,ICD10CM,Malignant neoplasm of spinal cord,35206301,solidtum
C75.9,ICD10CM,"Malignant neoplasm of endocrine gland, unspecified",35206312,solidtum
C45.2,ICD10CM,Mesothelioma of pericardium,35206210,solidtum
C49.0,ICD10CM,"Malignant neoplasm of connective and soft tissue of head, face and neck",35206230,solidtum
C63.7,ICD10CM,Malignant neoplasm of other specified male genital organs,35206268,solidtum
C63.8,ICD10CM,Malignant neoplasm of overlapping sites of male genital organs,35206269,solidtum
C53.8,ICD10CM,Malignant neoplasm of overlapping sites of cervix uteri,35206245,solidtum
C11.8,ICD10CM,Malignant neoplasm of overlapping sites of nasopharynx,35206099,solidtum
C43.8,ICD10CM,Malignant melanoma of overlapping sites of skin,35206202,solidtum
C05.8,ICD10CM,Malignant neoplasm of overlapping sites of palate,35206074,solidtum
C51.8,ICD10CM,Malignant neoplasm of overlapping sites of vulva,35206240,solidtum
C34.31,ICD10CM,"Malignant neoplasm of lower lobe, right bronchus or lung",45581205,solidtum
C40.12,ICD10CM,Malignant neoplasm of short bones of left upper limb,45542594,solidtum
C43.72,ICD10CM,"Malignant melanoma of left lower limb, including hip",45547490,solidtum
C47.10,ICD10CM,"Malignant neoplasm of peripheral nerves of unspecified upper limb, including shoulder",45542609,solidtum
C47.11,ICD10CM,"Malignant neoplasm of peripheral nerves of right upper limb, including shoulder",45595661,solidtum
C49.10,ICD10CM,"Malignant neoplasm of connective and soft tissue of unspecified upper limb, including shoulder",45576319,solidtum
C50.411,ICD10CM,Malignant neoplasm of upper-outer quadrant of right female breast,45537821,solidtum
C50.412,ICD10CM,Malignant neoplasm of upper-outer quadrant of left female breast,45561817,solidtum
C50.422,ICD10CM,Malignant neoplasm of upper-outer quadrant of left male breast,45600508,solidtum
C65.1,ICD10CM,Malignant neoplasm of right renal pelvis,45537828,solidtum
C69.41,ICD10CM,Malignant neoplasm of right ciliary body,45561824,solidtum
C69.50,ICD10CM,Malignant neoplasm of unspecified lacrimal gland and duct,45547515,solidtum
C72.22,ICD10CM,Malignant neoplasm of left olfactory nerve,45547517,solidtum
C72.50,ICD10CM,Malignant neoplasm of unspecified cranial nerve,45566614,solidtum
C72.59,ICD10CM,Malignant neoplasm of other cranial nerves,45547518,solidtum
C74.10,ICD10CM,Malignant neoplasm of medulla of unspecified adrenal gland,45542623,solidtum
C76.52,ICD10CM,Malignant neoplasm of left lower limb,45571537,solidtum
C43.111,ICD10CM,"Malignant melanoma of right upper eyelid, including canthus",1595483,solidtum
C43.112,ICD10CM,"Malignant melanoma of right lower eyelid, including canthus",1595484,solidtum
C73,ICD10CM,Malignant neoplasm of thyroid gland,35206304,solidtum
C02.3,ICD10CM,"Malignant neoplasm of anterior two-thirds of tongue, part unspecified",35206060,solidtum
C08.1,ICD10CM,Malignant neoplasm of sublingual gland,35206082,solidtum
C05.1,ICD10CM,Malignant neoplasm of soft palate,35206072,solidtum
C06.9,ICD10CM,"Malignant neoplasm of mouth, unspecified",35206079,solidtum
C11.1,ICD10CM,Malignant neoplasm of posterior wall of nasopharynx,35206096,solidtum
C16.1,ICD10CM,Malignant neoplasm of fundus of stomach,35206116,solidtum
C16.5,ICD10CM,"Malignant neoplasm of lesser curvature of stomach, unspecified",35206120,solidtum
C18.5,ICD10CM,Malignant neoplasm of splenic flexure,35206135,solidtum
C32.3,ICD10CM,Malignant neoplasm of laryngeal cartilage,35206180,solidtum
C41.1,ICD10CM,Malignant neoplasm of mandible,35206195,solidtum
C41.4,ICD10CM,"Malignant neoplasm of pelvic bones, sacrum and coccyx",35206198,solidtum
C46.2,ICD10CM,Kaposi's sarcoma of palate,35206215,solidtum
C58,ICD10CM,Malignant neoplasm of placenta,35206260,solidtum
C71.1,ICD10CM,Malignant neoplasm of frontal lobe,35206292,solidtum
C71.2,ICD10CM,Malignant neoplasm of temporal lobe,35206293,solidtum
C70.1,ICD10CM,Malignant neoplasm of spinal meninges,35206289,solidtum
C75.4,ICD10CM,Malignant neoplasm of carotid body,35206309,solidtum
C49.3,ICD10CM,Malignant neoplasm of connective and soft tissue of thorax,35206231,solidtum
C25.9,ICD10CM,"Malignant neoplasm of pancreas, unspecified",35206165,solidtum
C22.4,ICD10CM,Other sarcomas of liver,35206150,solidtum
C45.7,ICD10CM,Mesothelioma of other sites,35206211,solidtum
C47.5,ICD10CM,Malignant neoplasm of peripheral nerves of pelvis,35206222,solidtum
C32.8,ICD10CM,Malignant neoplasm of overlapping sites of larynx,35206181,solidtum
C16.8,ICD10CM,Malignant neoplasm of overlapping sites of stomach,35206122,solidtum
C51.9,ICD10CM,"Malignant neoplasm of vulva, unspecified",35206241,solidtum
C00.5,ICD10CM,"Malignant neoplasm of lip, unspecified, inner aspect",35206052,solidtum
C13.2,ICD10CM,Malignant neoplasm of posterior wall of hypopharynx,35206104,solidtum
C25.7,ICD10CM,Malignant neoplasm of other parts of pancreas,35206163,solidtum
C00.2,ICD10CM,"Malignant neoplasm of external lip, unspecified",35206049,solidtum
C07,ICD10CM,Malignant neoplasm of parotid gland,35206080,solidtum
C06.89,ICD10CM,Malignant neoplasm of overlapping sites of other parts of mouth,45561783,solidtum
C34.91,ICD10CM,Malignant neoplasm of unspecified part of right bronchus or lung,45600488,solidtum
C34.92,ICD10CM,Malignant neoplasm of unspecified part of left bronchus or lung,45581206,solidtum
C40.80,ICD10CM,Malignant neoplasm of overlapping sites of bone and articular cartilage of unspecified limb,45537802,solidtum
C40.81,ICD10CM,Malignant neoplasm of overlapping sites of bone and articular cartilage of right limb,45581210,solidtum
C40.90,ICD10CM,Malignant neoplasm of unspecified bones and articular cartilage of unspecified limb,45571499,solidtum
C40.91,ICD10CM,Malignant neoplasm of unspecified bones and articular cartilage of right limb,45605269,solidtum
C43.20,ICD10CM,Malignant melanoma of unspecified ear and external auricular canal,45561798,solidtum
C43.21,ICD10CM,Malignant melanoma of right ear and external auricular canal,45571502,solidtum
C43.31,ICD10CM,Malignant melanoma of nose,45542598,solidtum
C43.39,ICD10CM,Malignant melanoma of other parts of face,45561799,solidtum
C43.60,ICD10CM,"Malignant melanoma of unspecified upper limb, including shoulder",45590888,solidtum
C49.20,ICD10CM,"Malignant neoplasm of connective and soft tissue of unspecified lower limb, including hip",45552259,solidtum
C49.21,ICD10CM,"Malignant neoplasm of connective and soft tissue of right lower limb, including hip",45595663,solidtum
C50.321,ICD10CM,Malignant neoplasm of lower-inner quadrant of right male breast,45571521,solidtum
C50.329,ICD10CM,Malignant neoplasm of lower-inner quadrant of unspecified male breast,45590907,solidtum
C50.419,ICD10CM,Malignant neoplasm of upper-outer quadrant of unspecified female breast,45600507,solidtum
C50.522,ICD10CM,Malignant neoplasm of lower-outer quadrant of left male breast,45571522,solidtum
C50.619,ICD10CM,Malignant neoplasm of axillary tail of unspecified female breast,45556995,solidtum
C50.622,ICD10CM,Malignant neoplasm of axillary tail of left male breast,45576326,solidtum
C50.811,ICD10CM,Malignant neoplasm of overlapping sites of right female breast,45576327,solidtum
C50.819,ICD10CM,Malignant neoplasm of overlapping sites of unspecified female breast,45552262,solidtum
C50.821,ICD10CM,Malignant neoplasm of overlapping sites of right male breast,45595668,solidtum
C50.922,ICD10CM,Malignant neoplasm of unspecified site of left male breast,45561820,solidtum
C57.22,ICD10CM,Malignant neoplasm of left round ligament,45605279,solidtum
C62.92,ICD10CM,"Malignant neoplasm of left testis, unspecified whether descended or undescended",45532920,solidtum
C69.11,ICD10CM,Malignant neoplasm of right cornea,45537832,solidtum
C69.12,ICD10CM,Malignant neoplasm of left cornea,45561823,solidtum
C69.60,ICD10CM,Malignant neoplasm of unspecified orbit,45542619,solidtum
C69.61,ICD10CM,Malignant neoplasm of right orbit,45590917,solidtum
C72.20,ICD10CM,Malignant neoplasm of unspecified olfactory nerve,45595684,solidtum
C72.42,ICD10CM,Malignant neoplasm of left acoustic nerve,45557010,solidtum
C64.2,ICD10CM,"Malignant neoplasm of left kidney, except renal pelvis",45586019,solidtum
C65.2,ICD10CM,Malignant neoplasm of left renal pelvis,45547514,solidtum
C66.2,ICD10CM,Malignant neoplasm of left ureter,45576334,solidtum
C43.122,ICD10CM,"Malignant melanoma of left lower eyelid, including canthus",1595486,solidtum
C16.9,ICD10CM,"Malignant neoplasm of stomach, unspecified",35206123,solidtum
C04.0,ICD10CM,Malignant neoplasm of anterior floor of mouth,35206067,solidtum
C05.2,ICD10CM,Malignant neoplasm of uvula,35206073,solidtum
C14.2,ICD10CM,Malignant neoplasm of Waldeyer's ring,35206108,solidtum
C15.3,ICD10CM,Malignant neoplasm of upper third of esophagus,35206110,solidtum
C15.4,ICD10CM,Malignant neoplasm of middle third of esophagus,35206111,solidtum
C16.0,ICD10CM,Malignant neoplasm of cardia,35206115,solidtum
C16.3,ICD10CM,Malignant neoplasm of pyloric antrum,35206118,solidtum
C18.3,ICD10CM,Malignant neoplasm of hepatic flexure,35206133,solidtum
C25.1,ICD10CM,Malignant neoplasm of body of pancreas,35206159,solidtum
C32.0,ICD10CM,Malignant neoplasm of glottis,35206177,solidtum
C38.0,ICD10CM,Malignant neoplasm of heart,35206186,solidtum
C41.3,ICD10CM,"Malignant neoplasm of ribs, sternum and clavicle",35206197,solidtum
C54.9,ICD10CM,"Malignant neoplasm of corpus uteri, unspecified",35206252,solidtum
C57.9,ICD10CM,"Malignant neoplasm of female genital organ, unspecified",35206259,solidtum
C67.6,ICD10CM,Malignant neoplasm of ureteric orifice,35206280,solidtum
C71.0,ICD10CM,"Malignant neoplasm of cerebrum, except lobes and ventricles",35206291,solidtum
C71.7,ICD10CM,Malignant neoplasm of brain stem,35206298,solidtum
C22.1,ICD10CM,Intrahepatic bile duct carcinoma,35206147,solidtum
C57.8,ICD10CM,Malignant neoplasm of overlapping sites of female genital organs,35206258,solidtum
C47.4,ICD10CM,Malignant neoplasm of peripheral nerves of abdomen,35206221,solidtum
C49.8,ICD10CM,Malignant neoplasm of overlapping sites of connective and soft tissue,35206235,solidtum
C13.8,ICD10CM,Malignant neoplasm of overlapping sites of hypopharynx,35206105,solidtum
C38.8,ICD10CM,"Malignant neoplasm of overlapping sites of heart, mediastinum and pleura",35206191,solidtum
C00.0,ICD10CM,Malignant neoplasm of external upper lip,35206047,solidtum
C18.1,ICD10CM,Malignant neoplasm of appendix,35206131,solidtum
C51.1,ICD10CM,Malignant neoplasm of labium minus,35206238,solidtum
C54.2,ICD10CM,Malignant neoplasm of myometrium,35206249,solidtum
C75.2,ICD10CM,Malignant neoplasm of craniopharyngeal duct,35206307,solidtum
C02.2,ICD10CM,Malignant neoplasm of ventral surface of tongue,35206059,solidtum
C37,ICD10CM,Malignant neoplasm of thymus,35206185,solidtum
C71.8,ICD10CM,Malignant neoplasm of overlapping sites of brain,35206299,solidtum
C22.8,ICD10CM,"Malignant neoplasm of liver, primary, unspecified as to type",45585987,solidtum
C34.00,ICD10CM,Malignant neoplasm of unspecified main bronchus,45581204,solidtum
C34.12,ICD10CM,"Malignant neoplasm of upper lobe, left bronchus or lung",45571494,solidtum
C46.52,ICD10CM,Kaposi's sarcoma of left lung,45595659,solidtum
C49.12,ICD10CM,"Malignant neoplasm of connective and soft tissue of left upper limb, including shoulder",45566596,solidtum
C50.229,ICD10CM,Malignant neoplasm of upper-inner quadrant of unspecified male breast,45561814,solidtum
C50.611,ICD10CM,Malignant neoplasm of axillary tail of right female breast,45586013,solidtum
C50.612,ICD10CM,Malignant neoplasm of axillary tail of left female breast,45581222,solidtum
C50.621,ICD10CM,Malignant neoplasm of axillary tail of right male breast,45600510,solidtum
C50.822,ICD10CM,Malignant neoplasm of overlapping sites of left male breast,45566603,solidtum
C50.921,ICD10CM,Malignant neoplasm of unspecified site of right male breast,45571523,solidtum
C57.01,ICD10CM,Malignant neoplasm of right fallopian tube,45566607,solidtum
C57.02,ICD10CM,Malignant neoplasm of left fallopian tube,45595672,solidtum
C62.90,ICD10CM,"Malignant neoplasm of unspecified testis, unspecified whether descended or undescended",45532919,solidtum
C63.01,ICD10CM,Malignant neoplasm of right epididymis,45547510,solidtum
C66.1,ICD10CM,Malignant neoplasm of right ureter,45532923,solidtum
C69.30,ICD10CM,Malignant neoplasm of unspecified choroid,45590916,solidtum
C69.31,ICD10CM,Malignant neoplasm of right choroid,45532927,solidtum
C72.40,ICD10CM,Malignant neoplasm of unspecified acoustic nerve,45605286,solidtum
C72.41,ICD10CM,Malignant neoplasm of right acoustic nerve,45586023,solidtum
C74.00,ICD10CM,Malignant neoplasm of cortex of unspecified adrenal gland,45600522,solidtum
C76.42,ICD10CM,Malignant neoplasm of left upper limb,45600524,solidtum
C76.50,ICD10CM,Malignant neoplasm of unspecified lower limb,45600525,solidtum
C56.2,ICD10CM,Malignant neoplasm of left ovary,45532915,solidtum
C56.3,ICD10CM,Malignant neoplasm of bilateral ovaries,766339,solidtum
C06.1,ICD10CM,Malignant neoplasm of vestibule of mouth,35206077,solidtum
C10.9,ICD10CM,"Malignant neoplasm of oropharynx, unspecified",35206094,solidtum
C11.9,ICD10CM,"Malignant neoplasm of nasopharynx, unspecified",35206100,solidtum
C11.2,ICD10CM,Malignant neoplasm of lateral wall of nasopharynx,35206097,solidtum
C48.0,ICD10CM,Malignant neoplasm of retroperitoneum,35206226,solidtum
C48.2,ICD10CM,"Malignant neoplasm of peritoneum, unspecified",35206228,solidtum
C38.1,ICD10CM,Malignant neoplasm of anterior mediastinum,35206187,solidtum
C43.0,ICD10CM,Malignant melanoma of lip,35206200,solidtum
C46.1,ICD10CM,Kaposi's sarcoma of soft tissue,35206214,solidtum
C46.3,ICD10CM,Kaposi's sarcoma of lymph nodes,35206216,solidtum
C55,ICD10CM,"Malignant neoplasm of uterus, part unspecified",35206253,solidtum
C63.2,ICD10CM,Malignant neoplasm of scrotum,35206267,solidtum
C22.2,ICD10CM,Hepatoblastoma,35206148,solidtum
C43.4,ICD10CM,Malignant melanoma of scalp and neck,35206201,solidtum
C22.7,ICD10CM,Other specified carcinomas of liver,35206151,solidtum
C49.9,ICD10CM,"Malignant neoplasm of connective and soft tissue, unspecified",35206236,solidtum
C46.7,ICD10CM,Kaposi's sarcoma of other sites,35206217,solidtum
C57.7,ICD10CM,Malignant neoplasm of other specified female genital organs,35206257,solidtum
C70.9,ICD10CM,"Malignant neoplasm of meninges, unspecified",35206290,solidtum
C75.8,ICD10CM,"Malignant neoplasm with pluriglandular involvement, unspecified",35206311,solidtum
C25.8,ICD10CM,Malignant neoplasm of overlapping sites of pancreas,35206164,solidtum
C67.8,ICD10CM,Malignant neoplasm of overlapping sites of bladder,35206282,solidtum
C00.3,ICD10CM,"Malignant neoplasm of upper lip, inner aspect",35206050,solidtum
C00.8,ICD10CM,Malignant neoplasm of overlapping sites of lip,35206054,solidtum
C04.1,ICD10CM,Malignant neoplasm of lateral floor of mouth,35206068,solidtum
C10.1,ICD10CM,Malignant neoplasm of anterior surface of epiglottis,35206089,solidtum
C02.8,ICD10CM,Malignant neoplasm of overlapping sites of tongue,35206062,solidtum
C24.9,ICD10CM,"Malignant neoplasm of biliary tract, unspecified",35206157,solidtum
C09.9,ICD10CM,"Malignant neoplasm of tonsil, unspecified",35206087,solidtum
C45.0,ICD10CM,Mesothelioma of pleura,35206208,solidtum
C34.02,ICD10CM,Malignant neoplasm of left main bronchus,45532899,solidtum
C34.32,ICD10CM,"Malignant neoplasm of lower lobe, left bronchus or lung",45556973,solidtum
C40.00,ICD10CM,Malignant neoplasm of scapula and long bones of unspecified upper limb,45605267,solidtum
C50.012,ICD10CM,"Malignant neoplasm of nipple and areola, left female breast",45571519,solidtum
C50.029,ICD10CM,"Malignant neoplasm of nipple and areola, unspecified male breast",45542613,solidtum
C50.219,ICD10CM,Malignant neoplasm of upper-inner quadrant of unspecified female breast,45586011,solidtum
C50.311,ICD10CM,Malignant neoplasm of lower-inner quadrant of right female breast,45561815,solidtum
C50.421,ICD10CM,Malignant neoplasm of upper-outer quadrant of right male breast,45561818,solidtum
C50.511,ICD10CM,Malignant neoplasm of lower-outer quadrant of right female breast,45590909,solidtum
C50.512,ICD10CM,Malignant neoplasm of lower-outer quadrant of left female breast,45605276,solidtum
C50.521,ICD10CM,Malignant neoplasm of lower-outer quadrant of right male breast,45605277,solidtum
C50.529,ICD10CM,Malignant neoplasm of lower-outer quadrant of unspecified male breast,45537822,solidtum
C56.1,ICD10CM,Malignant neoplasm of right ovary,45571525,solidtum
C57.00,ICD10CM,Malignant neoplasm of unspecified fallopian tube,45586017,solidtum
C62.00,ICD10CM,Malignant neoplasm of unspecified undescended testis,45600515,solidtum
C62.01,ICD10CM,Malignant neoplasm of undescended right testis,45586018,solidtum
C72.21,ICD10CM,Malignant neoplasm of right olfactory nerve,45542622,solidtum
C72.32,ICD10CM,Malignant neoplasm of left optic nerve,45557009,solidtum
C76.8,ICD10CM,Malignant neoplasm of other specified ill-defined sites,35206318,solidtum
C49.A9,ICD10CM,Gastrointestinal stromal tumor of other sites,37200009,solidtum
C43.121,ICD10CM,"Malignant melanoma of left upper eyelid, including canthus",1595485,solidtum
C53.9,ICD10CM,"Malignant neoplasm of cervix uteri, unspecified",35206246,solidtum
C03.9,ICD10CM,"Malignant neoplasm of gum, unspecified",35206066,solidtum
C13.9,ICD10CM,"Malignant neoplasm of hypopharynx, unspecified",35206106,solidtum
C13.1,ICD10CM,"Malignant neoplasm of aryepiglottic fold, hypopharyngeal aspect",35206103,solidtum
C17.9,ICD10CM,"Malignant neoplasm of small intestine, unspecified",35206129,solidtum
C23,ICD10CM,Malignant neoplasm of gallbladder,35206153,solidtum
C25.2,ICD10CM,Malignant neoplasm of tail of pancreas,35206160,solidtum
C31.9,ICD10CM,"Malignant neoplasm of accessory sinus, unspecified",35206176,solidtum
C31.2,ICD10CM,Malignant neoplasm of frontal sinus,35206173,solidtum
C34.2,ICD10CM,"Malignant neoplasm of middle lobe, bronchus or lung",35206184,solidtum
C60.2,ICD10CM,Malignant neoplasm of body of penis,35206263,solidtum
C71.9,ICD10CM,"Malignant neoplasm of brain, unspecified",35206300,solidtum
C71.6,ICD10CM,Malignant neoplasm of cerebellum,35206297,solidtum
C75.0,ICD10CM,Malignant neoplasm of parathyroid gland,35206305,solidtum
C49.6,ICD10CM,"Malignant neoplasm of connective and soft tissue of trunk, unspecified",35206234,solidtum
C72.9,ICD10CM,"Malignant neoplasm of central nervous system, unspecified",35206303,solidtum
C54.8,ICD10CM,Malignant neoplasm of overlapping sites of corpus uteri,35206251,solidtum
C47.3,ICD10CM,Malignant neoplasm of peripheral nerves of thorax,35206220,solidtum
C04.8,ICD10CM,Malignant neoplasm of overlapping sites of floor of mouth,35206069,solidtum
C17.8,ICD10CM,Malignant neoplasm of overlapping sites of small intestine,35206128,solidtum
C00.1,ICD10CM,Malignant neoplasm of external lower lip,35206048,solidtum
C75.5,ICD10CM,Malignant neoplasm of aortic body and other paraganglia,35206310,solidtum
C02.1,ICD10CM,Malignant neoplasm of border of tongue,35206058,solidtum
C10.4,ICD10CM,Malignant neoplasm of branchial cleft,35206092,solidtum
C51.0,ICD10CM,Malignant neoplasm of labium majus,35206237,solidtum
C54.0,ICD10CM,Malignant neoplasm of isthmus uteri,35206247,solidtum
C67.0,ICD10CM,Malignant neoplasm of trigone of bladder,35206274,solidtum
C67.1,ICD10CM,Malignant neoplasm of dome of bladder,35206275,solidtum
C15.9,ICD10CM,"Malignant neoplasm of esophagus, unspecified",35206114,solidtum
C48.8,ICD10CM,Malignant neoplasm of overlapping sites of retroperitoneum and peritoneum,35206229,solidtum
C06.80,ICD10CM,Malignant neoplasm of overlapping sites of unspecified parts of mouth,45537790,solidtum
C34.82,ICD10CM,Malignant neoplasm of overlapping sites of left bronchus and lung,45576310,solidtum
C39.9,ICD10CM,"Malignant neoplasm of lower respiratory tract, part unspecified",35206193,solidtum
C43.10,ICD10CM,"Malignant melanoma of unspecified eyelid, including canthus",45561797,solidtum
C43.62,ICD10CM,"Malignant melanoma of left upper limb, including shoulder",45581211,solidtum
C43.71,ICD10CM,"Malignant melanoma of right lower limb, including hip",45542599,solidtum
C47.12,ICD10CM,"Malignant neoplasm of peripheral nerves of left upper limb, including shoulder",45566594,solidtum
C47.20,ICD10CM,"Malignant neoplasm of peripheral nerves of unspecified lower limb, including hip",45566595,solidtum
C47.22,ICD10CM,"Malignant neoplasm of peripheral nerves of left lower limb, including hip",45571513,solidtum
C49.11,ICD10CM,"Malignant neoplasm of connective and soft tissue of right upper limb, including shoulder",45590904,solidtum
C50.011,ICD10CM,"Malignant neoplasm of nipple and areola, right female breast",45566599,solidtum
C50.122,ICD10CM,Malignant neoplasm of central portion of left male breast,45586010,solidtum
C50.211,ICD10CM,Malignant neoplasm of upper-inner quadrant of right female breast,45561812,solidtum
C50.319,ICD10CM,Malignant neoplasm of lower-inner quadrant of unspecified female breast,45566602,solidtum
C50.629,ICD10CM,Malignant neoplasm of axillary tail of unspecified male breast,45537823,solidtum
C57.12,ICD10CM,Malignant neoplasm of left broad ligament,45590911,solidtum
C57.21,ICD10CM,Malignant neoplasm of right round ligament,45561821,solidtum
C63.02,ICD10CM,Malignant neoplasm of left epididymis,45547511,solidtum
C66.9,ICD10CM,Malignant neoplasm of unspecified ureter,45581225,solidtum
C69.10,ICD10CM,Malignant neoplasm of unspecified cornea,45595678,solidtum
C69.42,ICD10CM,Malignant neoplasm of left ciliary body,45605284,solidtum
C69.51,ICD10CM,Malignant neoplasm of right lacrimal gland and duct,45561825,solidtum
C69.62,ICD10CM,Malignant neoplasm of left orbit,45552274,solidtum
C69.80,ICD10CM,Malignant neoplasm of overlapping sites of unspecified eye and adnexa,45571531,solidtum
C74.92,ICD10CM,Malignant neoplasm of unspecified part of left adrenal gland,45566616,solidtum
C76.40,ICD10CM,Malignant neoplasm of unspecified upper limb,45557011,solidtum
C76.51,ICD10CM,Malignant neoplasm of right lower limb,45571536,solidtum
C49.A1,ICD10CM,Gastrointestinal stromal tumor of esophagus,37200004,solidtum
C67.9,ICD10CM,"Malignant neoplasm of bladder, unspecified",35206283,solidtum
C43.9,ICD10CM,"Malignant melanoma of skin, unspecified",35206203,solidtum
C08.0,ICD10CM,Malignant neoplasm of submandibular gland,35206081,solidtum
C04.9,ICD10CM,"Malignant neoplasm of floor of mouth, unspecified",35206070,solidtum
C10.3,ICD10CM,Malignant neoplasm of posterior wall of oropharynx,35206091,solidtum
C11.3,ICD10CM,Malignant neoplasm of anterior wall of nasopharynx,35206098,solidtum
C17.0,ICD10CM,Malignant neoplasm of duodenum,35206124,solidtum
C19,ICD10CM,Malignant neoplasm of rectosigmoid junction,35206140,solidtum
C25.0,ICD10CM,Malignant neoplasm of head of pancreas,35206158,solidtum
C32.1,ICD10CM,Malignant neoplasm of supraglottis,35206178,solidtum
C38.3,ICD10CM,"Malignant neoplasm of mediastinum, part unspecified",35206189,solidtum
C39.0,ICD10CM,"Malignant neoplasm of upper respiratory tract, part unspecified",35206192,solidtum
C57.3,ICD10CM,Malignant neoplasm of parametrium,35206255,solidtum
C60.1,ICD10CM,Malignant neoplasm of glans penis,35206262,solidtum
C60.9,ICD10CM,"Malignant neoplasm of penis, unspecified",35206265,solidtum
C49.4,ICD10CM,Malignant neoplasm of connective and soft tissue of abdomen,35206232,solidtum
C71.5,ICD10CM,Malignant neoplasm of cerebral ventricle,35206296,solidtum
C47.9,ICD10CM,"Malignant neoplasm of peripheral nerves and autonomic nervous system, unspecified",35206225,solidtum
C47.0,ICD10CM,"Malignant neoplasm of peripheral nerves of head, face and neck",35206219,solidtum
C24.8,ICD10CM,Malignant neoplasm of overlapping sites of biliary tract,35206156,solidtum
C03.1,ICD10CM,Malignant neoplasm of lower gum,35206065,solidtum
C10.8,ICD10CM,Malignant neoplasm of overlapping sites of oropharynx,35206093,solidtum
C13.0,ICD10CM,Malignant neoplasm of postcricoid region,35206102,solidtum
C14.8,ICD10CM,"Malignant neoplasm of overlapping sites of lip, oral cavity and pharynx",35206109,solidtum
C25.4,ICD10CM,Malignant neoplasm of endocrine pancreas,35206162,solidtum
C30.1,ICD10CM,Malignant neoplasm of middle ear,35206170,solidtum
C54.3,ICD10CM,Malignant neoplasm of fundus uteri,35206250,solidtum
C67.2,ICD10CM,Malignant neoplasm of lateral wall of bladder,35206276,solidtum
C75.1,ICD10CM,Malignant neoplasm of pituitary gland,35206306,solidtum
C43.52,ICD10CM,Malignant melanoma of skin of breast,45585993,solidtum
C20,ICD10CM,Malignant neoplasm of rectum,35206141,solidtum
C34.30,ICD10CM,"Malignant neoplasm of lower lobe, unspecified bronchus or lung",45566582,solidtum
C34.90,ICD10CM,Malignant neoplasm of unspecified part of unspecified bronchus or lung,45590885,solidtum
C40.01,ICD10CM,Malignant neoplasm of scapula and long bones of right upper limb,45542593,solidtum
C40.22,ICD10CM,Malignant neoplasm of long bones of left lower limb,45581209,solidtum
C40.31,ICD10CM,Malignant neoplasm of short bones of right lower limb,45547488,solidtum
C43.22,ICD10CM,Malignant melanoma of left ear and external auricular canal,45566584,solidtum
C43.30,ICD10CM,Malignant melanoma of unspecified part of face,45605271,solidtum
C46.50,ICD10CM,Kaposi's sarcoma of unspecified lung,45552256,solidtum
C50.021,ICD10CM,"Malignant neoplasm of nipple and areola, right male breast",45566600,solidtum
C50.111,ICD10CM,Malignant neoplasm of central portion of right female breast,45532911,solidtum
C50.121,ICD10CM,Malignant neoplasm of central portion of right male breast,45532912,solidtum
C50.222,ICD10CM,Malignant neoplasm of upper-inner quadrant of left male breast,45595667,solidtum
C50.312,ICD10CM,Malignant neoplasm of lower-inner quadrant of left female breast,45576325,solidtum
C50.322,ICD10CM,Malignant neoplasm of lower-inner quadrant of left male breast,45586012,solidtum
C50.911,ICD10CM,Malignant neoplasm of unspecified site of right female breast,45586014,solidtum
C62.02,ICD10CM,Malignant neoplasm of undescended left testis,45557001,solidtum
C63.11,ICD10CM,Malignant neoplasm of right spermatic cord,45561822,solidtum
C69.21,ICD10CM,Malignant neoplasm of right retina,45552273,solidtum
C69.82,ICD10CM,Malignant neoplasm of overlapping sites of left eye and adnexa,45605285,solidtum
C69.90,ICD10CM,Malignant neoplasm of unspecified site of unspecified eye,45537833,solidtum
C69.91,ICD10CM,Malignant neoplasm of unspecified site of right eye,45537834,solidtum
C74.01,ICD10CM,Malignant neoplasm of cortex of right adrenal gland,45586026,solidtum
C49.A0,ICD10CM,"Gastrointestinal stromal tumor, unspecified site",37200003,solidtum
C54.1,ICD10CM,Malignant neoplasm of endometrium,35206248,solidtum
C00.9,ICD10CM,"Malignant neoplasm of lip, unspecified",35206055,solidtum
C01,ICD10CM,Malignant neoplasm of base of tongue,35206056,solidtum
C02.0,ICD10CM,Malignant neoplasm of dorsal surface of tongue,35206057,solidtum
C10.0,ICD10CM,Malignant neoplasm of vallecula,35206088,solidtum
C10.2,ICD10CM,Malignant neoplasm of lateral wall of oropharynx,35206090,solidtum
C11.0,ICD10CM,Malignant neoplasm of superior wall of nasopharynx,35206095,solidtum
C14.0,ICD10CM,"Malignant neoplasm of pharynx, unspecified",35206107,solidtum
C15.5,ICD10CM,Malignant neoplasm of lower third of esophagus,35206112,solidtum
C16.4,ICD10CM,Malignant neoplasm of pylorus,35206119,solidtum
C16.2,ICD10CM,Malignant neoplasm of body of stomach,35206117,solidtum
C18.0,ICD10CM,Malignant neoplasm of cecum,35206130,solidtum
C25.3,ICD10CM,Malignant neoplasm of pancreatic duct,35206161,solidtum
C48.1,ICD10CM,Malignant neoplasm of specified parts of peritoneum,35206227,solidtum
C31.1,ICD10CM,Malignant neoplasm of ethmoidal sinus,35206172,solidtum
C31.3,ICD10CM,Malignant neoplasm of sphenoid sinus,35206174,solidtum
C32.2,ICD10CM,Malignant neoplasm of subglottis,35206179,solidtum
C38.4,ICD10CM,Malignant neoplasm of pleura,35206190,solidtum
C46.0,ICD10CM,Kaposi's sarcoma of skin,35206213,solidtum
C57.4,ICD10CM,"Malignant neoplasm of uterine adnexa, unspecified",35206256,solidtum
C51.2,ICD10CM,Malignant neoplasm of clitoris,35206239,solidtum
C67.3,ICD10CM,Malignant neoplasm of anterior wall of bladder,35206277,solidtum
C67.5,ICD10CM,Malignant neoplasm of bladder neck,35206279,solidtum
C67.7,ICD10CM,Malignant neoplasm of urachus,35206281,solidtum
C76.2,ICD10CM,Malignant neoplasm of abdomen,35206315,solidtum
C22.9,ICD10CM,"Malignant neoplasm of liver, not specified as primary or secondary",35206152,solidtum
C22.3,ICD10CM,Angiosarcoma of liver,35206149,solidtum
C68.9,ICD10CM,"Malignant neoplasm of urinary organ, unspecified",35206287,solidtum
C72.1,ICD10CM,Malignant neoplasm of cauda equina,35206302,solidtum
C15.8,ICD10CM,Malignant neoplasm of overlapping sites of esophagus,35206113,solidtum
C61,ICD10CM,Malignant neoplasm of prostate,35206266,solidtum
C08.9,ICD10CM,"Malignant neoplasm of major salivary gland, unspecified",35206083,solidtum
C21.8,ICD10CM,"Malignant neoplasm of overlapping sites of rectum, anus and anal canal",35206145,solidtum
C49.A2,ICD10CM,Gastrointestinal stromal tumor of stomach,37200005,solidtum
C22.0,ICD10CM,Liver cell carcinoma,35206146,solidtum
C00.6,ICD10CM,"Malignant neoplasm of commissure of lip, unspecified",35206053,solidtum
C34.01,ICD10CM,Malignant neoplasm of right main bronchus,45590884,solidtum
C34.11,ICD10CM,"Malignant neoplasm of upper lobe, right bronchus or lung",45561794,solidtum
C34.81,ICD10CM,Malignant neoplasm of overlapping sites of right bronchus and lung,45547486,solidtum
C40.02,ICD10CM,Malignant neoplasm of scapula and long bones of left upper limb,45605268,solidtum
C40.10,ICD10CM,Malignant neoplasm of short bones of unspecified upper limb,45547487,solidtum
C40.11,ICD10CM,Malignant neoplasm of short bones of right upper limb,45576311,solidtum
C40.20,ICD10CM,Malignant neoplasm of long bones of unspecified lower limb,45542595,solidtum
C40.92,ICD10CM,Malignant neoplasm of unspecified bones and articular cartilage of left limb,45590886,solidtum
C43.59,ICD10CM,Malignant melanoma of other part of trunk,45552252,solidtum
C43.61,ICD10CM,"Malignant melanoma of right upper limb, including shoulder",45590889,solidtum
C46.51,ICD10CM,Kaposi's sarcoma of right lung,45566593,solidtum
C47.21,ICD10CM,"Malignant neoplasm of peripheral nerves of right lower limb, including hip",45561807,solidtum
C50.022,ICD10CM,"Malignant neoplasm of nipple and areola, left male breast",45576323,solidtum
C50.119,ICD10CM,Malignant neoplasm of central portion of unspecified female breast,45556994,solidtum
C50.221,ICD10CM,Malignant neoplasm of upper-inner quadrant of right male breast,45547503,solidtum
C50.429,ICD10CM,Malignant neoplasm of upper-outer quadrant of unspecified male breast,45590908,solidtum
C50.519,ICD10CM,Malignant neoplasm of lower-outer quadrant of unspecified female breast,45547504,solidtum
C50.919,ICD10CM,Malignant neoplasm of unspecified site of unspecified female breast,45600511,solidtum
C50.929,ICD10CM,Malignant neoplasm of unspecified site of unspecified male breast,45590910,solidtum
C56.9,ICD10CM,Malignant neoplasm of unspecified ovary,45542615,solidtum
C57.11,ICD10CM,Malignant neoplasm of right broad ligament,45576330,solidtum
C62.10,ICD10CM,Malignant neoplasm of unspecified descended testis,45557002,solidtum
C62.11,ICD10CM,Malignant neoplasm of descended right testis,45590913,solidtum
C62.12,ICD10CM,Malignant neoplasm of descended left testis,45590914,solidtum
C63.00,ICD10CM,Malignant neoplasm of unspecified epididymis,45532921,solidtum
C63.10,ICD10CM,Malignant neoplasm of unspecified spermatic cord,45547513,solidtum
C63.12,ICD10CM,Malignant neoplasm of left spermatic cord,45552267,solidtum
C64.1,ICD10CM,"Malignant neoplasm of right kidney, except renal pelvis",45600517,solidtum
C64.9,ICD10CM,"Malignant neoplasm of unspecified kidney, except renal pelvis",45581223,solidtum
C69.01,ICD10CM,Malignant neoplasm of right conjunctiva,45532926,solidtum
C69.02,ICD10CM,Malignant neoplasm of left conjunctiva,45542617,solidtum
C69.32,ICD10CM,Malignant neoplasm of left choroid,45586021,solidtum
C74.91,ICD10CM,Malignant neoplasm of unspecified part of right adrenal gland,45600523,solidtum
C76.41,ICD10CM,Malignant neoplasm of right upper limb,45547521,solidtum
C17.3,ICD10CM,"Meckel's diverticulum, malignant",35206127,solidtum
C00.4,ICD10CM,"Malignant neoplasm of lower lip, inner aspect",35206051,solidtum
C32.9,ICD10CM,"Malignant neoplasm of larynx, unspecified",35206182,solidtum
C02.4,ICD10CM,Malignant neoplasm of lingual tonsil,35206061,solidtum
C06.0,ICD10CM,Malignant neoplasm of cheek mucosa,35206076,solidtum
C05.9,ICD10CM,"Malignant neoplasm of palate, unspecified",35206075,solidtum
C06.2,ICD10CM,Malignant neoplasm of retromolar area,35206078,solidtum
C09.0,ICD10CM,Malignant neoplasm of tonsillar fossa,35206084,solidtum
C12,ICD10CM,Malignant neoplasm of pyriform sinus,35206101,solidtum
C16.6,ICD10CM,"Malignant neoplasm of greater curvature of stomach, unspecified",35206121,solidtum
C17.2,ICD10CM,Malignant neoplasm of ileum,35206126,solidtum
C18.4,ICD10CM,Malignant neoplasm of transverse colon,35206134,solidtum
C18.6,ICD10CM,Malignant neoplasm of descending colon,35206136,solidtum
C18.2,ICD10CM,Malignant neoplasm of ascending colon,35206132,solidtum
C31.0,ICD10CM,Malignant neoplasm of maxillary sinus,35206171,solidtum
C33,ICD10CM,Malignant neoplasm of trachea,35206183,solidtum
C41.9,ICD10CM,"Malignant neoplasm of bone and articular cartilage, unspecified",35206199,solidtum
C53.1,ICD10CM,Malignant neoplasm of exocervix,35206244,solidtum
C67.4,ICD10CM,Malignant neoplasm of posterior wall of bladder,35206278,solidtum
C71.3,ICD10CM,Malignant neoplasm of parietal lobe,35206294,solidtum
C71.4,ICD10CM,Malignant neoplasm of occipital lobe,35206295,solidtum
C70.0,ICD10CM,Malignant neoplasm of cerebral meninges,35206288,solidtum
C75.3,ICD10CM,Malignant neoplasm of pineal gland,35206308,solidtum
C76.0,ICD10CM,"Malignant neoplasm of head, face and neck",35206313,solidtum
C76.1,ICD10CM,Malignant neoplasm of thorax,35206314,solidtum
C76.3,ICD10CM,Malignant neoplasm of pelvis,35206316,solidtum
C21.2,ICD10CM,Malignant neoplasm of cloacogenic zone,35206144,solidtum
C45.1,ICD10CM,Mesothelioma of peritoneum,35206209,solidtum
C26.0,ICD10CM,"Malignant neoplasm of intestinal tract, part unspecified",35206166,solidtum
C41.0,ICD10CM,Malignant neoplasm of bones of skull and face,35206194,solidtum
C41.2,ICD10CM,Malignant neoplasm of vertebral column,35206196,solidtum
C26.9,ICD10CM,Malignant neoplasm of ill-defined sites within the digestive system,35206168,solidtum
C47.6,ICD10CM,"Malignant neoplasm of peripheral nerves of trunk, unspecified",35206223,solidtum
C47.8,ICD10CM,Malignant neoplasm of overlapping sites of peripheral nerves and autonomic nervous system,35206224,solidtum
C31.8,ICD10CM,Malignant neoplasm of overlapping sites of accessory sinuses,35206175,solidtum
C68.8,ICD10CM,Malignant neoplasm of overlapping sites of urinary organs,35206286,solidtum
C60.8,ICD10CM,Malignant neoplasm of overlapping sites of penis,35206264,solidtum
C49.5,ICD10CM,Malignant neoplasm of connective and soft tissue of pelvis,35206233,solidtum
C30.0,ICD10CM,Malignant neoplasm of nasal cavity,35206169,solidtum
C18.8,ICD10CM,Malignant neoplasm of overlapping sites of colon,35206138,solidtum
C09.8,ICD10CM,Malignant neoplasm of overlapping sites of tonsil,35206086,solidtum
C49.A3,ICD10CM,Gastrointestinal stromal tumor of small intestine,37200006,solidtum
C34.10,ICD10CM,"Malignant neoplasm of upper lobe, unspecified bronchus or lung",45571493,solidtum
C34.80,ICD10CM,Malignant neoplasm of overlapping sites of unspecified bronchus and lung,45542591,solidtum
C40.21,ICD10CM,Malignant neoplasm of long bones of right lower limb,45581208,solidtum
C40.30,ICD10CM,Malignant neoplasm of short bones of unspecified lower limb,45561795,solidtum
C40.32,ICD10CM,Malignant neoplasm of short bones of left lower limb,45571497,solidtum
C40.82,ICD10CM,Malignant neoplasm of overlapping sites of bone and articular cartilage of left limb,45561796,solidtum
C43.51,ICD10CM,Malignant melanoma of anal skin,45585992,solidtum
C43.70,ICD10CM,"Malignant melanoma of unspecified lower limb, including hip",45590890,solidtum
C49.22,ICD10CM,"Malignant neoplasm of connective and soft tissue of left lower limb, including hip",45552260,solidtum
C50.019,ICD10CM,"Malignant neoplasm of nipple and areola, unspecified female breast",45595666,solidtum
C50.112,ICD10CM,Malignant neoplasm of central portion of left female breast,45537820,solidtum
C50.129,ICD10CM,Malignant neoplasm of central portion of unspecified male breast,45571520,solidtum
C50.212,ICD10CM,Malignant neoplasm of upper-inner quadrant of left female breast,45561813,solidtum
C50.812,ICD10CM,Malignant neoplasm of overlapping sites of left female breast,45561819,solidtum
C50.829,ICD10CM,Malignant neoplasm of overlapping sites of unspecified male breast,45537824,solidtum
C50.912,ICD10CM,Malignant neoplasm of unspecified site of left female breast,45556996,solidtum
C57.10,ICD10CM,Malignant neoplasm of unspecified broad ligament,45595673,solidtum
C57.20,ICD10CM,Malignant neoplasm of unspecified round ligament,45532916,solidtum
C62.91,ICD10CM,"Malignant neoplasm of right testis, unspecified whether descended or undescended",45557003,solidtum
C65.9,ICD10CM,Malignant neoplasm of unspecified renal pelvis,45581224,solidtum
C69.00,ICD10CM,Malignant neoplasm of unspecified conjunctiva,45595677,solidtum
C69.20,ICD10CM,Malignant neoplasm of unspecified retina,45571530,solidtum
C69.22,ICD10CM,Malignant neoplasm of left retina,45595679,solidtum
C69.40,ICD10CM,Malignant neoplasm of unspecified ciliary body,45595680,solidtum
C69.52,ICD10CM,Malignant neoplasm of left lacrimal gland and duct,45532928,solidtum
C69.81,ICD10CM,Malignant neoplasm of overlapping sites of right eye and adnexa,45561826,solidtum
C69.92,ICD10CM,Malignant neoplasm of unspecified site of left eye,45595681,solidtum
C72.30,ICD10CM,Malignant neoplasm of unspecified optic nerve,45586022,solidtum
C72.31,ICD10CM,Malignant neoplasm of right optic nerve,45552276,solidtum
C74.02,ICD10CM,Malignant neoplasm of cortex of left adrenal gland,45532932,solidtum
C74.11,ICD10CM,Malignant neoplasm of medulla of right adrenal gland,45566615,solidtum
C74.12,ICD10CM,Malignant neoplasm of medulla of left adrenal gland,45552278,solidtum
C74.90,ICD10CM,Malignant neoplasm of unspecified part of unspecified adrenal gland,45576336,solidtum
C49.A4,ICD10CM,Gastrointestinal stromal tumor of large intestine,37200007,solidtum
C49.A5,ICD10CM,Gastrointestinal stromal tumor of rectum,37200008,solidtum
M34.0,ICD10CM,Progressive systemic sclerosis,35208828,rheumd
M34.9,ICD10CM,"Systemic sclerosis, unspecified",35208831,rheumd
M32.0,ICD10CM,Drug-induced systemic lupus erythematosus,35208825,rheumd
M30.8,ICD10CM,Other conditions related to polyarteritis nodosa,35208815,rheumd
M45.8,ICD10CM,Ankylosing spondylitis sacral and sacrococcygeal region,45567561,rheumd
M46.97,ICD10CM,"Unspecified inflammatory spondylopathy, lumbosacral region",45582154,rheumd
M08.20,ICD10CM,"Juvenile rheumatoid arthritis with systemic onset, unspecified site",45553058,rheumd
M05.031,ICD10CM,"Felty's syndrome, right wrist",45582002,rheumd
M05.121,ICD10CM,Rheumatoid lung disease with rheumatoid arthritis of right elbow,45562582,rheumd
M05.152,ICD10CM,Rheumatoid lung disease with rheumatoid arthritis of left hip,45548254,rheumd
M05.249,ICD10CM,Rheumatoid vasculitis with rheumatoid arthritis of unspecified hand,45538624,rheumd
M05.279,ICD10CM,Rheumatoid vasculitis with rheumatoid arthritis of unspecified ankle and foot,45538626,rheumd
M05.30,ICD10CM,Rheumatoid heart disease with rheumatoid arthritis of unspecified site,45586836,rheumd
M05.312,ICD10CM,Rheumatoid heart disease with rheumatoid arthritis of left shoulder,45567409,rheumd
M05.321,ICD10CM,Rheumatoid heart disease with rheumatoid arthritis of right elbow,45553039,rheumd
M05.452,ICD10CM,Rheumatoid myopathy with rheumatoid arthritis of left hip,45572333,rheumd
M05.511,ICD10CM,Rheumatoid polyneuropathy with rheumatoid arthritis of right shoulder,45538629,rheumd
M05.529,ICD10CM,Rheumatoid polyneuropathy with rheumatoid arthritis of unspecified elbow,45596434,rheumd
M05.552,ICD10CM,Rheumatoid polyneuropathy with rheumatoid arthritis of left hip,45582010,rheumd
M05.559,ICD10CM,Rheumatoid polyneuropathy with rheumatoid arthritis of unspecified hip,45582011,rheumd
M05.652,ICD10CM,Rheumatoid arthritis of left hip with involvement of other organs and systems,45533696,rheumd
M05.70,ICD10CM,Rheumatoid arthritis with rheumatoid factor of unspecified site without organ or systems involvement,45543434,rheumd
M05.752,ICD10CM,Rheumatoid arthritis with rheumatoid factor of left hip without organ or systems involvement,45538633,rheumd
M05.819,ICD10CM,Other rheumatoid arthritis with rheumatoid factor of unspecified shoulder,45557761,rheumd
M05.841,ICD10CM,Other rheumatoid arthritis with rheumatoid factor of right hand,45586838,rheumd
M05.859,ICD10CM,Other rheumatoid arthritis with rheumatoid factor of unspecified hip,45533700,rheumd
M06.021,ICD10CM,"Rheumatoid arthritis without rheumatoid factor, right elbow",45557762,rheumd
M06.041,ICD10CM,"Rheumatoid arthritis without rheumatoid factor, right hand",45606055,rheumd
M06.079,ICD10CM,"Rheumatoid arthritis without rheumatoid factor, unspecified ankle and foot",45533703,rheumd
M06.212,ICD10CM,"Rheumatoid bursitis, left shoulder",45591702,rheumd
M06.221,ICD10CM,"Rheumatoid bursitis, right elbow",45577112,rheumd
M06.222,ICD10CM,"Rheumatoid bursitis, left elbow",45601285,rheumd
M06.269,ICD10CM,"Rheumatoid bursitis, unspecified knee",45562595,rheumd
M06.272,ICD10CM,"Rheumatoid bursitis, left ankle and foot",45586842,rheumd
M06.312,ICD10CM,"Rheumatoid nodule, left shoulder",45606061,rheumd
M06.869,ICD10CM,"Other specified rheumatoid arthritis, unspecified knee",45548271,rheumd
M08.019,ICD10CM,"Unspecified juvenile rheumatoid arthritis, unspecified shoulder",45553057,rheumd
M08.032,ICD10CM,"Unspecified juvenile rheumatoid arthritis, left wrist",45543446,rheumd
M08.039,ICD10CM,"Unspecified juvenile rheumatoid arthritis, unspecified wrist",45601294,rheumd
M08.049,ICD10CM,"Unspecified juvenile rheumatoid arthritis, unspecified hand",45601295,rheumd
M08.069,ICD10CM,"Unspecified juvenile rheumatoid arthritis, unspecified knee",45557768,rheumd
M08.079,ICD10CM,"Unspecified juvenile rheumatoid arthritis, unspecified ankle and foot",45606072,rheumd
M08.421,ICD10CM,"Pauciarticular juvenile rheumatoid arthritis, right elbow",45601300,rheumd
M08.441,ICD10CM,"Pauciarticular juvenile rheumatoid arthritis, right hand",45557772,rheumd
M08.859,ICD10CM,"Other juvenile arthritis, unspecified hip",45538645,rheumd
M08.921,ICD10CM,"Juvenile arthritis, unspecified, right elbow",45557778,rheumd
M08.952,ICD10CM,"Juvenile arthritis, unspecified, left hip",45557780,rheumd
M08.972,ICD10CM,"Juvenile arthritis, unspecified, left ankle and foot",45606083,rheumd
M12.011,ICD10CM,"Chronic postrheumatic arthropathy [Jaccoud], right shoulder",45567449,rheumd
M12.012,ICD10CM,"Chronic postrheumatic arthropathy [Jaccoud], left shoulder",45591728,rheumd
M12.019,ICD10CM,"Chronic postrheumatic arthropathy [Jaccoud], unspecified shoulder",45601329,rheumd
M12.022,ICD10CM,"Chronic postrheumatic arthropathy [Jaccoud], left elbow",45582036,rheumd
M12.032,ICD10CM,"Chronic postrheumatic arthropathy [Jaccoud], left wrist",45543464,rheumd
M12.352,ICD10CM,"Palindromic rheumatism, left hip",45557796,rheumd
M32.10,ICD10CM,"Systemic lupus erythematosus, organ or system involvement unspecified",45582126,rheumd
M32.14,ICD10CM,Glomerular disease in systemic lupus erythematosus,45562709,rheumd
M32.19,ICD10CM,Other organ or system involvement in systemic lupus erythematosus,45606214,rheumd
M05.069,ICD10CM,"Felty's syndrome, unspecified knee",45577091,rheumd
M12.08,ICD10CM,"Chronic postrheumatic arthropathy [Jaccoud], other specified site",45582038,rheumd
M33.10,ICD10CM,"Other dermatomyositis, organ involvement unspecified",45562710,rheumd
M08.9A,ICD10CM,"Juvenile arthritis, unspecified, other specified site",725377,rheumd
M35.06,ICD10CM,Sjögren syndrome with peripheral nervous system involvement,766395,rheumd
M35.0C,ICD10CM,Sjögren syndrome with dental involvement,766400,rheumd
M45.A0,ICD10CM,Non-radiographic axial spondyloarthritis of unspecified sites in spine,766402,rheumd
M45.A8,ICD10CM,Non-radiographic axial spondyloarthritis of sacral and sacrococcygeal region,766410,rheumd
M33.90,ICD10CM,"Dermatopolymyositis, unspecified, organ involvement unspecified",45553170,rheumd
M08.1,ICD10CM,Juvenile ankylosing spondylitis,35208754,rheumd
M05.049,ICD10CM,"Felty's syndrome, unspecified hand",45567405,rheumd
M05.69,ICD10CM,Rheumatoid arthritis of multiple sites with involvement of other organs and systems,45567417,rheumd
M45.5,ICD10CM,Ankylosing spondylitis of thoracolumbar region,45543577,rheumd
M46.83,ICD10CM,"Other specified inflammatory spondylopathies, cervicothoracic region",45538769,rheumd
M46.87,ICD10CM,"Other specified inflammatory spondylopathies, lumbosacral region",45562731,rheumd
M46.80,ICD10CM,"Other specified inflammatory spondylopathies, site unspecified",45533845,rheumd
M05.019,ICD10CM,"Felty's syndrome, unspecified shoulder",45567403,rheumd
M05.111,ICD10CM,Rheumatoid lung disease with rheumatoid arthritis of right shoulder,45586834,rheumd
M05.119,ICD10CM,Rheumatoid lung disease with rheumatoid arthritis of unspecified shoulder,45582003,rheumd
M05.122,ICD10CM,Rheumatoid lung disease with rheumatoid arthritis of left elbow,45582004,rheumd
M05.211,ICD10CM,Rheumatoid vasculitis with rheumatoid arthritis of right shoulder,45601275,rheumd
M05.221,ICD10CM,Rheumatoid vasculitis with rheumatoid arthritis of right elbow,45596425,rheumd
M05.229,ICD10CM,Rheumatoid vasculitis with rheumatoid arthritis of unspecified elbow,45591689,rheumd
M05.231,ICD10CM,Rheumatoid vasculitis with rheumatoid arthritis of right wrist,45543431,rheumd
M05.252,ICD10CM,Rheumatoid vasculitis with rheumatoid arthritis of left hip,45533691,rheumd
M05.259,ICD10CM,Rheumatoid vasculitis with rheumatoid arthritis of unspecified hip,45596427,rheumd
M05.269,ICD10CM,Rheumatoid vasculitis with rheumatoid arthritis of unspecified knee,45591690,rheumd
M05.329,ICD10CM,Rheumatoid heart disease with rheumatoid arthritis of unspecified elbow,45533692,rheumd
M05.332,ICD10CM,Rheumatoid heart disease with rheumatoid arthritis of left wrist,45572329,rheumd
M05.352,ICD10CM,Rheumatoid heart disease with rheumatoid arthritis of left hip,45557756,rheumd
M05.379,ICD10CM,Rheumatoid heart disease with rheumatoid arthritis of unspecified ankle and foot,45557757,rheumd
M05.40,ICD10CM,Rheumatoid myopathy with rheumatoid arthritis of unspecified site,45572332,rheumd
M05.519,ICD10CM,Rheumatoid polyneuropathy with rheumatoid arthritis of unspecified shoulder,45596433,rheumd
M05.522,ICD10CM,Rheumatoid polyneuropathy with rheumatoid arthritis of left elbow,45533695,rheumd
M05.621,ICD10CM,Rheumatoid arthritis of right elbow with involvement of other organs and systems,45601277,rheumd
M05.632,ICD10CM,Rheumatoid arthritis of left wrist with involvement of other organs and systems,45601278,rheumd
M05.661,ICD10CM,Rheumatoid arthritis of right knee with involvement of other organs and systems,45606047,rheumd
M05.662,ICD10CM,Rheumatoid arthritis of left knee with involvement of other organs and systems,45591699,rheumd
M05.671,ICD10CM,Rheumatoid arthritis of right ankle and foot with involvement of other organs and systems,45553043,rheumd
M05.729,ICD10CM,Rheumatoid arthritis with rheumatoid factor of unspecified elbow without organ or systems involvement,45562591,rheumd
M05.749,ICD10CM,Rheumatoid arthritis with rheumatoid factor of unspecified hand without organ or systems involvement,45582015,rheumd
M05.751,ICD10CM,Rheumatoid arthritis with rheumatoid factor of right hip without organ or systems involvement,45572338,rheumd
M05.822,ICD10CM,Other rheumatoid arthritis with rheumatoid factor of left elbow,45601281,rheumd
M05.839,ICD10CM,Other rheumatoid arthritis with rheumatoid factor of unspecified wrist,45553047,rheumd
M05.872,ICD10CM,Other rheumatoid arthritis with rheumatoid factor of left ankle and foot,45586839,rheumd
M06.031,ICD10CM,"Rheumatoid arthritis without rheumatoid factor, right wrist",45606054,rheumd
M06.231,ICD10CM,"Rheumatoid bursitis, right wrist",45557764,rheumd
M06.261,ICD10CM,"Rheumatoid bursitis, right knee",45586841,rheumd
M06.322,ICD10CM,"Rheumatoid nodule, left elbow",45553052,rheumd
M06.359,ICD10CM,"Rheumatoid nodule, unspecified hip",45591704,rheumd
M06.361,ICD10CM,"Rheumatoid nodule, right knee",45553053,rheumd
M06.362,ICD10CM,"Rheumatoid nodule, left knee",45562597,rheumd
M06.812,ICD10CM,"Other specified rheumatoid arthritis, left shoulder",45567422,rheumd
M06.862,ICD10CM,"Other specified rheumatoid arthritis, left knee",45562600,rheumd
M08.022,ICD10CM,"Unspecified juvenile rheumatoid arthritis, left elbow",45572347,rheumd
M08.031,ICD10CM,"Unspecified juvenile rheumatoid arthritis, right wrist",45601293,rheumd
M08.059,ICD10CM,"Unspecified juvenile rheumatoid arthritis, unspecified hip",45538644,rheumd
M08.439,ICD10CM,"Pauciarticular juvenile rheumatoid arthritis, unspecified wrist",45601301,rheumd
M08.459,ICD10CM,"Pauciarticular juvenile rheumatoid arthritis, unspecified hip",45572350,rheumd
M08.469,ICD10CM,"Pauciarticular juvenile rheumatoid arthritis, unspecified knee",45601302,rheumd
M08.48,ICD10CM,"Pauciarticular juvenile rheumatoid arthritis, vertebrae",45601303,rheumd
M08.822,ICD10CM,"Other juvenile arthritis, left elbow",45562604,rheumd
M08.831,ICD10CM,"Other juvenile arthritis, right wrist",45553060,rheumd
M08.839,ICD10CM,"Other juvenile arthritis, unspecified wrist",45591713,rheumd
M08.852,ICD10CM,"Other juvenile arthritis, left hip",45543447,rheumd
M08.912,ICD10CM,"Juvenile arthritis, unspecified, left shoulder",45606081,rheumd
M08.922,ICD10CM,"Juvenile arthritis, unspecified, left elbow",45557779,rheumd
M08.942,ICD10CM,"Juvenile arthritis, unspecified, left hand",45567439,rheumd
M08.951,ICD10CM,"Juvenile arthritis, unspecified, right hip",45533708,rheumd
M08.961,ICD10CM,"Juvenile arthritis, unspecified, right knee",45562609,rheumd
M08.979,ICD10CM,"Juvenile arthritis, unspecified, unspecified ankle and foot",45553065,rheumd
M12.021,ICD10CM,"Chronic postrheumatic arthropathy [Jaccoud], right elbow",45596466,rheumd
M12.039,ICD10CM,"Chronic postrheumatic arthropathy [Jaccoud], unspecified wrist",45557792,rheumd
M12.049,ICD10CM,"Chronic postrheumatic arthropathy [Jaccoud], unspecified hand",45606102,rheumd
M12.349,ICD10CM,"Palindromic rheumatism, unspecified hand",45557795,rheumd
M12.351,ICD10CM,"Palindromic rheumatism, right hip",45582041,rheumd
M12.371,ICD10CM,"Palindromic rheumatism, right ankle and foot",45601336,rheumd
M33.12,ICD10CM,Other dermatomyositis with myopathy,45591822,rheumd
M05.059,ICD10CM,"Felty's syndrome, unspecified hip",45543428,rheumd
M05.8A,ICD10CM,Other rheumatoid arthritis with rheumatoid factor of other specified site,725371,rheumd
M35.00,ICD10CM,"Sjögren syndrome, unspecified",45548403,rheumd
M35.07,ICD10CM,Sjögren syndrome with central nervous system involvement,766396,rheumd
M35.0A,ICD10CM,Sjögren syndrome with glomerular disease,766398,rheumd
M45.A4,ICD10CM,Non-radiographic axial spondyloarthritis of thoracic region,766406,rheumd
M45.A5,ICD10CM,Non-radiographic axial spondyloarthritis of thoracolumbar region,766407,rheumd
M30.1,ICD10CM,Polyarteritis with lung involvement [Churg-Strauss],35208812,rheumd
M05.00,ICD10CM,"Felty's syndrome, unspecified site",45586833,rheumd
M30.3,ICD10CM,Mucocutaneous lymph node syndrome [Kawasaki],35208814,rheumd
M06.1,ICD10CM,Adult-onset Still's disease,35208751,rheumd
M08.40,ICD10CM,"Pauciarticular juvenile rheumatoid arthritis, unspecified site",45586853,rheumd
M12.39,ICD10CM,"Palindromic rheumatism, multiple sites",45567455,rheumd
M30.2,ICD10CM,Juvenile polyarteritis,35208813,rheumd
M32.12,ICD10CM,Pericarditis in systemic lupus erythematosus,45601434,rheumd
M06.89,ICD10CM,"Other specified rheumatoid arthritis, multiple sites",45586845,rheumd
M08.80,ICD10CM,"Other juvenile arthritis, unspecified site",45586855,rheumd
M12.09,ICD10CM,"Chronic postrheumatic arthropathy [Jaccoud], multiple sites",45553082,rheumd
M46.99,ICD10CM,"Unspecified inflammatory spondylopathy, multiple sites in spine",45577266,rheumd
M46.92,ICD10CM,"Unspecified inflammatory spondylopathy, cervical region",45538770,rheumd
M46.94,ICD10CM,"Unspecified inflammatory spondylopathy, thoracic region",45606226,rheumd
M05.021,ICD10CM,"Felty's syndrome, right elbow",45557752,rheumd
M05.022,ICD10CM,"Felty's syndrome, left elbow",45562581,rheumd
M05.042,ICD10CM,"Felty's syndrome, left hand",45548250,rheumd
M05.072,ICD10CM,"Felty's syndrome, left ankle and foot",45548252,rheumd
M05.129,ICD10CM,Rheumatoid lung disease with rheumatoid arthritis of unspecified elbow,45543429,rheumd
M05.171,ICD10CM,Rheumatoid lung disease with rheumatoid arthritis of right ankle and foot,45601274,rheumd
M05.172,ICD10CM,Rheumatoid lung disease with rheumatoid arthritis of left ankle and foot,45582006,rheumd
M05.319,ICD10CM,Rheumatoid heart disease with rheumatoid arthritis of unspecified shoulder,45557755,rheumd
M05.341,ICD10CM,Rheumatoid heart disease with rheumatoid arthritis of right hand,45582008,rheumd
M05.349,ICD10CM,Rheumatoid heart disease with rheumatoid arthritis of unspecified hand,45601276,rheumd
M05.369,ICD10CM,Rheumatoid heart disease with rheumatoid arthritis of unspecified knee,45567410,rheumd
M05.412,ICD10CM,Rheumatoid myopathy with rheumatoid arthritis of left shoulder,45596430,rheumd
M05.429,ICD10CM,Rheumatoid myopathy with rheumatoid arthritis of unspecified elbow,45557758,rheumd
M05.459,ICD10CM,Rheumatoid myopathy with rheumatoid arthritis of unspecified hip,45548256,rheumd
M05.512,ICD10CM,Rheumatoid polyneuropathy with rheumatoid arthritis of left shoulder,45606046,rheumd
M05.579,ICD10CM,Rheumatoid polyneuropathy with rheumatoid arthritis of unspecified ankle and foot,45553041,rheumd
M05.59,ICD10CM,Rheumatoid polyneuropathy with rheumatoid arthritis of multiple sites,45567415,rheumd
M05.612,ICD10CM,Rheumatoid arthritis of left shoulder with involvement of other organs and systems,45577101,rheumd
M05.631,ICD10CM,Rheumatoid arthritis of right wrist with involvement of other organs and systems,45577102,rheumd
M05.679,ICD10CM,Rheumatoid arthritis of unspecified ankle and foot with involvement of other organs and systems,45601279,rheumd
M05.711,ICD10CM,Rheumatoid arthritis with rheumatoid factor of right shoulder without organ or systems involvement,45596436,rheumd
M05.721,ICD10CM,Rheumatoid arthritis with rheumatoid factor of right elbow without organ or systems involvement,45548261,rheumd
M05.779,ICD10CM,Rheumatoid arthritis with rheumatoid factor of unspecified ankle and foot without organ or systems involvement,45596439,rheumd
M05.811,ICD10CM,Other rheumatoid arthritis with rheumatoid factor of right shoulder,45562592,rheumd
M05.851,ICD10CM,Other rheumatoid arthritis with rheumatoid factor of right hip,45606052,rheumd
M05.9,ICD10CM,"Rheumatoid arthritis with rheumatoid factor, unspecified",35208750,rheumd
M06.00,ICD10CM,"Rheumatoid arthritis without rheumatoid factor, unspecified site",45596442,rheumd
M06.011,ICD10CM,"Rheumatoid arthritis without rheumatoid factor, right shoulder",45606053,rheumd
M06.019,ICD10CM,"Rheumatoid arthritis without rheumatoid factor, unspecified shoulder",45591701,rheumd
M06.049,ICD10CM,"Rheumatoid arthritis without rheumatoid factor, unspecified hand",45577107,rheumd
M06.059,ICD10CM,"Rheumatoid arthritis without rheumatoid factor, unspecified hip",45577108,rheumd
M06.229,ICD10CM,"Rheumatoid bursitis, unspecified elbow",45538636,rheumd
M06.279,ICD10CM,"Rheumatoid bursitis, unspecified ankle and foot",45562596,rheumd
M06.331,ICD10CM,"Rheumatoid nodule, right wrist",45577115,rheumd
M06.351,ICD10CM,"Rheumatoid nodule, right hip",45538638,rheumd
M06.38,ICD10CM,"Rheumatoid nodule, vertebrae",45582017,rheumd
M06.829,ICD10CM,"Other specified rheumatoid arthritis, unspecified elbow",45596446,rheumd
M06.831,ICD10CM,"Other specified rheumatoid arthritis, right wrist",45577117,rheumd
M06.841,ICD10CM,"Other specified rheumatoid arthritis, right hand",45606063,rheumd
M06.849,ICD10CM,"Other specified rheumatoid arthritis, unspecified hand",45577119,rheumd
M06.861,ICD10CM,"Other specified rheumatoid arthritis, right knee",45601289,rheumd
M06.872,ICD10CM,"Other specified rheumatoid arthritis, left ankle and foot",45591705,rheumd
M08.021,ICD10CM,"Unspecified juvenile rheumatoid arthritis, right elbow",45543445,rheumd
M08.219,ICD10CM,"Juvenile rheumatoid arthritis with systemic onset, unspecified shoulder",45548276,rheumd
M08.221,ICD10CM,"Juvenile rheumatoid arthritis with systemic onset, right elbow",45591709,rheumd
M08.232,ICD10CM,"Juvenile rheumatoid arthritis with systemic onset, left wrist",45601298,rheumd
M08.241,ICD10CM,"Juvenile rheumatoid arthritis with systemic onset, right hand",45577124,rheumd
M08.259,ICD10CM,"Juvenile rheumatoid arthritis with systemic onset, unspecified hip",45533706,rheumd
M08.261,ICD10CM,"Juvenile rheumatoid arthritis with systemic onset, right knee",45548278,rheumd
M08.262,ICD10CM,"Juvenile rheumatoid arthritis with systemic onset, left knee",45577125,rheumd
M08.419,ICD10CM,"Pauciarticular juvenile rheumatoid arthritis, unspecified shoulder",45606076,rheumd
M08.431,ICD10CM,"Pauciarticular juvenile rheumatoid arthritis, right wrist",45562603,rheumd
M08.451,ICD10CM,"Pauciarticular juvenile rheumatoid arthritis, right hip",45577126,rheumd
M08.462,ICD10CM,"Pauciarticular juvenile rheumatoid arthritis, left knee",45586854,rheumd
M08.479,ICD10CM,"Pauciarticular juvenile rheumatoid arthritis, unspecified ankle and foot",45567436,rheumd
M08.931,ICD10CM,"Juvenile arthritis, unspecified, right wrist",45606082,rheumd
M08.941,ICD10CM,"Juvenile arthritis, unspecified, right hand",45553063,rheumd
M12.059,ICD10CM,"Chronic postrheumatic arthropathy [Jaccoud], unspecified hip",45543465,rheumd
M12.061,ICD10CM,"Chronic postrheumatic arthropathy [Jaccoud], right knee",45577144,rheumd
M12.079,ICD10CM,"Chronic postrheumatic arthropathy [Jaccoud], unspecified ankle and foot",45596467,rheumd
M12.359,ICD10CM,"Palindromic rheumatism, unspecified hip",45601335,rheumd
M31.31,ICD10CM,Wegener's granulomatosis with renal involvement,45606213,rheumd
M34.83,ICD10CM,Systemic sclerosis with polyneuropathy,45582130,rheumd
M35.01,ICD10CM,Sjögren syndrome with keratoconjunctivitis,45533829,rheumd
M35.04,ICD10CM,Sjögren syndrome with tubulo-interstitial nephropathy,45557866,rheumd
M05.7A,ICD10CM,Rheumatoid arthritis with rheumatoid factor of other specified site without organ or systems involvement,725370,rheumd
M35.05,ICD10CM,Sjögren syndrome with inflammatory arthritis,766394,rheumd
M45.A1,ICD10CM,Non-radiographic axial spondyloarthritis of occipito-atlanto-axial region,766403,rheumd
M35.3,ICD10CM,Polymyalgia rheumatica,35208834,rheumd
M31.0,ICD10CM,Hypersensitivity angiitis,35208816,rheumd
M35.5,ICD10CM,Multifocal fibrosclerosis,35208836,rheumd
M06.29,ICD10CM,"Rheumatoid bursitis, multiple sites",45572344,rheumd
M06.30,ICD10CM,"Rheumatoid nodule, unspecified site",45591703,rheumd
M46.82,ICD10CM,"Other specified inflammatory spondylopathies, cervical region",45557883,rheumd
M46.85,ICD10CM,"Other specified inflammatory spondylopathies, thoracolumbar region",45596580,rheumd
M46.98,ICD10CM,"Unspecified inflammatory spondylopathy, sacral and sacrococcygeal region",45586974,rheumd
M05.051,ICD10CM,"Felty's syndrome, right hip",45591685,rheumd
M05.061,ICD10CM,"Felty's syndrome, right knee",45548251,rheumd
M05.079,ICD10CM,"Felty's syndrome, unspecified ankle and foot",45553036,rheumd
M05.141,ICD10CM,Rheumatoid lung disease with rheumatoid arthritis of right hand,45591688,rheumd
M05.162,ICD10CM,Rheumatoid lung disease with rheumatoid arthritis of left knee,45553037,rheumd
M05.169,ICD10CM,Rheumatoid lung disease with rheumatoid arthritis of unspecified knee,45567407,rheumd
M05.212,ICD10CM,Rheumatoid vasculitis with rheumatoid arthritis of left shoulder,45553038,rheumd
M05.219,ICD10CM,Rheumatoid vasculitis with rheumatoid arthritis of unspecified shoulder,45606041,rheumd
M05.232,ICD10CM,Rheumatoid vasculitis with rheumatoid arthritis of left wrist,45562584,rheumd
M05.239,ICD10CM,Rheumatoid vasculitis with rheumatoid arthritis of unspecified wrist,45606042,rheumd
M05.322,ICD10CM,Rheumatoid heart disease with rheumatoid arthritis of left elbow,45553040,rheumd
M05.331,ICD10CM,Rheumatoid heart disease with rheumatoid arthritis of right wrist,45562586,rheumd
M05.359,ICD10CM,Rheumatoid heart disease with rheumatoid arthritis of unspecified hip,45548255,rheumd
M05.421,ICD10CM,Rheumatoid myopathy with rheumatoid arthritis of right elbow,45562589,rheumd
M05.439,ICD10CM,Rheumatoid myopathy with rheumatoid arthritis of unspecified wrist,45577099,rheumd
M05.469,ICD10CM,Rheumatoid myopathy with rheumatoid arthritis of unspecified knee,45591692,rheumd
M05.479,ICD10CM,Rheumatoid myopathy with rheumatoid arthritis of unspecified ankle and foot,45572334,rheumd
M05.49,ICD10CM,Rheumatoid myopathy with rheumatoid arthritis of multiple sites,45577100,rheumd
M05.521,ICD10CM,Rheumatoid polyneuropathy with rheumatoid arthritis of right elbow,45567414,rheumd
M05.541,ICD10CM,Rheumatoid polyneuropathy with rheumatoid arthritis of right hand,45591694,rheumd
M05.569,ICD10CM,Rheumatoid polyneuropathy with rheumatoid arthritis of unspecified knee,45562590,rheumd
M05.572,ICD10CM,Rheumatoid polyneuropathy with rheumatoid arthritis of left ankle and foot,45582013,rheumd
M05.649,ICD10CM,Rheumatoid arthritis of unspecified hand with involvement of other organs and systems,45572336,rheumd
M05.651,ICD10CM,Rheumatoid arthritis of right hip with involvement of other organs and systems,45548260,rheumd
M05.659,ICD10CM,Rheumatoid arthritis of unspecified hip with involvement of other organs and systems,45567416,rheumd
M05.672,ICD10CM,Rheumatoid arthritis of left ankle and foot with involvement of other organs and systems,45606049,rheumd
M05.762,ICD10CM,Rheumatoid arthritis with rheumatoid factor of left knee without organ or systems involvement,45548263,rheumd
M05.769,ICD10CM,Rheumatoid arthritis with rheumatoid factor of unspecified knee without organ or systems involvement,45533697,rheumd
M05.812,ICD10CM,Other rheumatoid arthritis with rheumatoid factor of left shoulder,45533698,rheumd
M05.831,ICD10CM,Other rheumatoid arthritis with rheumatoid factor of right wrist,45572339,rheumd
M06.029,ICD10CM,"Rheumatoid arthritis without rheumatoid factor, unspecified elbow",45577105,rheumd
M06.032,ICD10CM,"Rheumatoid arthritis without rheumatoid factor, left wrist",45562593,rheumd
M06.069,ICD10CM,"Rheumatoid arthritis without rheumatoid factor, unspecified knee",45538635,rheumd
M06.072,ICD10CM,"Rheumatoid arthritis without rheumatoid factor, left ankle and foot",45567420,rheumd
M06.211,ICD10CM,"Rheumatoid bursitis, right shoulder",45596443,rheumd
M06.219,ICD10CM,"Rheumatoid bursitis, unspecified shoulder",45577111,rheumd
M06.311,ICD10CM,"Rheumatoid nodule, right shoulder",45543438,rheumd
M06.321,ICD10CM,"Rheumatoid nodule, right elbow",45596444,rheumd
M06.332,ICD10CM,"Rheumatoid nodule, left wrist",45586843,rheumd
M06.349,ICD10CM,"Rheumatoid nodule, unspecified hand",45586844,rheumd
M06.352,ICD10CM,"Rheumatoid nodule, left hip",45596445,rheumd
M06.839,ICD10CM,"Other specified rheumatoid arthritis, unspecified wrist",45577118,rheumd
M06.871,ICD10CM,"Other specified rheumatoid arthritis, right ankle and foot",45606064,rheumd
M06.879,ICD10CM,"Other specified rheumatoid arthritis, unspecified ankle and foot",45567425,rheumd
M08.062,ICD10CM,"Unspecified juvenile rheumatoid arthritis, left knee",45572348,rheumd
M08.071,ICD10CM,"Unspecified juvenile rheumatoid arthritis, right ankle and foot",45606071,rheumd
M08.08,ICD10CM,"Unspecified juvenile rheumatoid arthritis, vertebrae",45557769,rheumd
M08.229,ICD10CM,"Juvenile rheumatoid arthritis with systemic onset, unspecified elbow",45601297,rheumd
M08.442,ICD10CM,"Pauciarticular juvenile rheumatoid arthritis, left hand",45557773,rheumd
M08.461,ICD10CM,"Pauciarticular juvenile rheumatoid arthritis, right knee",45577127,rheumd
M08.829,ICD10CM,"Other juvenile arthritis, unspecified elbow",45548283,rheumd
M08.841,ICD10CM,"Other juvenile arthritis, right hand",45606078,rheumd
M08.851,ICD10CM,"Other juvenile arthritis, right hip",45586856,rheumd
M08.949,ICD10CM,"Juvenile arthritis, unspecified, unspecified hand",45586857,rheumd
M12.031,ICD10CM,"Chronic postrheumatic arthropathy [Jaccoud], right wrist",45533725,rheumd
M12.042,ICD10CM,"Chronic postrheumatic arthropathy [Jaccoud], left hand",45548304,rheumd
M12.319,ICD10CM,"Palindromic rheumatism, unspecified shoulder",45548307,rheumd
M12.321,ICD10CM,"Palindromic rheumatism, right elbow",45562633,rheumd
M12.331,ICD10CM,"Palindromic rheumatism, right wrist",45538671,rheumd
M12.332,ICD10CM,"Palindromic rheumatism, left wrist",45596473,rheumd
M12.341,ICD10CM,"Palindromic rheumatism, right hand",45562634,rheumd
M32.13,ICD10CM,Lung involvement in systemic lupus erythematosus,45567545,rheumd
M33.03,ICD10CM,Juvenile dermatomyositis without myopathy,1326704,rheumd
M06.8A,ICD10CM,"Other specified rheumatoid arthritis, other specified site",725373,rheumd
M45.A2,ICD10CM,Non-radiographic axial spondyloarthritis of cervical region,766404,rheumd
M45.A7,ICD10CM,Non-radiographic axial spondyloarthritis of lumbosacral region,766409,rheumd
M35.6,ICD10CM,Relapsing panniculitis [Weber-Christian],35208837,rheumd
M12.30,ICD10CM,"Palindromic rheumatism, unspecified site",45567452,rheumd
M12.00,ICD10CM,"Chronic postrheumatic arthropathy [Jaccoud], unspecified site",45543463,rheumd
M12.38,ICD10CM,"Palindromic rheumatism, other specified site",45591733,rheumd
M34.2,ICD10CM,Systemic sclerosis induced by drug and chemical,35208830,rheumd
M35.9,ICD10CM,"Systemic involvement of connective tissue, unspecified",35208840,rheumd
M35.1,ICD10CM,Other overlap syndromes,35208832,rheumd
M05.09,ICD10CM,"Felty's syndrome, multiple sites",45577092,rheumd
M05.60,ICD10CM,Rheumatoid arthritis of unspecified site with involvement of other organs and systems,45548259,rheumd
M45.2,ICD10CM,Ankylosing spondylitis of cervical region,45533841,rheumd
M46.84,ICD10CM,"Other specified inflammatory spondylopathies, thoracic region",45601459,rheumd
M46.93,ICD10CM,"Unspecified inflammatory spondylopathy, cervicothoracic region",45572457,rheumd
M46.90,ICD10CM,"Unspecified inflammatory spondylopathy, site unspecified",45596581,rheumd
M05.012,ICD10CM,"Felty's syndrome, left shoulder",45533689,rheumd
M05.052,ICD10CM,"Felty's syndrome, left hip",45577090,rheumd
M05.151,ICD10CM,Rheumatoid lung disease with rheumatoid arthritis of right hip,45548253,rheumd
M05.241,ICD10CM,Rheumatoid vasculitis with rheumatoid arthritis of right hand,45596426,rheumd
M05.271,ICD10CM,Rheumatoid vasculitis with rheumatoid arthritis of right ankle and foot,45591691,rheumd
M05.372,ICD10CM,Rheumatoid heart disease with rheumatoid arthritis of left ankle and foot,45586837,rheumd
M05.431,ICD10CM,Rheumatoid myopathy with rheumatoid arthritis of right wrist,45567411,rheumd
M05.461,ICD10CM,Rheumatoid myopathy with rheumatoid arthritis of right knee,45567412,rheumd
M05.471,ICD10CM,Rheumatoid myopathy with rheumatoid arthritis of right ankle and foot,45557759,rheumd
M05.542,ICD10CM,Rheumatoid polyneuropathy with rheumatoid arthritis of left hand,45538631,rheumd
M05.642,ICD10CM,Rheumatoid arthritis of left hand with involvement of other organs and systems,45572335,rheumd
M05.731,ICD10CM,Rheumatoid arthritis with rheumatoid factor of right wrist without organ or systems involvement,45606050,rheumd
M05.742,ICD10CM,Rheumatoid arthritis with rheumatoid factor of left hand without organ or systems involvement,45596437,rheumd
M05.759,ICD10CM,Rheumatoid arthritis with rheumatoid factor of unspecified hip without organ or systems involvement,45567419,rheumd
M05.771,ICD10CM,Rheumatoid arthritis with rheumatoid factor of right ankle and foot without organ or systems involvement,45596438,rheumd
M05.79,ICD10CM,Rheumatoid arthritis with rheumatoid factor of multiple sites without organ or systems involvement,45553045,rheumd
M05.829,ICD10CM,Other rheumatoid arthritis with rheumatoid factor of unspecified elbow,45533699,rheumd
M05.852,ICD10CM,Other rheumatoid arthritis with rheumatoid factor of left hip,45601283,rheumd
M05.869,ICD10CM,Other rheumatoid arthritis with rheumatoid factor of unspecified knee,45548264,rheumd
M05.879,ICD10CM,Other rheumatoid arthritis with rheumatoid factor of unspecified ankle and foot,45548266,rheumd
M06.051,ICD10CM,"Rheumatoid arthritis without rheumatoid factor, right hip",45557763,rheumd
M06.232,ICD10CM,"Rheumatoid bursitis, left wrist",45572342,rheumd
M06.242,ICD10CM,"Rheumatoid bursitis, left hand",45606059,rheumd
M06.262,ICD10CM,"Rheumatoid bursitis, left knee",45562594,rheumd
M06.271,ICD10CM,"Rheumatoid bursitis, right ankle and foot",45577114,rheumd
M06.371,ICD10CM,"Rheumatoid nodule, right ankle and foot",45601287,rheumd
M06.372,ICD10CM,"Rheumatoid nodule, left ankle and foot",45548269,rheumd
M06.379,ICD10CM,"Rheumatoid nodule, unspecified ankle and foot",45572345,rheumd
M06.811,ICD10CM,"Other specified rheumatoid arthritis, right shoulder",45572346,rheumd
M06.821,ICD10CM,"Other specified rheumatoid arthritis, right elbow",45538639,rheumd
M06.822,ICD10CM,"Other specified rheumatoid arthritis, left elbow",45562598,rheumd
M06.859,ICD10CM,"Other specified rheumatoid arthritis, unspecified hip",45567424,rheumd
M08.00,ICD10CM,Unspecified juvenile rheumatoid arthritis of unspecified site,45567431,rheumd
M08.061,ICD10CM,"Unspecified juvenile rheumatoid arthritis, right knee",45606070,rheumd
M08.072,ICD10CM,"Unspecified juvenile rheumatoid arthritis, left ankle and foot",45567434,rheumd
M08.211,ICD10CM,"Juvenile rheumatoid arthritis with systemic onset, right shoulder",45596448,rheumd
M08.222,ICD10CM,"Juvenile rheumatoid arthritis with systemic onset, left elbow",45606074,rheumd
M08.251,ICD10CM,"Juvenile rheumatoid arthritis with systemic onset, right hip",45567435,rheumd
M08.269,ICD10CM,"Juvenile rheumatoid arthritis with systemic onset, unspecified knee",45596449,rheumd
M08.28,ICD10CM,"Juvenile rheumatoid arthritis with systemic onset, vertebrae",45572349,rheumd
M08.3,ICD10CM,Juvenile rheumatoid polyarthritis (seronegative),35208755,rheumd
M08.422,ICD10CM,"Pauciarticular juvenile rheumatoid arthritis, left elbow",45548281,rheumd
M08.471,ICD10CM,"Pauciarticular juvenile rheumatoid arthritis, right ankle and foot",45591711,rheumd
M08.849,ICD10CM,"Other juvenile arthritis, unspecified hand",45557775,rheumd
M08.879,ICD10CM,"Other juvenile arthritis, unspecified ankle and foot",45577129,rheumd
M08.911,ICD10CM,"Juvenile arthritis, unspecified, right shoulder",45562607,rheumd
M08.919,ICD10CM,"Juvenile arthritis, unspecified, unspecified shoulder",45553062,rheumd
M08.932,ICD10CM,"Juvenile arthritis, unspecified, left wrist",45548285,rheumd
M08.959,ICD10CM,"Juvenile arthritis, unspecified, unspecified hip",45533709,rheumd
M12.029,ICD10CM,"Chronic postrheumatic arthropathy [Jaccoud], unspecified elbow",45557791,rheumd
M12.041,ICD10CM,"Chronic postrheumatic arthropathy [Jaccoud], right hand",45567450,rheumd
M12.072,ICD10CM,"Chronic postrheumatic arthropathy [Jaccoud], left ankle and foot",45582037,rheumd
M12.312,ICD10CM,"Palindromic rheumatism, left shoulder",45553085,rheumd
M12.322,ICD10CM,"Palindromic rheumatism, left elbow",45533731,rheumd
M12.339,ICD10CM,"Palindromic rheumatism, unspecified wrist",45606107,rheumd
M12.369,ICD10CM,"Palindromic rheumatism, unspecified knee",45572361,rheumd
M32.15,ICD10CM,Tubulo-interstitial nephropathy in systemic lupus erythematosus,45591820,rheumd
M33.91,ICD10CM,"Dermatopolymyositis, unspecified with respiratory involvement",45572447,rheumd
M33.99,ICD10CM,"Dermatopolymyositis, unspecified with other organ involvement",45586956,rheumd
M45.9,ICD10CM,Ankylosing spondylitis of unspecified sites in spine,45582150,rheumd
M33.21,ICD10CM,Polymyositis with respiratory involvement,45596564,rheumd
M33.00,ICD10CM,"Juvenile dermatomyositis, organ involvement unspecified",45567547,rheumd
M33.02,ICD10CM,Juvenile dermatomyositis with myopathy,45591821,rheumd
M08.4A,ICD10CM,"Pauciarticular juvenile rheumatoid arthritis, other specified site",725376,rheumd
M35.09,ICD10CM,Sjögren syndrome with other organ involvement,45557867,rheumd
M45.AB,ICD10CM,Non-radiographic axial spondyloarthritis of multiple sites in spine,766411,rheumd
M31.2,ICD10CM,Lethal midline granuloma,35208818,rheumd
M06.4,ICD10CM,Inflammatory polyarthropathy,35208752,rheumd
M34.1,ICD10CM,CR(E)ST syndrome,35208829,rheumd
M34.81,ICD10CM,Systemic sclerosis with lung involvement,45596565,rheumd
M32.8,ICD10CM,Other forms of systemic lupus erythematosus,35208826,rheumd
M08.99,ICD10CM,"Juvenile arthritis, unspecified, multiple sites",45606084,rheumd
M08.90,ICD10CM,"Juvenile arthritis, unspecified, unspecified site",45567438,rheumd
M46.1,ICD10CM,"Sacroiliitis, not elsewhere classified",35208870,rheumd
M05.011,ICD10CM,"Felty's syndrome, right shoulder",45606039,rheumd
M05.039,ICD10CM,"Felty's syndrome, unspecified wrist",45538622,rheumd
M05.062,ICD10CM,"Felty's syndrome, left knee",45572326,rheumd
M05.132,ICD10CM,Rheumatoid lung disease with rheumatoid arthritis of left wrist,45582005,rheumd
M05.20,ICD10CM,Rheumatoid vasculitis with rheumatoid arthritis of unspecified site,45572327,rheumd
M05.29,ICD10CM,Rheumatoid vasculitis with rheumatoid arthritis of multiple sites,45596428,rheumd
M05.311,ICD10CM,Rheumatoid heart disease with rheumatoid arthritis of right shoulder,45562585,rheumd
M05.361,ICD10CM,Rheumatoid heart disease with rheumatoid arthritis of right knee,45572330,rheumd
M05.362,ICD10CM,Rheumatoid heart disease with rheumatoid arthritis of left knee,45562588,rheumd
M05.441,ICD10CM,Rheumatoid myopathy with rheumatoid arthritis of right hand,45533693,rheumd
M05.451,ICD10CM,Rheumatoid myopathy with rheumatoid arthritis of right hip,45543432,rheumd
M05.472,ICD10CM,Rheumatoid myopathy with rheumatoid arthritis of left ankle and foot,45538628,rheumd
M05.50,ICD10CM,Rheumatoid polyneuropathy with rheumatoid arthritis of unspecified site,45567413,rheumd
M05.539,ICD10CM,Rheumatoid polyneuropathy with rheumatoid arthritis of unspecified wrist,45538630,rheumd
M05.549,ICD10CM,Rheumatoid polyneuropathy with rheumatoid arthritis of unspecified hand,45543433,rheumd
M05.619,ICD10CM,Rheumatoid arthritis of unspecified shoulder with involvement of other organs and systems,45553042,rheumd
M05.622,ICD10CM,Rheumatoid arthritis of left elbow with involvement of other organs and systems,45591696,rheumd
M05.639,ICD10CM,Rheumatoid arthritis of unspecified wrist with involvement of other organs and systems,45557760,rheumd
M05.719,ICD10CM,Rheumatoid arthritis with rheumatoid factor of unspecified shoulder without organ or systems involvement,45567418,rheumd
M05.741,ICD10CM,Rheumatoid arthritis with rheumatoid factor of right hand without organ or systems involvement,45606051,rheumd
M05.80,ICD10CM,Other rheumatoid arthritis with rheumatoid factor of unspecified site,45553046,rheumd
M05.821,ICD10CM,Other rheumatoid arthritis with rheumatoid factor of right elbow,45601280,rheumd
M05.861,ICD10CM,Other rheumatoid arthritis with rheumatoid factor of right knee,45543436,rheumd
M06.022,ICD10CM,"Rheumatoid arthritis without rheumatoid factor, left elbow",45577104,rheumd
M06.062,ICD10CM,"Rheumatoid arthritis without rheumatoid factor, left knee",45553051,rheumd
M06.071,ICD10CM,"Rheumatoid arthritis without rheumatoid factor, right ankle and foot",45577109,rheumd
M06.09,ICD10CM,"Rheumatoid arthritis without rheumatoid factor, multiple sites",45572341,rheumd
M06.259,ICD10CM,"Rheumatoid bursitis, unspecified hip",45606060,rheumd
M06.341,ICD10CM,"Rheumatoid nodule, right hand",45548268,rheumd
M06.342,ICD10CM,"Rheumatoid nodule, left hand",45606062,rheumd
M06.842,ICD10CM,"Other specified rheumatoid arthritis, left hand",45562599,rheumd
M08.011,ICD10CM,"Unspecified juvenile rheumatoid arthritis, right shoulder",45567432,rheumd
M08.012,ICD10CM,"Unspecified juvenile rheumatoid arthritis, left shoulder",45567433,rheumd
M08.041,ICD10CM,"Unspecified juvenile rheumatoid arthritis, right hand",45606068,rheumd
M08.051,ICD10CM,"Unspecified juvenile rheumatoid arthritis, right hip",45538643,rheumd
M08.412,ICD10CM,"Pauciarticular juvenile rheumatoid arthritis, left shoulder",45548280,rheumd
M08.429,ICD10CM,"Pauciarticular juvenile rheumatoid arthritis, unspecified elbow",45557771,rheumd
M08.449,ICD10CM,"Pauciarticular juvenile rheumatoid arthritis, unspecified hand",45606077,rheumd
M08.452,ICD10CM,"Pauciarticular juvenile rheumatoid arthritis, left hip",45591710,rheumd
M08.812,ICD10CM,"Other juvenile arthritis, left shoulder",45577128,rheumd
M08.819,ICD10CM,"Other juvenile arthritis, unspecified shoulder",45553059,rheumd
M08.872,ICD10CM,"Other juvenile arthritis, left ankle and foot",45606080,rheumd
M08.962,ICD10CM,"Juvenile arthritis, unspecified, left knee",45553064,rheumd
M12.062,ICD10CM,"Chronic postrheumatic arthropathy [Jaccoud], left knee",45548305,rheumd
M12.311,ICD10CM,"Palindromic rheumatism, right shoulder",45538670,rheumd
M12.361,ICD10CM,"Palindromic rheumatism, right knee",45567453,rheumd
M12.372,ICD10CM,"Palindromic rheumatism, left ankle and foot",45538672,rheumd
M31.30,ICD10CM,Wegener's granulomatosis without renal involvement,45591819,rheumd
M32.11,ICD10CM,Endocarditis in systemic lupus erythematosus,45601433,rheumd
M33.29,ICD10CM,Polymyositis with other organ involvement,45591823,rheumd
M33.92,ICD10CM,"Dermatopolymyositis, unspecified with myopathy",45582127,rheumd
M35.03,ICD10CM,Sjögren syndrome with myopathy,45577247,rheumd
M33.09,ICD10CM,Juvenile dermatomyositis with other organ involvement,45533827,rheumd
M06.0A,ICD10CM,"Rheumatoid arthritis without rheumatoid factor, other specified site",725372,rheumd
M08.2A,ICD10CM,"Juvenile rheumatoid arthritis with systemic onset, other specified site",725375,rheumd
M31.11,ICD10CM,Hematopoietic stem cell transplantation-associated thrombotic microangiopathy [HSCT-TMA],766392,rheumd
M45.A3,ICD10CM,Non-radiographic axial spondyloarthritis of cervicothoracic region,766405,rheumd
M06.9,ICD10CM,"Rheumatoid arthritis, unspecified",35208753,rheumd
M32.9,ICD10CM,"Systemic lupus erythematosus, unspecified",35208827,rheumd
L94.0,ICD10CM,Localized scleroderma [morphea],35208702,rheumd
L94.3,ICD10CM,Sclerodactyly,35208705,rheumd
M35.7,ICD10CM,Hypermobility syndrome,35208838,rheumd
M35.89,ICD10CM,Other specified systemic involvement of connective tissue,713858,rheumd
M08.89,ICD10CM,"Other juvenile arthritis, multiple sites",45591714,rheumd
M45.0,ICD10CM,Ankylosing spondylitis of multiple sites in spine,45548418,rheumd
M45.4,ICD10CM,Ankylosing spondylitis of thoracic region,45553184,rheumd
M45.6,ICD10CM,Ankylosing spondylitis lumbar region,45548419,rheumd
M46.81,ICD10CM,"Other specified inflammatory spondylopathies, occipito-atlanto-axial region",45586973,rheumd
M46.86,ICD10CM,"Other specified inflammatory spondylopathies, lumbar region",45543585,rheumd
M46.95,ICD10CM,"Unspecified inflammatory spondylopathy, thoracolumbar region",45543587,rheumd
M05.032,ICD10CM,"Felty's syndrome, left wrist",45567404,rheumd
M05.041,ICD10CM,"Felty's syndrome, right hand",45548249,rheumd
M05.112,ICD10CM,Rheumatoid lung disease with rheumatoid arthritis of left shoulder,45591687,rheumd
M05.139,ICD10CM,Rheumatoid lung disease with rheumatoid arthritis of unspecified wrist,45567406,rheumd
M05.142,ICD10CM,Rheumatoid lung disease with rheumatoid arthritis of left hand,45577093,rheumd
M05.161,ICD10CM,Rheumatoid lung disease with rheumatoid arthritis of right knee,45577095,rheumd
M05.261,ICD10CM,Rheumatoid vasculitis with rheumatoid arthritis of right knee,45572328,rheumd
M05.262,ICD10CM,Rheumatoid vasculitis with rheumatoid arthritis of left knee,45567408,rheumd
M05.351,ICD10CM,Rheumatoid heart disease with rheumatoid arthritis of right hip,45538627,rheumd
M05.411,ICD10CM,Rheumatoid myopathy with rheumatoid arthritis of right shoulder,45596429,rheumd
M05.422,ICD10CM,Rheumatoid myopathy with rheumatoid arthritis of left elbow,45606044,rheumd
M05.432,ICD10CM,Rheumatoid myopathy with rheumatoid arthritis of left wrist,45582009,rheumd
M05.532,ICD10CM,Rheumatoid polyneuropathy with rheumatoid arthritis of left wrist,45591693,rheumd
M05.551,ICD10CM,Rheumatoid polyneuropathy with rheumatoid arthritis of right hip,45591695,rheumd
M05.611,ICD10CM,Rheumatoid arthritis of right shoulder with involvement of other organs and systems,45596435,rheumd
M05.629,ICD10CM,Rheumatoid arthritis of unspecified elbow with involvement of other organs and systems,45591697,rheumd
M05.641,ICD10CM,Rheumatoid arthritis of right hand with involvement of other organs and systems,45591698,rheumd
M05.722,ICD10CM,Rheumatoid arthritis with rheumatoid factor of left elbow without organ or systems involvement,45572337,rheumd
M05.732,ICD10CM,Rheumatoid arthritis with rheumatoid factor of left wrist without organ or systems involvement,45582014,rheumd
M05.761,ICD10CM,Rheumatoid arthritis with rheumatoid factor of right knee without organ or systems involvement,45548262,rheumd
M05.772,ICD10CM,Rheumatoid arthritis with rheumatoid factor of left ankle and foot without organ or systems involvement,45591700,rheumd
M05.842,ICD10CM,Other rheumatoid arthritis with rheumatoid factor of left hand,45582016,rheumd
M05.89,ICD10CM,Other rheumatoid arthritis with rheumatoid factor of multiple sites,45553049,rheumd
M06.042,ICD10CM,"Rheumatoid arthritis without rheumatoid factor, left hand",45572340,rheumd
M06.052,ICD10CM,"Rheumatoid arthritis without rheumatoid factor, left hip",45533702,rheumd
M06.239,ICD10CM,"Rheumatoid bursitis, unspecified wrist",45606058,rheumd
M06.241,ICD10CM,"Rheumatoid bursitis, right hand",45543437,rheumd
M06.319,ICD10CM,"Rheumatoid nodule, unspecified shoulder",45548267,rheumd
M06.339,ICD10CM,"Rheumatoid nodule, unspecified wrist",45557765,rheumd
M06.819,ICD10CM,"Other specified rheumatoid arthritis, unspecified shoulder",45601288,rheumd
M06.851,ICD10CM,"Other specified rheumatoid arthritis, right hip",45543442,rheumd
M06.852,ICD10CM,"Other specified rheumatoid arthritis, left hip",45543443,rheumd
M08.042,ICD10CM,"Unspecified juvenile rheumatoid arthritis, left hand",45562602,rheumd
M08.052,ICD10CM,"Unspecified juvenile rheumatoid arthritis, left hip",45606069,rheumd
M08.212,ICD10CM,"Juvenile rheumatoid arthritis with systemic onset, left shoulder",45591708,rheumd
M08.242,ICD10CM,"Juvenile rheumatoid arthritis with systemic onset, left hand",45606075,rheumd
M08.252,ICD10CM,"Juvenile rheumatoid arthritis with systemic onset, left hip",45586850,rheumd
M08.271,ICD10CM,"Juvenile rheumatoid arthritis with systemic onset, right ankle and foot",45548279,rheumd
M08.272,ICD10CM,"Juvenile rheumatoid arthritis with systemic onset, left ankle and foot",45586851,rheumd
M08.811,ICD10CM,"Other juvenile arthritis, right shoulder",45557774,rheumd
M08.861,ICD10CM,"Other juvenile arthritis, right knee",45562605,rheumd
M08.869,ICD10CM,"Other juvenile arthritis, unspecified knee",45557777,rheumd
M08.929,ICD10CM,"Juvenile arthritis, unspecified, unspecified elbow",45562608,rheumd
M08.971,ICD10CM,"Juvenile arthritis, unspecified, right ankle and foot",45543448,rheumd
M12.051,ICD10CM,"Chronic postrheumatic arthropathy [Jaccoud], right hip",45562626,rheumd
M12.052,ICD10CM,"Chronic postrheumatic arthropathy [Jaccoud], left hip",45553081,rheumd
M12.329,ICD10CM,"Palindromic rheumatism, unspecified elbow",45577146,rheumd
M12.362,ICD10CM,"Palindromic rheumatism, left knee",45567454,rheumd
M12.379,ICD10CM,"Palindromic rheumatism, unspecified ankle and foot",45548308,rheumd
M33.11,ICD10CM,Other dermatomyositis with respiratory involvement,45572446,rheumd
M33.22,ICD10CM,Polymyositis with myopathy,45557865,rheumd
M34.82,ICD10CM,Systemic sclerosis with myopathy,45553171,rheumd
M34.89,ICD10CM,Other systemic sclerosis,45572448,rheumd
M35.02,ICD10CM,Sjögren syndrome with lung involvement,45577246,rheumd
M05.029,ICD10CM,"Felty's syndrome, unspecified elbow",45548248,rheumd
M33.01,ICD10CM,Juvenile dermatomyositis with respiratory involvement,45557864,rheumd
M33.13,ICD10CM,Other dermatomyositis without myopathy,1326705,rheumd
M33.19,ICD10CM,Other dermatomyositis with other organ involvement,45553168,rheumd
M31.10,ICD10CM,"Thrombotic microangiopathy, unspecified",766391,rheumd
M35.81,ICD10CM,Multisystem inflammatory syndrome,713856,rheumd
M35.2,ICD10CM,Behçet's disease,35208833,rheumd
M30.0,ICD10CM,Polyarteritis nodosa,35208811,rheumd
L94.1,ICD10CM,Linear scleroderma,35208703,rheumd
M06.20,ICD10CM,"Rheumatoid bursitis, unspecified site",45606057,rheumd
M06.80,ICD10CM,"Other specified rheumatoid arthritis, unspecified site",45548270,rheumd
M06.39,ICD10CM,"Rheumatoid nodule, multiple sites",45543440,rheumd
M45.1,ICD10CM,Ankylosing spondylitis of occipito-atlanto-axial region,45533840,rheumd
M45.3,ICD10CM,Ankylosing spondylitis of cervicothoracic region,45586969,rheumd
M45.7,ICD10CM,Ankylosing spondylitis of lumbosacral region,45601454,rheumd
M46.89,ICD10CM,"Other specified inflammatory spondylopathies, multiple sites in spine",45601460,rheumd
M46.88,ICD10CM,"Other specified inflammatory spondylopathies, sacral and sacrococcygeal region",45543586,rheumd
M46.91,ICD10CM,"Unspecified inflammatory spondylopathy, occipito-atlanto-axial region",45582153,rheumd
M46.96,ICD10CM,"Unspecified inflammatory spondylopathy, lumbar region",45553188,rheumd
M05.071,ICD10CM,"Felty's syndrome, right ankle and foot",45533690,rheumd
M05.10,ICD10CM,Rheumatoid lung disease with rheumatoid arthritis of unspecified site,45591686,rheumd
M05.131,ICD10CM,Rheumatoid lung disease with rheumatoid arthritis of right wrist,45543430,rheumd
M05.149,ICD10CM,Rheumatoid lung disease with rheumatoid arthritis of unspecified hand,45577094,rheumd
M05.159,ICD10CM,Rheumatoid lung disease with rheumatoid arthritis of unspecified hip,45538623,rheumd
M05.179,ICD10CM,Rheumatoid lung disease with rheumatoid arthritis of unspecified ankle and foot,45606040,rheumd
M05.19,ICD10CM,Rheumatoid lung disease with rheumatoid arthritis of multiple sites,45557754,rheumd
M05.222,ICD10CM,Rheumatoid vasculitis with rheumatoid arthritis of left elbow,45586835,rheumd
M05.242,ICD10CM,Rheumatoid vasculitis with rheumatoid arthritis of left hand,45606043,rheumd
M05.251,ICD10CM,Rheumatoid vasculitis with rheumatoid arthritis of right hip,45577096,rheumd
M05.272,ICD10CM,Rheumatoid vasculitis with rheumatoid arthritis of left ankle and foot,45538625,rheumd
M05.339,ICD10CM,Rheumatoid heart disease with rheumatoid arthritis of unspecified wrist,45582007,rheumd
M05.342,ICD10CM,Rheumatoid heart disease with rheumatoid arthritis of left hand,45562587,rheumd
M05.371,ICD10CM,Rheumatoid heart disease with rheumatoid arthritis of right ankle and foot,45572331,rheumd
M05.39,ICD10CM,Rheumatoid heart disease with rheumatoid arthritis of multiple sites,45577098,rheumd
M05.419,ICD10CM,Rheumatoid myopathy with rheumatoid arthritis of unspecified shoulder,45596431,rheumd
M05.449,ICD10CM,Rheumatoid myopathy with rheumatoid arthritis of unspecified hand,45606045,rheumd
M05.442,ICD10CM,Rheumatoid myopathy with rheumatoid arthritis of left hand,45596432,rheumd
M05.462,ICD10CM,Rheumatoid myopathy with rheumatoid arthritis of left knee,45533694,rheumd
M05.531,ICD10CM,Rheumatoid polyneuropathy with rheumatoid arthritis of right wrist,45548257,rheumd
M05.561,ICD10CM,Rheumatoid polyneuropathy with rheumatoid arthritis of right knee,45548258,rheumd
M05.562,ICD10CM,Rheumatoid polyneuropathy with rheumatoid arthritis of left knee,45582012,rheumd
M05.571,ICD10CM,Rheumatoid polyneuropathy with rheumatoid arthritis of right ankle and foot,45538632,rheumd
M05.669,ICD10CM,Rheumatoid arthritis of unspecified knee with involvement of other organs and systems,45606048,rheumd
M05.712,ICD10CM,Rheumatoid arthritis with rheumatoid factor of left shoulder without organ or systems involvement,45543435,rheumd
M05.739,ICD10CM,Rheumatoid arthritis with rheumatoid factor of unspecified wrist without organ or systems involvement,45553044,rheumd
M05.832,ICD10CM,Other rheumatoid arthritis with rheumatoid factor of left wrist,45596440,rheumd
M05.849,ICD10CM,Other rheumatoid arthritis with rheumatoid factor of unspecified hand,45601282,rheumd
M05.862,ICD10CM,Other rheumatoid arthritis with rheumatoid factor of left knee,45553048,rheumd
M05.871,ICD10CM,Other rheumatoid arthritis with rheumatoid factor of right ankle and foot,45548265,rheumd
M06.012,ICD10CM,"Rheumatoid arthritis without rheumatoid factor, left shoulder",45533701,rheumd
M06.039,ICD10CM,"Rheumatoid arthritis without rheumatoid factor, unspecified wrist",45577106,rheumd
M06.061,ICD10CM,"Rheumatoid arthritis without rheumatoid factor, right knee",45601284,rheumd
M06.08,ICD10CM,"Rheumatoid arthritis without rheumatoid factor, vertebrae",45606056,rheumd
M06.249,ICD10CM,"Rheumatoid bursitis, unspecified hand",45577113,rheumd
M06.251,ICD10CM,"Rheumatoid bursitis, right hip",45586840,rheumd
M06.252,ICD10CM,"Rheumatoid bursitis, left hip",45601286,rheumd
M06.28,ICD10CM,"Rheumatoid bursitis, vertebrae",45572343,rheumd
M06.329,ICD10CM,"Rheumatoid nodule, unspecified elbow",45543439,rheumd
M06.369,ICD10CM,"Rheumatoid nodule, unspecified knee",45577116,rheumd
M06.832,ICD10CM,"Other specified rheumatoid arthritis, left wrist",45567423,rheumd
M06.88,ICD10CM,"Other specified rheumatoid arthritis, vertebrae",45567426,rheumd
M08.029,ICD10CM,"Unspecified juvenile rheumatoid arthritis, unspecified elbow",45586849,rheumd
M08.09,ICD10CM,"Unspecified juvenile rheumatoid arthritis, multiple sites",45548275,rheumd
M08.231,ICD10CM,"Juvenile rheumatoid arthritis with systemic onset, right wrist",45577123,rheumd
M08.239,ICD10CM,"Juvenile rheumatoid arthritis with systemic onset, unspecified wrist",45582019,rheumd
M08.249,ICD10CM,"Juvenile rheumatoid arthritis with systemic onset, unspecified hand",45548277,rheumd
M08.279,ICD10CM,"Juvenile rheumatoid arthritis with systemic onset, unspecified ankle and foot",45586852,rheumd
M08.29,ICD10CM,"Juvenile rheumatoid arthritis with systemic onset, multiple sites",45601299,rheumd
M08.411,ICD10CM,"Pauciarticular juvenile rheumatoid arthritis, right shoulder",45557770,rheumd
M08.432,ICD10CM,"Pauciarticular juvenile rheumatoid arthritis, left wrist",45548282,rheumd
M08.472,ICD10CM,"Pauciarticular juvenile rheumatoid arthritis, left ankle and foot",45533707,rheumd
M08.821,ICD10CM,"Other juvenile arthritis, right elbow",45591712,rheumd
M08.832,ICD10CM,"Other juvenile arthritis, left wrist",45548284,rheumd
M08.842,ICD10CM,"Other juvenile arthritis, left hand",45606079,rheumd
M08.862,ICD10CM,"Other juvenile arthritis, left knee",45557776,rheumd
M08.871,ICD10CM,"Other juvenile arthritis, right ankle and foot",45562606,rheumd
M08.939,ICD10CM,"Juvenile arthritis, unspecified, unspecified wrist",45601304,rheumd
M08.969,ICD10CM,"Juvenile arthritis, unspecified, unspecified knee",45533710,rheumd
M08.98,ICD10CM,"Juvenile arthritis, unspecified, vertebrae",45577130,rheumd
M12.069,ICD10CM,"Chronic postrheumatic arthropathy [Jaccoud], unspecified knee",45533726,rheumd
M12.071,ICD10CM,"Chronic postrheumatic arthropathy [Jaccoud], right ankle and foot",45606103,rheumd
M12.342,ICD10CM,"Palindromic rheumatism, left hand",45543472,rheumd
M33.20,ICD10CM,"Polymyositis, organ involvement unspecified",45548402,rheumd
M08.88,ICD10CM,"Other juvenile arthritis, other specified site",45553061,rheumd
M33.93,ICD10CM,"Dermatopolymyositis, unspecified without myopathy",1326706,rheumd
M35.4,ICD10CM,Diffuse (eosinophilic) fasciitis,35208835,rheumd
M08.0A,ICD10CM,"Unspecified juvenile rheumatoid arthritis, other specified site",725374,rheumd
M31.19,ICD10CM,Other thrombotic microangiopathy,766393,rheumd
M35.0B,ICD10CM,Sjögren syndrome with vasculitis,766399,rheumd
M45.A6,ICD10CM,Non-radiographic axial spondyloarthritis of lumbar region,766408,rheumd
M35.08,ICD10CM,Sjögren syndrome with gastrointestinal involvement,766397,rheumd
D69.51,ICD10CM,Posttransfusion purpura,45586120,coag
D69.3,ICD10CM,Immune thrombocytopenic purpura,35206770,coag
D68.52,ICD10CM,Prothrombin gene mutation,45561929,coag
D68.69,ICD10CM,Other thrombophilia,45571639,coag
D68.4,ICD10CM,Acquired coagulation factor deficiency,35206764,coag
D69.6,ICD10CM,"Thrombocytopenia, unspecified",35206772,coag
D65,ICD10CM,Disseminated intravascular coagulation [defibrination syndrome],35206758,coag
D68.8,ICD10CM,Other specified coagulation defects,35206765,coag
D68.311,ICD10CM,Acquired hemophilia,45605379,coag
D68.32,ICD10CM,Hemorrhagic disorder due to extrinsic circulating anticoagulants,45561928,coag
D68.59,ICD10CM,Other primary thrombophilia,45571638,coag
D68.9,ICD10CM,"Coagulation defect, unspecified",35206766,coag
D66,ICD10CM,Hereditary factor VIII deficiency,35206759,coag
D69.59,ICD10CM,Other secondary thrombocytopenia,45576412,coag
D68.318,ICD10CM,"Other hemorrhagic disorder due to intrinsic circulating anticoagulants, antibodies, or inhibitors",45576410,coag
D67,ICD10CM,Hereditary factor IX deficiency,35206760,coag
D68.61,ICD10CM,Antiphospholipid syndrome,45552361,coag
D69.42,ICD10CM,Congenital and hereditary thrombocytopenia purpura,45571640,coag
D68.312,ICD10CM,Antiphospholipid antibody with hemorrhagic disorder,45557090,coag
D69.41,ICD10CM,Evans syndrome,45557091,coag
D68.62,ICD10CM,Lupus anticoagulant syndrome,45595772,coag
D68.2,ICD10CM,Hereditary deficiency of other clotting factors,35206763,coag
D68.1,ICD10CM,Hereditary factor XI deficiency,35206762,coag
D68.0,ICD10CM,Von Willebrand disease,35206761,coag
D69.1,ICD10CM,Qualitative platelet defects,35206768,coag
D69.49,ICD10CM,Other primary thrombocytopenia,45542714,coag
D68.51,ICD10CM,Activated protein C resistance,45537927,coag
E66.1,ICD10CM,Drug-induced obesity,35207021,obes
E66.3,ICD10CM,Overweight,45586164,obes
E66.8,ICD10CM,Other obesity,35207023,obes
E66.9,ICD10CM,"Obesity, unspecified",35207024,obes
E66.01,ICD10CM,Morbid (severe) obesity due to excess calories,45600659,obes
E66.09,ICD10CM,Other obesity due to excess calories,45591051,obes
E66.2,ICD10CM,Morbid (severe) obesity with alveolar hypoventilation,35207022,obes
R64,ICD10CM,Cachexia,35211413,wloss
E41,ICD10CM,Nutritional marasmus,35206965,wloss
R63.4,ICD10CM,Abnormal weight loss,35211409,wloss
E46,ICD10CM,Unspecified protein-calorie malnutrition,35206971,wloss
E45,ICD10CM,Retarded development following protein-calorie malnutrition,35206970,wloss
E42,ICD10CM,Marasmic kwashiorkor,35206966,wloss
E44.0,ICD10CM,Moderate protein-calorie malnutrition,35206968,wloss
E40,ICD10CM,Kwashiorkor,35206964,wloss
E43,ICD10CM,Unspecified severe protein-calorie malnutrition,35206967,wloss
E44.1,ICD10CM,Mild protein-calorie malnutrition,35206969,wloss
E86.0,ICD10CM,Dehydration,45557144,fed
E87.5,ICD10CM,Hyperkalemia,35207097,fed
E87.1,ICD10CM,Hypo-osmolality and hyponatremia,35207093,fed
E86.1,ICD10CM,Hypovolemia,45581387,fed
E86.9,ICD10CM,"Volume depletion, unspecified",45576479,fed
E87.4,ICD10CM,Mixed disorder of acid-base balance,35207096,fed
E87.2,ICD10CM,Acidosis,35207094,fed
E87.6,ICD10CM,Hypokalemia,35207098,fed
E87.3,ICD10CM,Alkalosis,35207095,fed
E22.2,ICD10CM,Syndrome of inappropriate secretion of antidiuretic hormone,35206906,fed
E87.70,ICD10CM,"Fluid overload, unspecified",45576480,fed
E87.8,ICD10CM,"Other disorders of electrolyte and fluid balance, not elsewhere classified",35207100,fed
E87.0,ICD10CM,Hyperosmolality and hypernatremia,35207092,fed
E87.79,ICD10CM,Other fluid overload,45542781,fed
E87.71,ICD10CM,Transfusion associated circulatory overload,45542780,fed
D50.0,ICD10CM,Iron deficiency anemia secondary to blood loss (chronic),35206692,blane
D51.1,ICD10CM,Vitamin B12 deficiency anemia due to selective vitamin B12 malabsorption with proteinuria,35206697,dane
D52.9,ICD10CM,"Folate deficiency anemia, unspecified",35206705,dane
D51.2,ICD10CM,Transcobalamin II deficiency,35206698,dane
D52.1,ICD10CM,Drug-induced folate deficiency anemia,35206703,dane
D53.2,ICD10CM,Scorbutic anemia,35206708,dane
D51.0,ICD10CM,Vitamin B12 deficiency anemia due to intrinsic factor deficiency,35206696,dane
D53.9,ICD10CM,"Nutritional anemia, unspecified",35206710,dane
D50.8,ICD10CM,Other iron deficiency anemias,35206694,dane
D53.8,ICD10CM,Other specified nutritional anemias,35206709,dane
D52.0,ICD10CM,Dietary folate deficiency anemia,35206702,dane
D51.8,ICD10CM,Other vitamin B12 deficiency anemias,35206700,dane
D53.0,ICD10CM,Protein deficiency anemia,35206706,dane
D51.3,ICD10CM,Other dietary vitamin B12 deficiency anemia,35206699,dane
D51.9,ICD10CM,"Vitamin B12 deficiency anemia, unspecified",35206701,dane
D50.9,ICD10CM,"Iron deficiency anemia, unspecified",35206695,dane
D52.8,ICD10CM,Other folate deficiency anemias,35206704,dane
D53.1,ICD10CM,"Other megaloblastic anemias, not elsewhere classified",35206707,dane
K70.0,ICD10CM,Alcoholic fatty liver,35208330,alcohol
G62.1,ICD10CM,Alcoholic polyneuropathy,35207456,alcohol
F10.129,ICD10CM,"Alcohol abuse with intoxication, unspecified",45557154,alcohol
F10.121,ICD10CM,Alcohol abuse with intoxication delirium,45576493,alcohol
F10.19,ICD10CM,Alcohol abuse with unspecified alcohol-induced disorder,45576495,alcohol
F10.220,ICD10CM,"Alcohol dependence with intoxication, uncomplicated",45586188,alcohol
F10.251,ICD10CM,Alcohol dependence with alcohol-induced psychotic disorder with hallucinations,45557155,alcohol
F10.980,ICD10CM,"Alcohol use, unspecified with alcohol-induced anxiety disorder",45566781,alcohol
T51.0X2A,ICD10CM,"Toxic effect of ethanol, intentional self-harm, initial encounter",45585063,alcohol
T51.1X1A,ICD10CM,"Toxic effect of methanol, accidental (unintentional), initial encounter",45609161,alcohol
T51.1X3S,ICD10CM,"Toxic effect of methanol, assault, sequela",45585067,alcohol
T51.2X1D,ICD10CM,"Toxic effect of 2-Propanol, accidental (unintentional), subsequent encounter",45594751,alcohol
T51.2X3S,ICD10CM,"Toxic effect of 2-Propanol, assault, sequela",45565696,alcohol
T51.3X1A,ICD10CM,"Toxic effect of fusel oil, accidental (unintentional), initial encounter",45604395,alcohol
T51.3X3D,ICD10CM,"Toxic effect of fusel oil, assault, subsequent encounter",45541658,alcohol
T51.8X2S,ICD10CM,"Toxic effect of other alcohols, intentional self-harm, sequela",45585070,alcohol
T51.91XA,ICD10CM,"Toxic effect of unspecified alcohol, accidental (unintentional), initial encounter",45589895,alcohol
T51.92XA,ICD10CM,"Toxic effect of unspecified alcohol, intentional self-harm, initial encounter",45556091,alcohol
T51.94XS,ICD10CM,"Toxic effect of unspecified alcohol, undetermined, sequela",45589897,alcohol
K29.21,ICD10CM,Alcoholic gastritis with bleeding,45591582,alcohol
Z71.41,ICD10CM,Alcohol abuse counseling and surveillance of alcoholic,45537666,alcohol
K70.31,ICD10CM,Alcoholic cirrhosis of liver with ascites,45538545,alcohol
E52,ICD10CM,Niacin deficiency [pellagra],35206985,alcohol
F10.132,ICD10CM,Alcohol abuse with withdrawal with perceptual disturbance,725274,alcohol
F10.181,ICD10CM,Alcohol abuse with alcohol-induced sexual dysfunction,45600694,alcohol
F10.182,ICD10CM,Alcohol abuse with alcohol-induced sleep disorder,45538006,alcohol
F10.29,ICD10CM,Alcohol dependence with unspecified alcohol-induced disorder,45591084,alcohol
F10.99,ICD10CM,"Alcohol use, unspecified with unspecified alcohol-induced disorder",45605456,alcohol
T51.0X4D,ICD10CM,"Toxic effect of ethanol, undetermined, subsequent encounter",45536868,alcohol
T51.0X4S,ICD10CM,"Toxic effect of ethanol, undetermined, sequela",45585065,alcohol
T51.1X2D,ICD10CM,"Toxic effect of methanol, intentional self-harm, subsequent encounter",45536869,alcohol
T51.1X2S,ICD10CM,"Toxic effect of methanol, intentional self-harm, sequela",45585066,alcohol
T51.2X2S,ICD10CM,"Toxic effect of 2-Propanol, intentional self-harm, sequela",45556089,alcohol
T51.2X3A,ICD10CM,"Toxic effect of 2-Propanol, assault, initial encounter",45551309,alcohol
T51.3X4S,ICD10CM,"Toxic effect of fusel oil, undetermined, sequela",45585069,alcohol
T51.8X2A,ICD10CM,"Toxic effect of other alcohols, intentional self-harm, initial encounter",45565697,alcohol
F10.11,ICD10CM,"Alcohol abuse, in remission",1326497,alcohol
F10.20,ICD10CM,"Alcohol dependence, uncomplicated",45586187,alcohol
F10.221,ICD10CM,Alcohol dependence with intoxication delirium,45586189,alcohol
F10.250,ICD10CM,Alcohol dependence with alcohol-induced psychotic disorder with delusions,45562003,alcohol
F10.26,ICD10CM,Alcohol dependence with alcohol-induced persisting amnestic disorder,45595847,alcohol
F10.27,ICD10CM,Alcohol dependence with alcohol-induced persisting dementia,45566776,alcohol
F10.280,ICD10CM,Alcohol dependence with alcohol-induced anxiety disorder,45566777,alcohol
F10.950,ICD10CM,"Alcohol use, unspecified with alcohol-induced psychotic disorder with delusions",45566779,alcohol
F10.982,ICD10CM,"Alcohol use, unspecified with alcohol-induced sleep disorder",45562005,alcohol
T51.1X4A,ICD10CM,"Toxic effect of methanol, undetermined, initial encounter",45546513,alcohol
T51.1X4D,ICD10CM,"Toxic effect of methanol, undetermined, subsequent encounter",45546514,alcohol
T51.2X3D,ICD10CM,"Toxic effect of 2-Propanol, assault, subsequent encounter",45560875,alcohol
T51.3X2S,ICD10CM,"Toxic effect of fusel oil, intentional self-harm, sequela",45570555,alcohol
T51.8X3D,ICD10CM,"Toxic effect of other alcohols, assault, subsequent encounter",45570556,alcohol
T51.91XS,ICD10CM,"Toxic effect of unspecified alcohol, accidental (unintentional), sequela",45565699,alcohol
T51.92XD,ICD10CM,"Toxic effect of unspecified alcohol, intentional self-harm, subsequent encounter",45589896,alcohol
T51.93XD,ICD10CM,"Toxic effect of unspecified alcohol, assault, subsequent encounter",45546516,alcohol
K29.20,ICD10CM,Alcoholic gastritis without bleeding,45596315,alcohol
K70.30,ICD10CM,Alcoholic cirrhosis of liver without ascites,45605952,alcohol
K70.9,ICD10CM,"Alcoholic liver disease, unspecified",35208332,alcohol
F10.21,ICD10CM,"Alcohol dependence, in remission",45581405,alcohol
F10.14,ICD10CM,Alcohol abuse with alcohol-induced mood disorder,45581404,alcohol
F10.159,ICD10CM,"Alcohol abuse with alcohol-induced psychotic disorder, unspecified",45571707,alcohol
F10.24,ICD10CM,Alcohol dependence with alcohol-induced mood disorder,45562002,alcohol
F10.281,ICD10CM,Alcohol dependence with alcohol-induced sexual dysfunction,45591083,alcohol
F10.920,ICD10CM,"Alcohol use, unspecified with intoxication, uncomplicated",45595851,alcohol
F10.929,ICD10CM,"Alcohol use, unspecified with intoxication, unspecified",45552432,alcohol
F10.96,ICD10CM,"Alcohol use, unspecified with alcohol-induced persisting amnestic disorder",45566780,alcohol
F10.988,ICD10CM,"Alcohol use, unspecified with other alcohol-induced disorder",45576497,alcohol
T51.0X4A,ICD10CM,"Toxic effect of ethanol, undetermined, initial encounter",45594748,alcohol
T51.2X1A,ICD10CM,"Toxic effect of 2-Propanol, accidental (unintentional), initial encounter",45594750,alcohol
T51.2X4S,ICD10CM,"Toxic effect of 2-Propanol, undetermined, sequela",45580252,alcohol
T51.3X2A,ICD10CM,"Toxic effect of fusel oil, intentional self-harm, initial encounter",45585068,alcohol
T51.8X1S,ICD10CM,"Toxic effect of other alcohols, accidental (unintentional), sequela",45609163,alcohol
T51.8X4A,ICD10CM,"Toxic effect of other alcohols, undetermined, initial encounter",45551312,alcohol
T51.91XD,ICD10CM,"Toxic effect of unspecified alcohol, accidental (unintentional), subsequent encounter",45599578,alcohol
T51.92XS,ICD10CM,"Toxic effect of unspecified alcohol, intentional self-harm, sequela",45575404,alcohol
F10.130,ICD10CM,"Alcohol abuse with withdrawal, uncomplicated",725272,alcohol
I42.6,ICD10CM,Alcoholic cardiomyopathy,35207761,alcohol
F10.151,ICD10CM,Alcohol abuse with alcohol-induced psychotic disorder with hallucinations,45595846,alcohol
F10.180,ICD10CM,Alcohol abuse with alcohol-induced anxiety disorder,45600693,alcohol
F10.232,ICD10CM,Alcohol dependence with withdrawal with perceptual disturbance,45566775,alcohol
F10.282,ICD10CM,Alcohol dependence with alcohol-induced sleep disorder,45600696,alcohol
F10.288,ICD10CM,Alcohol dependence with other alcohol-induced disorder,45571709,alcohol
T51.0X1A,ICD10CM,"Toxic effect of ethanol, accidental (unintentional), initial encounter",45575401,alcohol
T51.0X1S,ICD10CM,"Toxic effect of ethanol, accidental (unintentional), sequela",45556087,alcohol
T51.0X2D,ICD10CM,"Toxic effect of ethanol, intentional self-harm, subsequent encounter",45585064,alcohol
T51.1X3A,ICD10CM,"Toxic effect of methanol, assault, initial encounter",45604394,alcohol
T51.2X4A,ICD10CM,"Toxic effect of 2-Propanol, undetermined, initial encounter",45536871,alcohol
T51.3X3A,ICD10CM,"Toxic effect of fusel oil, assault, initial encounter",45541657,alcohol
T51.8X4D,ICD10CM,"Toxic effect of other alcohols, undetermined, subsequent encounter",45580255,alcohol
T51.8X4S,ICD10CM,"Toxic effect of other alcohols, undetermined, sequela",45565698,alcohol
T51.93XS,ICD10CM,"Toxic effect of unspecified alcohol, assault, sequela",45546517,alcohol
F10.10,ICD10CM,"Alcohol abuse, uncomplicated",45595845,alcohol
F10.94,ICD10CM,"Alcohol use, unspecified with alcohol-induced mood disorder",45542791,alcohol
F10.951,ICD10CM,"Alcohol use, unspecified with alcohol-induced psychotic disorder with hallucinations",45591087,alcohol
F10.959,ICD10CM,"Alcohol use, unspecified with alcohol-induced psychotic disorder, unspecified",45586192,alcohol
F10.97,ICD10CM,"Alcohol use, unspecified with alcohol-induced persisting dementia",45547675,alcohol
T51.0X3S,ICD10CM,"Toxic effect of ethanol, assault, sequela",45556088,alcohol
T51.1X1D,ICD10CM,"Toxic effect of methanol, accidental (unintentional), subsequent encounter",45594749,alcohol
T51.1X1S,ICD10CM,"Toxic effect of methanol, accidental (unintentional), sequela",45551307,alcohol
T51.2X1S,ICD10CM,"Toxic effect of 2-Propanol, accidental (unintentional), sequela",45575402,alcohol
T51.2X2A,ICD10CM,"Toxic effect of 2-Propanol, intentional self-harm, initial encounter",45560874,alcohol
T51.2X2D,ICD10CM,"Toxic effect of 2-Propanol, intentional self-harm, subsequent encounter",45594752,alcohol
T51.3X1D,ICD10CM,"Toxic effect of fusel oil, accidental (unintentional), subsequent encounter",45541656,alcohol
T51.3X4D,ICD10CM,"Toxic effect of fusel oil, undetermined, subsequent encounter",45580254,alcohol
T51.8X3S,ICD10CM,"Toxic effect of other alcohols, assault, sequela",45604397,alcohol
T51.93XA,ICD10CM,"Toxic effect of unspecified alcohol, assault, initial encounter",45536873,alcohol
T51.94XA,ICD10CM,"Toxic effect of unspecified alcohol, undetermined, initial encounter",45551313,alcohol
F10.188,ICD10CM,Alcohol abuse with other alcohol-induced disorder,45576494,alcohol
F10.230,ICD10CM,"Alcohol dependence with withdrawal, uncomplicated",45586190,alcohol
F10.921,ICD10CM,"Alcohol use, unspecified with intoxication delirium",45566778,alcohol
T51.0X2S,ICD10CM,"Toxic effect of ethanol, intentional self-harm, sequela",45604393,alcohol
T51.0X3A,ICD10CM,"Toxic effect of ethanol, assault, initial encounter",45541654,alcohol
T51.0X3D,ICD10CM,"Toxic effect of ethanol, assault, subsequent encounter",45609160,alcohol
T51.1X3D,ICD10CM,"Toxic effect of methanol, assault, subsequent encounter",45536870,alcohol
T51.1X4S,ICD10CM,"Toxic effect of methanol, undetermined, sequela",45589892,alcohol
T51.2X4D,ICD10CM,"Toxic effect of 2-Propanol, undetermined, subsequent encounter",45556090,alcohol
T51.3X2D,ICD10CM,"Toxic effect of fusel oil, intentional self-harm, subsequent encounter",45609162,alcohol
T51.8X3A,ICD10CM,"Toxic effect of other alcohols, assault, initial encounter",45536872,alcohol
T51.94XD,ICD10CM,"Toxic effect of unspecified alcohol, undetermined, subsequent encounter",45556092,alcohol
Z71.42,ICD10CM,Counseling for family member of alcoholic,45542451,alcohol
F10.931,ICD10CM,"Alcohol use, unspecified with withdrawal delirium",725278,alcohol
F10.932,ICD10CM,"Alcohol use, unspecified with withdrawal with perceptual disturbance",725279,alcohol
F10.939,ICD10CM,"Alcohol use, unspecified with withdrawal, unspecified",725280,alcohol
F10.120,ICD10CM,"Alcohol abuse with intoxication, uncomplicated",45538005,alcohol
F10.150,ICD10CM,Alcohol abuse with alcohol-induced psychotic disorder with delusions,45600692,alcohol
F10.229,ICD10CM,"Alcohol dependence with intoxication, unspecified",45538007,alcohol
F10.231,ICD10CM,Alcohol dependence with withdrawal delirium,45552431,alcohol
F10.239,ICD10CM,"Alcohol dependence with withdrawal, unspecified",45533065,alcohol
F10.259,ICD10CM,"Alcohol dependence with alcohol-induced psychotic disorder, unspecified",45571708,alcohol
F10.981,ICD10CM,"Alcohol use, unspecified with alcohol-induced sexual dysfunction",45538009,alcohol
T51.0X1D,ICD10CM,"Toxic effect of ethanol, accidental (unintentional), subsequent encounter",45536867,alcohol
T51.1X2A,ICD10CM,"Toxic effect of methanol, intentional self-harm, initial encounter",45580251,alcohol
T51.3X1S,ICD10CM,"Toxic effect of fusel oil, accidental (unintentional), sequela",45580253,alcohol
T51.3X3S,ICD10CM,"Toxic effect of fusel oil, assault, sequela",45599577,alcohol
T51.3X4A,ICD10CM,"Toxic effect of fusel oil, undetermined, initial encounter",45589893,alcohol
T51.8X1A,ICD10CM,"Toxic effect of other alcohols, accidental (unintentional), initial encounter",45604396,alcohol
T51.8X1D,ICD10CM,"Toxic effect of other alcohols, accidental (unintentional), subsequent encounter",45575403,alcohol
T51.8X2D,ICD10CM,"Toxic effect of other alcohols, intentional self-harm, subsequent encounter",45589894,alcohol
F10.131,ICD10CM,Alcohol abuse with withdrawal delirium,725273,alcohol
F10.139,ICD10CM,"Alcohol abuse with withdrawal, unspecified",725275,alcohol
F10.930,ICD10CM,"Alcohol use, unspecified with withdrawal, uncomplicated",725277,alcohol
F12.11,ICD10CM,"Cannabis abuse, in remission",1326499,drug
F11.21,ICD10CM,"Opioid dependence, in remission",45605459,drug
F11.19,ICD10CM,Opioid abuse with unspecified opioid-induced disorder,45576500,drug
F11.288,ICD10CM,Opioid dependence with other opioid-induced disorder,45566785,drug
F11.90,ICD10CM,"Opioid use, unspecified, uncomplicated",45586196,drug
F12.120,ICD10CM,"Cannabis abuse with intoxication, uncomplicated",45547676,drug
F12.151,ICD10CM,Cannabis abuse with psychotic disorder with hallucinations,45581413,drug
F12.250,ICD10CM,Cannabis dependence with psychotic disorder with delusions,45571721,drug
F12.288,ICD10CM,Cannabis dependence with other cannabis-induced disorder,45576502,drug
F12.921,ICD10CM,"Cannabis use, unspecified with intoxication delirium",45595862,drug
F12.951,ICD10CM,"Cannabis use, unspecified with psychotic disorder with hallucinations",45533071,drug
F12.99,ICD10CM,"Cannabis use, unspecified with unspecified cannabis-induced disorder",45591101,drug
F13.120,ICD10CM,"Sedative, hypnotic or anxiolytic abuse with intoxication, uncomplicated",45552436,drug
F13.129,ICD10CM,"Sedative, hypnotic or anxiolytic abuse with intoxication, unspecified",45562011,drug
F13.182,ICD10CM,"Sedative, hypnotic or anxiolytic abuse with sedative, hypnotic or anxiolytic-induced sleep disorder",45552437,drug
F13.280,ICD10CM,"Sedative, hypnotic or anxiolytic dependence with sedative, hypnotic or anxiolytic-induced anxiety disorder",45562013,drug
F13.920,ICD10CM,"Sedative, hypnotic or anxiolytic use, unspecified with intoxication, uncomplicated",45542805,drug
F13.932,ICD10CM,"Sedative, hypnotic or anxiolytic use, unspecified with withdrawal with perceptual disturbances",45538027,drug
F13.939,ICD10CM,"Sedative, hypnotic or anxiolytic use, unspecified with withdrawal, unspecified",45566797,drug
F13.980,ICD10CM,"Sedative, hypnotic or anxiolytic use, unspecified with sedative, hypnotic or anxiolytic-induced anxiety disorder",45562015,drug
F14.129,ICD10CM,"Cocaine abuse with intoxication, unspecified",45586207,drug
F14.182,ICD10CM,Cocaine abuse with cocaine-induced sleep disorder,45557170,drug
F14.251,ICD10CM,Cocaine dependence with cocaine-induced psychotic disorder with hallucinations,45600708,drug
F14.282,ICD10CM,Cocaine dependence with cocaine-induced sleep disorder,45542807,drug
F14.29,ICD10CM,Cocaine dependence with unspecified cocaine-induced disorder,45566800,drug
F15.221,ICD10CM,Other stimulant dependence with intoxication delirium,45595877,drug
F15.288,ICD10CM,Other stimulant dependence with other stimulant-induced disorder,45557178,drug
F15.90,ICD10CM,"Other stimulant use, unspecified, uncomplicated",45538038,drug
F15.982,ICD10CM,"Other stimulant use, unspecified with stimulant-induced sleep disorder",45586214,drug
F16.20,ICD10CM,"Hallucinogen dependence, uncomplicated",45576519,drug
F16.283,ICD10CM,Hallucinogen dependence with hallucinogen persisting perception disorder (flashbacks),45595880,drug
F16.951,ICD10CM,"Hallucinogen use, unspecified with hallucinogen-induced psychotic disorder with hallucinations",45542820,drug
F16.959,ICD10CM,"Hallucinogen use, unspecified with hallucinogen-induced psychotic disorder, unspecified",45571738,drug
F16.988,ICD10CM,"Hallucinogen use, unspecified with other hallucinogen-induced disorder",45538045,drug
F18.121,ICD10CM,Inhalant abuse with intoxication delirium,45538048,drug
F18.921,ICD10CM,"Inhalant use, unspecified with intoxication with delirium",45600724,drug
F18.959,ICD10CM,"Inhalant use, unspecified with inhalant-induced psychotic disorder, unspecified",45605481,drug
F19.10,ICD10CM,"Other psychoactive substance abuse, uncomplicated",45533088,drug
F19.19,ICD10CM,Other psychoactive substance abuse with unspecified psychoactive substance-induced disorder,45566819,drug
F19.20,ICD10CM,"Other psychoactive substance dependence, uncomplicated",45542830,drug
F19.259,ICD10CM,"Other psychoactive substance dependence with psychoactive substance-induced psychotic disorder, unspecified",45562032,drug
F19.26,ICD10CM,Other psychoactive substance dependence with psychoactive substance-induced persisting amnestic disorder,45542833,drug
F19.90,ICD10CM,"Other psychoactive substance use, unspecified, uncomplicated",45552463,drug
F19.950,ICD10CM,"Other psychoactive substance use, unspecified with psychoactive substance-induced psychotic disorder with delusions",45566828,drug
F19.982,ICD10CM,"Other psychoactive substance use, unspecified with psychoactive substance-induced sleep disorder",45542834,drug
F15.13,ICD10CM,Other stimulant abuse with withdrawal,725290,drug
F14.21,ICD10CM,"Cocaine dependence, in remission",45581425,drug
F16.21,ICD10CM,"Hallucinogen dependence, in remission",45571734,drug
F18.11,ICD10CM,"Inhalant abuse, in remission",1326504,drug
F18.21,ICD10CM,"Inhalant dependence, in remission",45576523,drug
F11.122,ICD10CM,Opioid abuse with intoxication with perceptual disturbance,45600697,drug
F11.129,ICD10CM,"Opioid abuse with intoxication, unspecified",45581409,drug
F11.181,ICD10CM,Opioid abuse with opioid-induced sexual dysfunction,45542793,drug
F11.229,ICD10CM,"Opioid dependence with intoxication, unspecified",45557159,drug
F11.282,ICD10CM,Opioid dependence with opioid-induced sleep disorder,45533067,drug
F11.93,ICD10CM,"Opioid use, unspecified with withdrawal",45586197,drug
F12.121,ICD10CM,Cannabis abuse with intoxication delirium,45542799,drug
F12.159,ICD10CM,"Cannabis abuse with psychotic disorder, unspecified",45581414,drug
F12.188,ICD10CM,Cannabis abuse with other cannabis-induced disorder,45571720,drug
F12.20,ICD10CM,"Cannabis dependence, uncomplicated",45586200,drug
F12.259,ICD10CM,"Cannabis dependence with psychotic disorder, unspecified",45538014,drug
F12.959,ICD10CM,"Cannabis use, unspecified with psychotic disorder, unspecified",45566791,drug
F13.150,ICD10CM,"Sedative, hypnotic or anxiolytic abuse with sedative, hypnotic or anxiolytic-induced psychotic disorder with delusions",45538020,drug
F13.19,ICD10CM,"Sedative, hypnotic or anxiolytic abuse with unspecified sedative, hypnotic or anxiolytic-induced disorder",45571724,drug
F13.20,ICD10CM,"Sedative, hypnotic or anxiolytic dependence, uncomplicated",45576505,drug
F13.239,ICD10CM,"Sedative, hypnotic or anxiolytic dependence with withdrawal, unspecified",45566792,drug
F13.930,ICD10CM,"Sedative, hypnotic or anxiolytic use, unspecified with withdrawal, uncomplicated",45562014,drug
F13.99,ICD10CM,"Sedative, hypnotic or anxiolytic use, unspecified with unspecified sedative, hypnotic or anxiolytic-induced disorder",45547679,drug
F14.159,ICD10CM,"Cocaine abuse with cocaine-induced psychotic disorder, unspecified",45581424,drug
F14.922,ICD10CM,"Cocaine use, unspecified with intoxication with perceptual disturbance",45538035,drug
F15.121,ICD10CM,Other stimulant abuse with intoxication delirium,45576514,drug
F15.14,ICD10CM,Other stimulant abuse with stimulant-induced mood disorder,45595874,drug
F15.220,ICD10CM,"Other stimulant dependence with intoxication, uncomplicated",45600712,drug
F15.251,ICD10CM,Other stimulant dependence with stimulant-induced psychotic disorder with hallucinations,45542810,drug
F15.282,ICD10CM,Other stimulant dependence with stimulant-induced sleep disorder,45542812,drug
F15.988,ICD10CM,"Other stimulant use, unspecified with other stimulant-induced disorder",45542814,drug
F15.981,ICD10CM,"Other stimulant use, unspecified with stimulant-induced sexual dysfunction",45605473,drug
F15.99,ICD10CM,"Other stimulant use, unspecified with unspecified stimulant-induced disorder",45571733,drug
F16.10,ICD10CM,"Hallucinogen abuse, uncomplicated",45538041,drug
F16.24,ICD10CM,Hallucinogen dependence with hallucinogen-induced mood disorder,45581432,drug
F16.29,ICD10CM,Hallucinogen dependence with unspecified hallucinogen-induced disorder,45538043,drug
F16.90,ICD10CM,"Hallucinogen use, unspecified, uncomplicated",45605475,drug
F16.920,ICD10CM,"Hallucinogen use, unspecified with intoxication, uncomplicated",45566809,drug
F18.250,ICD10CM,Inhalant dependence with inhalant-induced psychotic disorder with delusions,45533087,drug
F18.97,ICD10CM,"Inhalant use, unspecified with inhalant-induced persisting dementia",45552458,drug
F19.159,ICD10CM,"Other psychoactive substance abuse with psychoactive substance-induced psychotic disorder, unspecified",45562030,drug
F19.180,ICD10CM,Other psychoactive substance abuse with psychoactive substance-induced anxiety disorder,45562031,drug
F19.282,ICD10CM,Other psychoactive substance dependence with psychoactive substance-induced sleep disorder,45600730,drug
F19.959,ICD10CM,"Other psychoactive substance use, unspecified with psychoactive substance-induced psychotic disorder, unspecified",45566829,drug
F14.93,ICD10CM,"Cocaine use, unspecified with withdrawal",725289,drug
F19.130,ICD10CM,"Other psychoactive substance abuse with withdrawal, uncomplicated",725292,drug
F19.139,ICD10CM,"Other psychoactive substance abuse with withdrawal, unspecified",725295,drug
F11.11,ICD10CM,"Opioid abuse, in remission",1326498,drug
F11.159,ICD10CM,"Opioid abuse with opioid-induced psychotic disorder, unspecified",45562007,drug
F11.20,ICD10CM,"Opioid dependence, uncomplicated",45586193,drug
F11.24,ICD10CM,Opioid dependence with opioid-induced mood disorder,45605460,drug
F12.150,ICD10CM,Cannabis abuse with psychotic disorder with delusions,45591096,drug
F12.920,ICD10CM,"Cannabis use, unspecified with intoxication, uncomplicated",45595861,drug
F12.929,ICD10CM,"Cannabis use, unspecified with intoxication, unspecified",45542801,drug
F13.14,ICD10CM,"Sedative, hypnotic or anxiolytic abuse with sedative, hypnotic or anxiolytic-induced mood disorder",45595863,drug
F13.181,ICD10CM,"Sedative, hypnotic or anxiolytic abuse with sedative, hypnotic or anxiolytic-induced sexual dysfunction",45591102,drug
F13.188,ICD10CM,"Sedative, hypnotic or anxiolytic abuse with other sedative, hypnotic or anxiolytic-induced disorder",45581418,drug
F13.251,ICD10CM,"Sedative, hypnotic or anxiolytic dependence with sedative, hypnotic or anxiolytic-induced psychotic disorder with hallucinations",45542803,drug
F13.259,ICD10CM,"Sedative, hypnotic or anxiolytic dependence with sedative, hypnotic or anxiolytic-induced psychotic disorder, unspecified",45576506,drug
F13.27,ICD10CM,"Sedative, hypnotic or anxiolytic dependence with sedative, hypnotic or anxiolytic-induced persisting dementia",45552440,drug
F13.281,ICD10CM,"Sedative, hypnotic or anxiolytic dependence with sedative, hypnotic or anxiolytic-induced sexual dysfunction",45552441,drug
F13.29,ICD10CM,"Sedative, hypnotic or anxiolytic dependence with unspecified sedative, hypnotic or anxiolytic-induced disorder",45576507,drug
F13.931,ICD10CM,"Sedative, hypnotic or anxiolytic use, unspecified with withdrawal delirium",45581421,drug
F13.950,ICD10CM,"Sedative, hypnotic or anxiolytic use, unspecified with sedative, hypnotic or anxiolytic-induced psychotic disorder with delusions",45581422,drug
F14.14,ICD10CM,Cocaine abuse with cocaine-induced mood disorder,45538030,drug
F14.90,ICD10CM,"Cocaine use, unspecified, uncomplicated",45557174,drug
F14.929,ICD10CM,"Cocaine use, unspecified with intoxication, unspecified",45557175,drug
F14.94,ICD10CM,"Cocaine use, unspecified with cocaine-induced mood disorder",45542808,drug
F14.951,ICD10CM,"Cocaine use, unspecified with cocaine-induced psychotic disorder with hallucinations",45533077,drug
F15.122,ICD10CM,Other stimulant abuse with intoxication with perceptual disturbance,45591107,drug
F15.23,ICD10CM,Other stimulant dependence with withdrawal,45576516,drug
F15.921,ICD10CM,"Other stimulant use, unspecified with intoxication delirium",45552447,drug
F15.950,ICD10CM,"Other stimulant use, unspecified with stimulant-induced psychotic disorder with delusions",45566805,drug
F16.983,ICD10CM,"Hallucinogen use, unspecified with hallucinogen persisting perception disorder (flashbacks)",45581434,drug
F18.151,ICD10CM,Inhalant abuse with inhalant-induced psychotic disorder with hallucinations,45581437,drug
F18.17,ICD10CM,Inhalant abuse with inhalant-induced dementia,45566812,drug
F18.180,ICD10CM,Inhalant abuse with inhalant-induced anxiety disorder,45566813,drug
F18.19,ICD10CM,Inhalant abuse with unspecified inhalant-induced disorder,45595888,drug
F18.29,ICD10CM,Inhalant dependence with unspecified inhalant-induced disorder,45600721,drug
F19.188,ICD10CM,Other psychoactive substance abuse with other psychoactive substance-induced disorder,45595891,drug
F19.920,ICD10CM,"Other psychoactive substance use, unspecified with intoxication, uncomplicated",45566825,drug
F19.97,ICD10CM,"Other psychoactive substance use, unspecified with psychoactive substance-induced persisting dementia",45547690,drug
F19.988,ICD10CM,"Other psychoactive substance use, unspecified with other psychoactive substance-induced disorder",45547692,drug
F12.93,ICD10CM,"Cannabis use, unspecified with withdrawal",1595538,drug
F13.131,ICD10CM,"Sedative, hypnotic or anxiolytic abuse with withdrawal delirium",725285,drug
F13.132,ICD10CM,"Sedative, hypnotic or anxiolytic abuse with withdrawal with perceptual disturbance",725286,drug
F16.11,ICD10CM,"Hallucinogen abuse, in remission",1326503,drug
F14.11,ICD10CM,"Cocaine abuse, in remission",1326501,drug
F11.220,ICD10CM,"Opioid dependence with intoxication, uncomplicated",45542795,drug
F11.221,ICD10CM,Opioid dependence with intoxication delirium,45542796,drug
F11.259,ICD10CM,"Opioid dependence with opioid-induced psychotic disorder, unspecified",45566784,drug
F11.959,ICD10CM,"Opioid use, unspecified with opioid-induced psychotic disorder, unspecified",45595856,drug
F12.19,ICD10CM,Cannabis abuse with unspecified cannabis-induced disorder,45552435,drug
F12.988,ICD10CM,"Cannabis use, unspecified with other cannabis-induced disorder",45605465,drug
F13.230,ICD10CM,"Sedative, hypnotic or anxiolytic dependence with withdrawal, uncomplicated",45538023,drug
F13.231,ICD10CM,"Sedative, hypnotic or anxiolytic dependence with withdrawal delirium",45538024,drug
F13.250,ICD10CM,"Sedative, hypnotic or anxiolytic dependence with sedative, hypnotic or anxiolytic-induced psychotic disorder with delusions",45581419,drug
F13.282,ICD10CM,"Sedative, hypnotic or anxiolytic dependence with sedative, hypnotic or anxiolytic-induced sleep disorder",45552442,drug
F13.959,ICD10CM,"Sedative, hypnotic or anxiolytic use, unspecified with sedative, hypnotic or anxiolytic-induced psychotic disorder, unspecified",45586204,drug
F13.96,ICD10CM,"Sedative, hypnotic or anxiolytic use, unspecified with sedative, hypnotic or anxiolytic-induced persisting amnestic disorder",45533073,drug
F13.97,ICD10CM,"Sedative, hypnotic or anxiolytic use, unspecified with sedative, hypnotic or anxiolytic-induced persisting dementia",45542806,drug
F13.988,ICD10CM,"Sedative, hypnotic or anxiolytic use, unspecified with other sedative, hypnotic or anxiolytic-induced disorder",45595868,drug
F14.19,ICD10CM,Cocaine abuse with unspecified cocaine-induced disorder,45552443,drug
F14.259,ICD10CM,"Cocaine dependence with cocaine-induced psychotic disorder, unspecified",45538032,drug
F14.281,ICD10CM,Cocaine dependence with cocaine-induced sexual dysfunction,45600709,drug
F14.920,ICD10CM,"Cocaine use, unspecified with intoxication, uncomplicated",45576510,drug
F14.959,ICD10CM,"Cocaine use, unspecified with cocaine-induced psychotic disorder, unspecified",45557176,drug
F15.150,ICD10CM,Other stimulant abuse with stimulant-induced psychotic disorder with delusions,45538036,drug
F15.181,ICD10CM,Other stimulant abuse with stimulant-induced sexual dysfunction,45591109,drug
F15.21,ICD10CM,"Other stimulant dependence, in remission",45542809,drug
F15.229,ICD10CM,"Other stimulant dependence with intoxication, unspecified",45552446,drug
F15.24,ICD10CM,Other stimulant dependence with stimulant-induced mood disorder,45605472,drug
F15.281,ICD10CM,Other stimulant dependence with stimulant-induced sexual dysfunction,45542811,drug
F15.980,ICD10CM,"Other stimulant use, unspecified with stimulant-induced anxiety disorder",45538040,drug
F16.121,ICD10CM,Hallucinogen abuse with intoxication with delirium,45533080,drug
F16.122,ICD10CM,Hallucinogen abuse with intoxication with perceptual disturbance,45600714,drug
F16.188,ICD10CM,Hallucinogen abuse with other hallucinogen-induced disorder,45552450,drug
F16.19,ICD10CM,Hallucinogen abuse with unspecified hallucinogen-induced disorder,45576518,drug
F16.929,ICD10CM,"Hallucinogen use, unspecified with intoxication, unspecified",45542818,drug
F16.94,ICD10CM,"Hallucinogen use, unspecified with hallucinogen-induced mood disorder",45562024,drug
F16.950,ICD10CM,"Hallucinogen use, unspecified with hallucinogen-induced psychotic disorder with delusions",45542819,drug
F16.980,ICD10CM,"Hallucinogen use, unspecified with hallucinogen-induced anxiety disorder",45552452,drug
F18.188,ICD10CM,Inhalant abuse with other inhalant-induced disorder,45557183,drug
F18.280,ICD10CM,Inhalant dependence with inhalant-induced anxiety disorder,45586222,drug
F18.980,ICD10CM,"Inhalant use, unspecified with inhalant-induced anxiety disorder",45595889,drug
F18.99,ICD10CM,"Inhalant use, unspecified with unspecified inhalant-induced disorder",45586224,drug
F19.17,ICD10CM,Other psychoactive substance abuse with psychoactive substance-induced persisting dementia,45581438,drug
F19.251,ICD10CM,Other psychoactive substance dependence with psychoactive substance-induced psychotic disorder with hallucinations,45595893,drug
F19.288,ICD10CM,Other psychoactive substance dependence with other psychoactive substance-induced disorder,45562033,drug
F19.29,ICD10CM,Other psychoactive substance dependence with unspecified psychoactive substance-induced disorder,45576528,drug
F19.931,ICD10CM,"Other psychoactive substance use, unspecified with withdrawal delirium",45576530,drug
F19.980,ICD10CM,"Other psychoactive substance use, unspecified with psychoactive substance-induced anxiety disorder",45547691,drug
Z71.51,ICD10CM,Drug abuse counseling and surveillance of drug abuser,45542452,drug
F14.13,ICD10CM,"Cocaine abuse, unspecified with withdrawal",725288,drug
F19.132,ICD10CM,Other psychoactive substance abuse with withdrawal with perceptual disturbance,725294,drug
F11.120,ICD10CM,"Opioid abuse with intoxication, uncomplicated",45542792,drug
F11.151,ICD10CM,Opioid abuse with opioid-induced psychotic disorder with hallucinations,45571713,drug
F11.222,ICD10CM,Opioid dependence with intoxication with perceptual disturbance,45581411,drug
F11.250,ICD10CM,Opioid dependence with opioid-induced psychotic disorder with delusions,45595854,drug
F11.251,ICD10CM,Opioid dependence with opioid-induced psychotic disorder with hallucinations,45591090,drug
F11.950,ICD10CM,"Opioid use, unspecified with opioid-induced psychotic disorder with delusions",45591095,drug
F11.981,ICD10CM,"Opioid use, unspecified with opioid-induced sexual dysfunction",45557162,drug
F11.988,ICD10CM,"Opioid use, unspecified with other opioid-induced disorder",45595857,drug
F12.122,ICD10CM,Cannabis abuse with intoxication with perceptual disturbance,45586199,drug
F12.180,ICD10CM,Cannabis abuse with cannabis-induced anxiety disorder,45533069,drug
F12.221,ICD10CM,Cannabis dependence with intoxication delirium,45557164,drug
F12.222,ICD10CM,Cannabis dependence with intoxication with perceptual disturbance,45538012,drug
F12.251,ICD10CM,Cannabis dependence with psychotic disorder with hallucinations,45538013,drug
F12.280,ICD10CM,Cannabis dependence with cannabis-induced anxiety disorder,45595860,drug
F12.922,ICD10CM,"Cannabis use, unspecified with intoxication with perceptual disturbance",45542800,drug
F12.980,ICD10CM,"Cannabis use, unspecified with anxiety disorder",45581417,drug
F13.121,ICD10CM,"Sedative, hypnotic or anxiolytic abuse with intoxication delirium",45538019,drug
F13.159,ICD10CM,"Sedative, hypnotic or anxiolytic abuse with sedative, hypnotic or anxiolytic-induced psychotic disorder, unspecified",45595864,drug
F13.21,ICD10CM,"Sedative, hypnotic or anxiolytic dependence, in remission",45538022,drug
F13.221,ICD10CM,"Sedative, hypnotic or anxiolytic dependence with intoxication delirium",45542802,drug
F13.90,ICD10CM,"Sedative, hypnotic, or anxiolytic use, unspecified, uncomplicated",45542804,drug
F13.929,ICD10CM,"Sedative, hypnotic or anxiolytic use, unspecified with intoxication, unspecified",45566796,drug
F13.951,ICD10CM,"Sedative, hypnotic or anxiolytic use, unspecified with sedative, hypnotic or anxiolytic-induced psychotic disorder with hallucinations",45571725,drug
F14.10,ICD10CM,"Cocaine abuse, uncomplicated",45600707,drug
F14.151,ICD10CM,Cocaine abuse with cocaine-induced psychotic disorder with hallucinations,45595871,drug
F14.188,ICD10CM,Cocaine abuse with other cocaine-induced disorder,45571726,drug
F14.222,ICD10CM,Cocaine dependence with intoxication with perceptual disturbance,45591104,drug
F14.982,ICD10CM,"Cocaine use, unspecified with cocaine-induced sleep disorder",45576511,drug
F14.99,ICD10CM,"Cocaine use, unspecified with unspecified cocaine-induced disorder",45576512,drug
F15.188,ICD10CM,Other stimulant abuse with other stimulant-induced disorder,45591110,drug
F15.180,ICD10CM,Other stimulant abuse with stimulant-induced anxiety disorder,45533078,drug
F15.222,ICD10CM,Other stimulant dependence with intoxication with perceptual disturbance,45571731,drug
F15.259,ICD10CM,"Other stimulant dependence with stimulant-induced psychotic disorder, unspecified",45538037,drug
F15.920,ICD10CM,"Other stimulant use, unspecified with intoxication, uncomplicated",45581431,drug
F15.93,ICD10CM,"Other stimulant use, unspecified with withdrawal",45595878,drug
F16.129,ICD10CM,"Hallucinogen abuse with intoxication, unspecified",45552448,drug
F16.159,ICD10CM,"Hallucinogen abuse with hallucinogen-induced psychotic disorder, unspecified",45552449,drug
F16.288,ICD10CM,Hallucinogen dependence with other hallucinogen-induced disorder,45552451,drug
F18.120,ICD10CM,"Inhalant abuse with intoxication, uncomplicated",45557182,drug
F18.14,ICD10CM,Inhalant abuse with inhalant-induced mood disorder,45595887,drug
F18.229,ICD10CM,"Inhalant dependence with intoxication, unspecified",45542826,drug
F18.27,ICD10CM,Inhalant dependence with inhalant-induced dementia,45547684,drug
F18.950,ICD10CM,"Inhalant use, unspecified with inhalant-induced psychotic disorder with delusions",45552457,drug
F19.122,ICD10CM,Other psychoactive substance abuse with intoxication with perceptual disturbances,45605482,drug
F19.221,ICD10CM,Other psychoactive substance dependence with intoxication delirium,45591122,drug
F19.222,ICD10CM,Other psychoactive substance dependence with intoxication with perceptual disturbance,45547687,drug
F19.232,ICD10CM,Other psychoactive substance dependence with withdrawal with perceptual disturbance,45600728,drug
F19.24,ICD10CM,Other psychoactive substance dependence with psychoactive substance-induced mood disorder,45600729,drug
F19.921,ICD10CM,"Other psychoactive substance use, unspecified with intoxication with delirium",45538053,drug
F19.96,ICD10CM,"Other psychoactive substance use, unspecified with psychoactive substance-induced persisting amnestic disorder",45547689,drug
F19.981,ICD10CM,"Other psychoactive substance use, unspecified with psychoactive substance-induced sexual dysfunction",45591126,drug
F15.11,ICD10CM,"Other stimulant abuse, in remission",1326502,drug
F11.13,ICD10CM,Opioid abuse with withdrawal,725281,drug
F12.13,ICD10CM,Cannabis abuse with withdrawal,725282,drug
F19.131,ICD10CM,Other psychoactive substance abuse with withdrawal delirium,725293,drug
F11.121,ICD10CM,Opioid abuse with intoxication delirium,45571712,drug
F11.150,ICD10CM,Opioid abuse with opioid-induced psychotic disorder with delusions,45576499,drug
F11.182,ICD10CM,Opioid abuse with opioid-induced sleep disorder,45571714,drug
F11.922,ICD10CM,"Opioid use, unspecified with intoxication with perceptual disturbance",45566787,drug
F11.929,ICD10CM,"Opioid use, unspecified with intoxication, unspecified",45576501,drug
F11.99,ICD10CM,"Opioid use, unspecified with unspecified opioid-induced disorder",45533068,drug
F12.220,ICD10CM,"Cannabis dependence with intoxication, uncomplicated",45547677,drug
F12.229,ICD10CM,"Cannabis dependence with intoxication, unspecified",45591099,drug
F12.90,ICD10CM,"Cannabis use, unspecified, uncomplicated",45547678,drug
F13.180,ICD10CM,"Sedative, hypnotic or anxiolytic abuse with sedative, hypnotic or anxiolytic-induced anxiety disorder",45538021,drug
F13.229,ICD10CM,"Sedative, hypnotic or anxiolytic dependence with intoxication, unspecified",45552439,drug
F13.232,ICD10CM,"Sedative, hypnotic or anxiolytic dependence with withdrawal with perceptual disturbance",45595865,drug
F13.24,ICD10CM,"Sedative, hypnotic or anxiolytic dependence with sedative, hypnotic or anxiolytic-induced mood disorder",45595866,drug
F13.288,ICD10CM,"Sedative, hypnotic or anxiolytic dependence with other sedative, hypnotic or anxiolytic-induced disorder",45566793,drug
F13.94,ICD10CM,"Sedative, hypnotic or anxiolytic use, unspecified with sedative, hypnotic or anxiolytic-induced mood disorder",45605466,drug
F14.181,ICD10CM,Cocaine abuse with cocaine-induced sexual dysfunction,45566798,drug
F14.20,ICD10CM,"Cocaine dependence, uncomplicated",45566799,drug
F14.220,ICD10CM,"Cocaine dependence with intoxication, uncomplicated",45538031,drug
F14.221,ICD10CM,Cocaine dependence with intoxication delirium,45557171,drug
F14.229,ICD10CM,"Cocaine dependence with intoxication, unspecified",45557172,drug
F14.23,ICD10CM,Cocaine dependence with withdrawal,45557173,drug
F14.250,ICD10CM,Cocaine dependence with cocaine-induced psychotic disorder with delusions,45605468,drug
F14.288,ICD10CM,Cocaine dependence with other cocaine-induced disorder,45605469,drug
F14.981,ICD10CM,"Cocaine use, unspecified with cocaine-induced sexual dysfunction",45557177,drug
F15.129,ICD10CM,"Other stimulant abuse with intoxication, unspecified",45552445,drug
F15.151,ICD10CM,Other stimulant abuse with stimulant-induced psychotic disorder with hallucinations,45591108,drug
F15.182,ICD10CM,Other stimulant abuse with stimulant-induced sleep disorder,45595875,drug
F15.20,ICD10CM,"Other stimulant dependence, uncomplicated",45595876,drug
F15.250,ICD10CM,Other stimulant dependence with stimulant-induced psychotic disorder with delusions,45571732,drug
F15.280,ICD10CM,Other stimulant dependence with stimulant-induced anxiety disorder,45566802,drug
F15.29,ICD10CM,Other stimulant dependence with unspecified stimulant-induced disorder,45591111,drug
F16.14,ICD10CM,Hallucinogen abuse with hallucinogen-induced mood disorder,45605474,drug
F16.150,ICD10CM,Hallucinogen abuse with hallucinogen-induced psychotic disorder with delusions,45562020,drug
F16.180,ICD10CM,Hallucinogen abuse with hallucinogen-induced anxiety disorder,45566808,drug
F16.183,ICD10CM,Hallucinogen abuse with hallucinogen persisting perception disorder (flashbacks),45600715,drug
F16.250,ICD10CM,Hallucinogen dependence with hallucinogen-induced psychotic disorder with delusions,45591113,drug
F16.99,ICD10CM,"Hallucinogen use, unspecified with unspecified hallucinogen-induced disorder",45591114,drug
F18.10,ICD10CM,"Inhalant abuse, uncomplicated",45566811,drug
F18.129,ICD10CM,"Inhalant abuse with intoxication, unspecified",45605479,drug
F18.159,ICD10CM,"Inhalant abuse with inhalant-induced psychotic disorder, unspecified",45547683,drug
F18.20,ICD10CM,"Inhalant dependence, uncomplicated",45562027,drug
F18.220,ICD10CM,"Inhalant dependence with intoxication, uncomplicated",45557184,drug
F18.221,ICD10CM,Inhalant dependence with intoxication delirium,45576524,drug
F18.24,ICD10CM,Inhalant dependence with inhalant-induced mood disorder,45562028,drug
F18.259,ICD10CM,"Inhalant dependence with inhalant-induced psychotic disorder, unspecified",45591120,drug
F18.94,ICD10CM,"Inhalant use, unspecified with inhalant-induced mood disorder",45557187,drug
F18.951,ICD10CM,"Inhalant use, unspecified with inhalant-induced psychotic disorder with hallucinations",45547685,drug
F18.988,ICD10CM,"Inhalant use, unspecified with other inhalant-induced disorder",45547686,drug
F19.121,ICD10CM,Other psychoactive substance abuse with intoxication delirium,45533089,drug
F19.14,ICD10CM,Other psychoactive substance abuse with psychoactive substance-induced mood disorder,45542829,drug
F19.150,ICD10CM,Other psychoactive substance abuse with psychoactive substance-induced psychotic disorder with delusions,45566818,drug
F19.151,ICD10CM,Other psychoactive substance abuse with psychoactive substance-induced psychotic disorder with hallucinations,45600726,drug
F19.181,ICD10CM,Other psychoactive substance abuse with psychoactive substance-induced sexual dysfunction,45576526,drug
F19.220,ICD10CM,"Other psychoactive substance dependence with intoxication, uncomplicated",45586227,drug
F19.229,ICD10CM,"Other psychoactive substance dependence with intoxication, unspecified",45600727,drug
F19.27,ICD10CM,Other psychoactive substance dependence with psychoactive substance-induced persisting dementia,45571746,drug
F12.21,ICD10CM,"Cannabis dependence, in remission",45591097,drug
F13.11,ICD10CM,"Sedative, hypnotic or anxiolytic abuse, in remission",1326500,drug
F11.188,ICD10CM,Opioid abuse with other opioid-induced disorder,45542794,drug
F11.23,ICD10CM,Opioid dependence with withdrawal,45557160,drug
F11.281,ICD10CM,Opioid dependence with opioid-induced sexual dysfunction,45591091,drug
F11.94,ICD10CM,"Opioid use, unspecified with opioid-induced mood disorder",45586198,drug
F11.982,ICD10CM,"Opioid use, unspecified with opioid-induced sleep disorder",45542798,drug
F12.10,ICD10CM,"Cannabis abuse, uncomplicated",45538011,drug
F12.129,ICD10CM,"Cannabis abuse with intoxication, unspecified",45552434,drug
F13.10,ICD10CM,"Sedative, hypnotic or anxiolytic abuse, uncomplicated",45562010,drug
F13.220,ICD10CM,"Sedative, hypnotic or anxiolytic dependence with intoxication, uncomplicated",45552438,drug
F13.26,ICD10CM,"Sedative, hypnotic or anxiolytic dependence with sedative, hypnotic or anxiolytic-induced persisting amnestic disorder",45557168,drug
F14.121,ICD10CM,Cocaine abuse with intoxication with delirium,45605467,drug
F14.122,ICD10CM,Cocaine abuse with intoxication with perceptual disturbance,45538029,drug
F14.180,ICD10CM,Cocaine abuse with cocaine-induced anxiety disorder,45595872,drug
F14.24,ICD10CM,Cocaine dependence with cocaine-induced mood disorder,45571727,drug
F14.280,ICD10CM,Cocaine dependence with cocaine-induced anxiety disorder,45538033,drug
F14.950,ICD10CM,"Cocaine use, unspecified with cocaine-induced psychotic disorder with delusions",45533076,drug
F15.120,ICD10CM,"Other stimulant abuse with intoxication, uncomplicated",45581429,drug
F15.19,ICD10CM,Other stimulant abuse with unspecified stimulant-induced disorder,45581430,drug
F15.922,ICD10CM,"Other stimulant use, unspecified with intoxication with perceptual disturbance",45586212,drug
F15.94,ICD10CM,"Other stimulant use, unspecified with stimulant-induced mood disorder",45538039,drug
F15.959,ICD10CM,"Other stimulant use, unspecified with stimulant-induced psychotic disorder, unspecified",45542813,drug
F16.220,ICD10CM,"Hallucinogen dependence with intoxication, uncomplicated",45542816,drug
F16.251,ICD10CM,Hallucinogen dependence with hallucinogen-induced psychotic disorder with hallucinations,45562021,drug
F18.150,ICD10CM,Inhalant abuse with inhalant-induced psychotic disorder with delusions,45605480,drug
F18.251,ICD10CM,Inhalant dependence with inhalant-induced psychotic disorder with hallucinations,45542827,drug
F18.288,ICD10CM,Inhalant dependence with other inhalant-induced disorder,45557185,drug
F18.90,ICD10CM,"Inhalant use, unspecified, uncomplicated",45566815,drug
F18.920,ICD10CM,"Inhalant use, unspecified with intoxication, uncomplicated",45566816,drug
F18.929,ICD10CM,"Inhalant use, unspecified with intoxication, unspecified",45538050,drug
F19.129,ICD10CM,"Other psychoactive substance abuse with intoxication, unspecified",45552460,drug
F19.182,ICD10CM,Other psychoactive substance abuse with psychoactive substance-induced sleep disorder,45605483,drug
F19.21,ICD10CM,"Other psychoactive substance dependence, in remission",45566820,drug
F19.231,ICD10CM,Other psychoactive substance dependence with withdrawal delirium,45576527,drug
F19.239,ICD10CM,"Other psychoactive substance dependence with withdrawal, unspecified",45591123,drug
F19.280,ICD10CM,Other psychoactive substance dependence with psychoactive substance-induced anxiety disorder,45591124,drug
F19.922,ICD10CM,"Other psychoactive substance use, unspecified with intoxication with perceptual disturbance",45557191,drug
F19.929,ICD10CM,"Other psychoactive substance use, unspecified with intoxication, unspecified",45591125,drug
F19.932,ICD10CM,"Other psychoactive substance use, unspecified with withdrawal with perceptual disturbance",45557192,drug
F19.939,ICD10CM,"Other psychoactive substance use, unspecified with withdrawal, unspecified",45566827,drug
F19.99,ICD10CM,"Other psychoactive substance use, unspecified with unspecified psychoactive substance-induced disorder",45547693,drug
Z71.52,ICD10CM,Counseling for family member of drug abuser,45566456,drug
F11.10,ICD10CM,"Opioid abuse, uncomplicated",45605458,drug
F11.14,ICD10CM,Opioid abuse with opioid-induced mood disorder,45566782,drug
F11.29,ICD10CM,Opioid dependence with unspecified opioid-induced disorder,45605461,drug
F11.920,ICD10CM,"Opioid use, unspecified with intoxication, uncomplicated",45542797,drug
F11.921,ICD10CM,"Opioid use, unspecified with intoxication delirium",45566786,drug
F11.951,ICD10CM,"Opioid use, unspecified with opioid-induced psychotic disorder with hallucinations",45605464,drug
F12.29,ICD10CM,Cannabis dependence with unspecified cannabis-induced disorder,45557165,drug
F12.950,ICD10CM,"Cannabis use, unspecified with psychotic disorder with delusions",45576504,drug
F13.151,ICD10CM,"Sedative, hypnotic or anxiolytic abuse with sedative, hypnotic or anxiolytic-induced psychotic disorder with hallucinations",45562012,drug
F13.921,ICD10CM,"Sedative, hypnotic or anxiolytic use, unspecified with intoxication delirium",45595867,drug
F13.981,ICD10CM,"Sedative, hypnotic or anxiolytic use, unspecified with sedative, hypnotic or anxiolytic-induced sexual dysfunction",45576508,drug
F13.982,ICD10CM,"Sedative, hypnotic or anxiolytic use, unspecified with sedative, hypnotic or anxiolytic-induced sleep disorder",45586205,drug
F14.120,ICD10CM,"Cocaine abuse with intoxication, uncomplicated",45557169,drug
F14.150,ICD10CM,Cocaine abuse with cocaine-induced psychotic disorder with delusions,45533074,drug
F14.921,ICD10CM,"Cocaine use, unspecified with intoxication delirium",45538034,drug
F14.980,ICD10CM,"Cocaine use, unspecified with cocaine-induced anxiety disorder",45586208,drug
F14.988,ICD10CM,"Cocaine use, unspecified with other cocaine-induced disorder",45552444,drug
F15.10,ICD10CM,"Other stimulant abuse, uncomplicated",45571730,drug
F15.159,ICD10CM,"Other stimulant abuse with stimulant-induced psychotic disorder, unspecified",45605471,drug
F15.929,ICD10CM,"Other stimulant use, unspecified with intoxication, unspecified",45566804,drug
F15.951,ICD10CM,"Other stimulant use, unspecified with stimulant-induced psychotic disorder with hallucinations",45586213,drug
F16.120,ICD10CM,"Hallucinogen abuse with intoxication, uncomplicated",45538042,drug
F16.151,ICD10CM,Hallucinogen abuse with hallucinogen-induced psychotic disorder with hallucinations,45595879,drug
F16.221,ICD10CM,Hallucinogen dependence with intoxication with delirium,45533081,drug
F16.229,ICD10CM,"Hallucinogen dependence with intoxication, unspecified",45586216,drug
F16.259,ICD10CM,"Hallucinogen dependence with hallucinogen-induced psychotic disorder, unspecified",45571735,drug
F16.280,ICD10CM,Hallucinogen dependence with hallucinogen-induced anxiety disorder,45571736,drug
F16.921,ICD10CM,"Hallucinogen use, unspecified with intoxication with delirium",45586217,drug
F19.120,ICD10CM,"Other psychoactive substance abuse with intoxication, uncomplicated",45600725,drug
F19.16,ICD10CM,Other psychoactive substance abuse with psychoactive substance-induced persisting amnestic disorder,45595890,drug
F19.230,ICD10CM,"Other psychoactive substance dependence with withdrawal, uncomplicated",45542831,drug
F19.250,ICD10CM,Other psychoactive substance dependence with psychoactive substance-induced psychotic disorder with delusions,45595892,drug
F19.281,ICD10CM,Other psychoactive substance dependence with psychoactive substance-induced sexual dysfunction,45581439,drug
F19.930,ICD10CM,"Other psychoactive substance use, unspecified with withdrawal, uncomplicated",45566826,drug
F19.94,ICD10CM,"Other psychoactive substance use, unspecified with psychoactive substance-induced mood disorder",45581441,drug
F19.951,ICD10CM,"Other psychoactive substance use, unspecified with psychoactive substance-induced psychotic disorder with hallucinations",45581442,drug
F19.11,ICD10CM,"Other psychoactive substance abuse, in remission",1326505,drug
F12.23,ICD10CM,Cannabis dependence with withdrawal,1595537,drug
F13.130,ICD10CM,"Sedative, hypnotic or anxiolytic abuse with withdrawal, uncomplicated",725284,drug
F13.139,ICD10CM,"Sedative, hypnotic or anxiolytic abuse with withdrawal, unspecified",725287,drug
F20.5,ICD10CM,Residual schizophrenia,35207130,psycho
F23,ICD10CM,Brief psychotic disorder,35207134,psycho
F25.0,ICD10CM,"Schizoaffective disorder, bipolar type",35207136,psycho
F20.89,ICD10CM,Other schizophrenia,45547696,psycho
F20.3,ICD10CM,Undifferentiated schizophrenia,35207129,psycho
F29,ICD10CM,Unspecified psychosis not due to a substance or known physiological condition,35207141,psycho
F20.81,ICD10CM,Schizophreniform disorder,45562038,psycho
F25.1,ICD10CM,"Schizoaffective disorder, depressive type",35207137,psycho
F22,ICD10CM,Delusional disorders,35207133,psycho
F25.9,ICD10CM,"Schizoaffective disorder, unspecified",35207139,psycho
F28,ICD10CM,Other psychotic disorder not due to a substance or known physiological condition,35207140,psycho
F30.2,ICD10CM,"Manic episode, severe with psychotic symptoms",35207142,psycho
F24,ICD10CM,Shared psychotic disorder,35207135,psycho
F25.8,ICD10CM,Other schizoaffective disorders,35207138,psycho
F31.2,ICD10CM,"Bipolar disorder, current episode manic severe with psychotic features",35207146,psycho
F20.2,ICD10CM,Catatonic schizophrenia,35207128,psycho
F20.1,ICD10CM,Disorganized schizophrenia,35207127,psycho
F31.5,ICD10CM,"Bipolar disorder, current episode depressed, severe, with psychotic features",35207148,psycho
F20.9,ICD10CM,"Schizophrenia, unspecified",35207131,psycho
F20.0,ICD10CM,Paranoid schizophrenia,35207126,psycho
F43.24,ICD10CM,Adjustment disorder with disturbance of conduct,45600747,depre
F43.25,ICD10CM,Adjustment disorder with mixed disturbance of emotions and conduct,45547708,depre
F43.20,ICD10CM,"Adjustment disorder, unspecified",45576546,depre
F32.3,ICD10CM,"Major depressive disorder, single episode, severe with psychotic features",35207153,depre
F43.22,ICD10CM,Adjustment disorder with anxiety,45547707,depre
F32.A,ICD10CM,"Depression, unspecified",766349,depre
F43.21,ICD10CM,Adjustment disorder with depressed mood,45581461,depre
F33.3,ICD10CM,"Major depressive disorder, recurrent, severe with psychotic symptoms",35207159,depre
F43.23,ICD10CM,Adjustment disorder with mixed anxiety and depressed mood,45538069,depre
F32.4,ICD10CM,"Major depressive disorder, single episode, in partial remission",45576541,depre
F31.32,ICD10CM,"Bipolar disorder, current episode depressed, moderate",45538062,depre
F33.42,ICD10CM,"Major depressive disorder, recurrent, in full remission",45571761,depre
F32.9,ICD10CM,"Major depressive disorder, single episode, unspecified",35207155,depre
F32.0,ICD10CM,"Major depressive disorder, single episode, mild",35207150,depre
F33.8,ICD10CM,Other recurrent depressive disorders,35207160,depre
F31.30,ICD10CM,"Bipolar disorder, current episode depressed, mild or moderate severity, unspecified",45571756,depre
F32.89,ICD10CM,Other specified depressive episodes,37200320,depre
F32.5,ICD10CM,"Major depressive disorder, single episode, in full remission",45547704,depre
F33.9,ICD10CM,"Major depressive disorder, recurrent, unspecified",35207161,depre
F32.2,ICD10CM,"Major depressive disorder, single episode, severe without psychotic features",35207152,depre
F33.2,ICD10CM,"Major depressive disorder, recurrent severe without psychotic features",35207158,depre
F31.4,ICD10CM,"Bipolar disorder, current episode depressed, severe, without psychotic features",35207147,depre
F33.41,ICD10CM,"Major depressive disorder, recurrent, in partial remission",45552479,depre
F32.81,ICD10CM,Premenstrual dysphoric disorder,37200319,depre
F31.5,ICD10CM,"Bipolar disorder, current episode depressed, severe, with psychotic features",35207148,depre
F34.1,ICD10CM,Dysthymic disorder,35207163,depre
F32.1,ICD10CM,"Major depressive disorder, single episode, moderate",35207151,depre
F33.0,ICD10CM,"Major depressive disorder, recurrent, mild",35207156,depre
F33.1,ICD10CM,"Major depressive disorder, recurrent, moderate",35207157,depre
F31.31,ICD10CM,"Bipolar disorder, current episode depressed, mild",45566839,depre
F33.40,ICD10CM,"Major depressive disorder, recurrent, in remission, unspecified",45547706,depre
F43.29,ICD10CM,Adjustment disorder with other symptoms,45576547,depre
