CUI,CODE,STR,PREFIX_CODE
C0178238,A00-A09,Intestinal infectious diseases (A00-A09),A00
C0178238,A00-A09,Intestinal infectious diseases (A00-A09),A01
C0178238,A00-A09,Intestinal infectious diseases (A00-A09),A02
C0178238,A00-A09,Intestinal infectious diseases (A00-A09),A03
C0178238,A00-A09,Intestinal infectious diseases (A00-A09),A04
C0178238,A00-A09,Intestinal infectious diseases (A00-A09),A05
C0178238,A00-A09,Intestinal infectious diseases (A00-A09),A06
C0178238,A00-A09,Intestinal infectious diseases (A00-A09),A07
C0178238,A00-A09,Intestinal infectious diseases (A00-A09),A08
C0178238,A00-A09,Intestinal infectious diseases (A00-A09),A09
C0694449,A00-B99,Certain infectious and parasitic diseases (A00-B99),A00
C0694449,A00-B99,Certain infectious and parasitic diseases (A00-B99),A01
C0694449,A00-B99,Certain infectious and parasitic diseases (A00-B99),A02
C0694449,A00-B99,Certain infectious and parasitic diseases (A00-B99),A03
C0694449,A00-B99,Certain infectious and parasitic diseases (A00-B99),A04
C0694449,A00-B99,Certain infectious and parasitic diseases (A00-B99),A05
C0694449,A00-B99,Certain infectious and parasitic diseases (A00-B99),A06
C0694449,A00-B99,Certain infectious and parasitic diseases (A00-B99),A07
C0694449,A00-B99,Certain infectious and parasitic diseases (A00-B99),A08
C0694449,A00-B99,Certain infectious and parasitic diseases (A00-B99),A09
C0694449,A00-B99,Certain infectious and parasitic diseases (A00-B99),A10
C0694449,A00-B99,Certain infectious and parasitic diseases (A00-B99),A11
C0694449,A00-B99,Certain infectious and parasitic diseases (A00-B99),A12
C0694449,A00-B99,Certain infectious and parasitic diseases (A00-B99),A13
C0694449,A00-B99,Certain infectious and parasitic diseases (A00-B99),A14
C0694449,A00-B99,Certain infectious and parasitic diseases (A00-B99),A15
C0694449,A00-B99,Certain infectious and parasitic diseases (A00-B99),A16
C0694449,A00-B99,Certain infectious and parasitic diseases (A00-B99),A17
C0694449,A00-B99,Certain infectious and parasitic diseases (A00-B99),A18
C0694449,A00-B99,Certain infectious and parasitic diseases (A00-B99),A19
C0694449,A00-B99,Certain infectious and parasitic diseases (A00-B99),A20
C0694449,A00-B99,Certain infectious and parasitic diseases (A00-B99),A21
C0694449,A00-B99,Certain infectious and parasitic diseases (A00-B99),A22
C0694449,A00-B99,Certain infectious and parasitic diseases (A00-B99),A23
C0694449,A00-B99,Certain infectious and parasitic diseases (A00-B99),A24
C0694449,A00-B99,Certain infectious and parasitic diseases (A00-B99),A25
C0694449,A00-B99,Certain infectious and parasitic diseases (A00-B99),A26
C0694449,A00-B99,Certain infectious and parasitic diseases (A00-B99),A27
C0694449,A00-B99,Certain infectious and parasitic diseases (A00-B99),A28
C0694449,A00-B99,Certain infectious and parasitic diseases (A00-B99),A29
C0694449,A00-B99,Certain infectious and parasitic diseases (A00-B99),A30
C0694449,A00-B99,Certain infectious and parasitic diseases (A00-B99),A31
C0694449,A00-B99,Certain infectious and parasitic diseases (A00-B99),A32
C0694449,A00-B99,Certain infectious and parasitic diseases (A00-B99),A33
C0694449,A00-B99,Certain infectious and parasitic diseases (A00-B99),A34
C0694449,A00-B99,Certain infectious and parasitic diseases (A00-B99),A35
C0694449,A00-B99,Certain infectious and parasitic diseases (A00-B99),A36
C0694449,A00-B99,Certain infectious and parasitic diseases (A00-B99),A37
C0694449,A00-B99,Certain infectious and parasitic diseases (A00-B99),A38
C0694449,A00-B99,Certain infectious and parasitic diseases (A00-B99),A39
C0694449,A00-B99,Certain infectious and parasitic diseases (A00-B99),A40
C0694449,A00-B99,Certain infectious and parasitic diseases (A00-B99),A41
C0694449,A00-B99,Certain infectious and parasitic diseases (A00-B99),A42
C0694449,A00-B99,Certain infectious and parasitic diseases (A00-B99),A43
C0694449,A00-B99,Certain infectious and parasitic diseases (A00-B99),A44
C0694449,A00-B99,Certain infectious and parasitic diseases (A00-B99),A45
C0694449,A00-B99,Certain infectious and parasitic diseases (A00-B99),A46
C0694449,A00-B99,Certain infectious and parasitic diseases (A00-B99),A47
C0694449,A00-B99,Certain infectious and parasitic diseases (A00-B99),A48
C0694449,A00-B99,Certain infectious and parasitic diseases (A00-B99),A49
C0694449,A00-B99,Certain infectious and parasitic diseases (A00-B99),A50
C0694449,A00-B99,Certain infectious and parasitic diseases (A00-B99),A51
C0694449,A00-B99,Certain infectious and parasitic diseases (A00-B99),A52
C0694449,A00-B99,Certain infectious and parasitic diseases (A00-B99),A53
C0694449,A00-B99,Certain infectious and parasitic diseases (A00-B99),A54
C0694449,A00-B99,Certain infectious and parasitic diseases (A00-B99),A55
C0694449,A00-B99,Certain infectious and parasitic diseases (A00-B99),A56
C0694449,A00-B99,Certain infectious and parasitic diseases (A00-B99),A57
C0694449,A00-B99,Certain infectious and parasitic diseases (A00-B99),A58
C0694449,A00-B99,Certain infectious and parasitic diseases (A00-B99),A59
C0694449,A00-B99,Certain infectious and parasitic diseases (A00-B99),A60
C0694449,A00-B99,Certain infectious and parasitic diseases (A00-B99),A61
C0694449,A00-B99,Certain infectious and parasitic diseases (A00-B99),A62
C0694449,A00-B99,Certain infectious and parasitic diseases (A00-B99),A63
C0694449,A00-B99,Certain infectious and parasitic diseases (A00-B99),A64
C0694449,A00-B99,Certain infectious and parasitic diseases (A00-B99),A65
C0694449,A00-B99,Certain infectious and parasitic diseases (A00-B99),A66
C0694449,A00-B99,Certain infectious and parasitic diseases (A00-B99),A67
C0694449,A00-B99,Certain infectious and parasitic diseases (A00-B99),A68
C0694449,A00-B99,Certain infectious and parasitic diseases (A00-B99),A69
C0694449,A00-B99,Certain infectious and parasitic diseases (A00-B99),A70
C0694449,A00-B99,Certain infectious and parasitic diseases (A00-B99),A71
C0694449,A00-B99,Certain infectious and parasitic diseases (A00-B99),A72
C0694449,A00-B99,Certain infectious and parasitic diseases (A00-B99),A73
C0694449,A00-B99,Certain infectious and parasitic diseases (A00-B99),A74
C0694449,A00-B99,Certain infectious and parasitic diseases (A00-B99),A75
C0694449,A00-B99,Certain infectious and parasitic diseases (A00-B99),A76
C0694449,A00-B99,Certain infectious and parasitic diseases (A00-B99),A77
C0694449,A00-B99,Certain infectious and parasitic diseases (A00-B99),A78
C0694449,A00-B99,Certain infectious and parasitic diseases (A00-B99),A79
C0694449,A00-B99,Certain infectious and parasitic diseases (A00-B99),A80
C0694449,A00-B99,Certain infectious and parasitic diseases (A00-B99),A81
C0694449,A00-B99,Certain infectious and parasitic diseases (A00-B99),A82
C0694449,A00-B99,Certain infectious and parasitic diseases (A00-B99),A83
C0694449,A00-B99,Certain infectious and parasitic diseases (A00-B99),A84
C0694449,A00-B99,Certain infectious and parasitic diseases (A00-B99),A85
C0694449,A00-B99,Certain infectious and parasitic diseases (A00-B99),A86
C0694449,A00-B99,Certain infectious and parasitic diseases (A00-B99),A87
C0694449,A00-B99,Certain infectious and parasitic diseases (A00-B99),A88
C0694449,A00-B99,Certain infectious and parasitic diseases (A00-B99),A89
C0694449,A00-B99,Certain infectious and parasitic diseases (A00-B99),A90
C0694449,A00-B99,Certain infectious and parasitic diseases (A00-B99),A91
C0694449,A00-B99,Certain infectious and parasitic diseases (A00-B99),A92
C0694449,A00-B99,Certain infectious and parasitic diseases (A00-B99),A93
C0694449,A00-B99,Certain infectious and parasitic diseases (A00-B99),A94
C0694449,A00-B99,Certain infectious and parasitic diseases (A00-B99),A95
C0694449,A00-B99,Certain infectious and parasitic diseases (A00-B99),A96
C0694449,A00-B99,Certain infectious and parasitic diseases (A00-B99),A97
C0694449,A00-B99,Certain infectious and parasitic diseases (A00-B99),A98
C0694449,A00-B99,Certain infectious and parasitic diseases (A00-B99),A99
C0694449,A00-B99,Certain infectious and parasitic diseases (A00-B99),B00
C0694449,A00-B99,Certain infectious and parasitic diseases (A00-B99),B01
C0694449,A00-B99,Certain infectious and parasitic diseases (A00-B99),B02
C0694449,A00-B99,Certain infectious and parasitic diseases (A00-B99),B03
C0694449,A00-B99,Certain infectious and parasitic diseases (A00-B99),B04
C0694449,A00-B99,Certain infectious and parasitic diseases (A00-B99),B05
C0694449,A00-B99,Certain infectious and parasitic diseases (A00-B99),B06
C0694449,A00-B99,Certain infectious and parasitic diseases (A00-B99),B07
C0694449,A00-B99,Certain infectious and parasitic diseases (A00-B99),B08
C0694449,A00-B99,Certain infectious and parasitic diseases (A00-B99),B09
C0694449,A00-B99,Certain infectious and parasitic diseases (A00-B99),B10
C0694449,A00-B99,Certain infectious and parasitic diseases (A00-B99),B11
C0694449,A00-B99,Certain infectious and parasitic diseases (A00-B99),B12
C0694449,A00-B99,Certain infectious and parasitic diseases (A00-B99),B13
C0694449,A00-B99,Certain infectious and parasitic diseases (A00-B99),B14
C0694449,A00-B99,Certain infectious and parasitic diseases (A00-B99),B15
C0694449,A00-B99,Certain infectious and parasitic diseases (A00-B99),B16
C0694449,A00-B99,Certain infectious and parasitic diseases (A00-B99),B17
C0694449,A00-B99,Certain infectious and parasitic diseases (A00-B99),B18
C0694449,A00-B99,Certain infectious and parasitic diseases (A00-B99),B19
C0694449,A00-B99,Certain infectious and parasitic diseases (A00-B99),B20
C0694449,A00-B99,Certain infectious and parasitic diseases (A00-B99),B21
C0694449,A00-B99,Certain infectious and parasitic diseases (A00-B99),B22
C0694449,A00-B99,Certain infectious and parasitic diseases (A00-B99),B23
C0694449,A00-B99,Certain infectious and parasitic diseases (A00-B99),B24
C0694449,A00-B99,Certain infectious and parasitic diseases (A00-B99),B25
C0694449,A00-B99,Certain infectious and parasitic diseases (A00-B99),B26
C0694449,A00-B99,Certain infectious and parasitic diseases (A00-B99),B27
C0694449,A00-B99,Certain infectious and parasitic diseases (A00-B99),B28
C0694449,A00-B99,Certain infectious and parasitic diseases (A00-B99),B29
C0694449,A00-B99,Certain infectious and parasitic diseases (A00-B99),B30
C0694449,A00-B99,Certain infectious and parasitic diseases (A00-B99),B31
C0694449,A00-B99,Certain infectious and parasitic diseases (A00-B99),B32
C0694449,A00-B99,Certain infectious and parasitic diseases (A00-B99),B33
C0694449,A00-B99,Certain infectious and parasitic diseases (A00-B99),B34
C0694449,A00-B99,Certain infectious and parasitic diseases (A00-B99),B35
C0694449,A00-B99,Certain infectious and parasitic diseases (A00-B99),B36
C0694449,A00-B99,Certain infectious and parasitic diseases (A00-B99),B37
C0694449,A00-B99,Certain infectious and parasitic diseases (A00-B99),B38
C0694449,A00-B99,Certain infectious and parasitic diseases (A00-B99),B39
C0694449,A00-B99,Certain infectious and parasitic diseases (A00-B99),B40
C0694449,A00-B99,Certain infectious and parasitic diseases (A00-B99),B41
C0694449,A00-B99,Certain infectious and parasitic diseases (A00-B99),B42
C0694449,A00-B99,Certain infectious and parasitic diseases (A00-B99),B43
C0694449,A00-B99,Certain infectious and parasitic diseases (A00-B99),B44
C0694449,A00-B99,Certain infectious and parasitic diseases (A00-B99),B45
C0694449,A00-B99,Certain infectious and parasitic diseases (A00-B99),B46
C0694449,A00-B99,Certain infectious and parasitic diseases (A00-B99),B47
C0694449,A00-B99,Certain infectious and parasitic diseases (A00-B99),B48
C0694449,A00-B99,Certain infectious and parasitic diseases (A00-B99),B49
C0694449,A00-B99,Certain infectious and parasitic diseases (A00-B99),B50
C0694449,A00-B99,Certain infectious and parasitic diseases (A00-B99),B51
C0694449,A00-B99,Certain infectious and parasitic diseases (A00-B99),B52
C0694449,A00-B99,Certain infectious and parasitic diseases (A00-B99),B53
C0694449,A00-B99,Certain infectious and parasitic diseases (A00-B99),B54
C0694449,A00-B99,Certain infectious and parasitic diseases (A00-B99),B55
C0694449,A00-B99,Certain infectious and parasitic diseases (A00-B99),B56
C0694449,A00-B99,Certain infectious and parasitic diseases (A00-B99),B57
C0694449,A00-B99,Certain infectious and parasitic diseases (A00-B99),B58
C0694449,A00-B99,Certain infectious and parasitic diseases (A00-B99),B59
C0694449,A00-B99,Certain infectious and parasitic diseases (A00-B99),B60
C0694449,A00-B99,Certain infectious and parasitic diseases (A00-B99),B61
C0694449,A00-B99,Certain infectious and parasitic diseases (A00-B99),B62
C0694449,A00-B99,Certain infectious and parasitic diseases (A00-B99),B63
C0694449,A00-B99,Certain infectious and parasitic diseases (A00-B99),B64
C0694449,A00-B99,Certain infectious and parasitic diseases (A00-B99),B65
C0694449,A00-B99,Certain infectious and parasitic diseases (A00-B99),B66
C0694449,A00-B99,Certain infectious and parasitic diseases (A00-B99),B67
C0694449,A00-B99,Certain infectious and parasitic diseases (A00-B99),B68
C0694449,A00-B99,Certain infectious and parasitic diseases (A00-B99),B69
C0694449,A00-B99,Certain infectious and parasitic diseases (A00-B99),B70
C0694449,A00-B99,Certain infectious and parasitic diseases (A00-B99),B71
C0694449,A00-B99,Certain infectious and parasitic diseases (A00-B99),B72
C0694449,A00-B99,Certain infectious and parasitic diseases (A00-B99),B73
C0694449,A00-B99,Certain infectious and parasitic diseases (A00-B99),B74
C0694449,A00-B99,Certain infectious and parasitic diseases (A00-B99),B75
C0694449,A00-B99,Certain infectious and parasitic diseases (A00-B99),B76
C0694449,A00-B99,Certain infectious and parasitic diseases (A00-B99),B77
C0694449,A00-B99,Certain infectious and parasitic diseases (A00-B99),B78
C0694449,A00-B99,Certain infectious and parasitic diseases (A00-B99),B79
C0694449,A00-B99,Certain infectious and parasitic diseases (A00-B99),B80
C0694449,A00-B99,Certain infectious and parasitic diseases (A00-B99),B81
C0694449,A00-B99,Certain infectious and parasitic diseases (A00-B99),B82
C0694449,A00-B99,Certain infectious and parasitic diseases (A00-B99),B83
C0694449,A00-B99,Certain infectious and parasitic diseases (A00-B99),B84
C0694449,A00-B99,Certain infectious and parasitic diseases (A00-B99),B85
C0694449,A00-B99,Certain infectious and parasitic diseases (A00-B99),B86
C0694449,A00-B99,Certain infectious and parasitic diseases (A00-B99),B87
C0694449,A00-B99,Certain infectious and parasitic diseases (A00-B99),B88
C0694449,A00-B99,Certain infectious and parasitic diseases (A00-B99),B89
C0694449,A00-B99,Certain infectious and parasitic diseases (A00-B99),B90
C0694449,A00-B99,Certain infectious and parasitic diseases (A00-B99),B91
C0694449,A00-B99,Certain infectious and parasitic diseases (A00-B99),B92
C0694449,A00-B99,Certain infectious and parasitic diseases (A00-B99),B93
C0694449,A00-B99,Certain infectious and parasitic diseases (A00-B99),B94
C0694449,A00-B99,Certain infectious and parasitic diseases (A00-B99),B95
C0694449,A00-B99,Certain infectious and parasitic diseases (A00-B99),B96
C0694449,A00-B99,Certain infectious and parasitic diseases (A00-B99),B97
C0694449,A00-B99,Certain infectious and parasitic diseases (A00-B99),B98
C0694449,A00-B99,Certain infectious and parasitic diseases (A00-B99),B99
C0041296,A15-A19,Tuberculosis (A15-A19),A15
C0041296,A15-A19,Tuberculosis (A15-A19),A16
C0041296,A15-A19,Tuberculosis (A15-A19),A17
C0041296,A15-A19,Tuberculosis (A15-A19),A18
C0041296,A15-A19,Tuberculosis (A15-A19),A19
C0348110,A20-A28,Certain zoonotic bacterial diseases (A20-A28),A20
C0348110,A20-A28,Certain zoonotic bacterial diseases (A20-A28),A21
C0348110,A20-A28,Certain zoonotic bacterial diseases (A20-A28),A22
C0348110,A20-A28,Certain zoonotic bacterial diseases (A20-A28),A23
C0348110,A20-A28,Certain zoonotic bacterial diseases (A20-A28),A24
C0348110,A20-A28,Certain zoonotic bacterial diseases (A20-A28),A25
C0348110,A20-A28,Certain zoonotic bacterial diseases (A20-A28),A26
C0348110,A20-A28,Certain zoonotic bacterial diseases (A20-A28),A27
C0348110,A20-A28,Certain zoonotic bacterial diseases (A20-A28),A28
C2939130,A30-A49,Other bacterial diseases (A30-A49),A30
C2939130,A30-A49,Other bacterial diseases (A30-A49),A31
C2939130,A30-A49,Other bacterial diseases (A30-A49),A32
C2939130,A30-A49,Other bacterial diseases (A30-A49),A33
C2939130,A30-A49,Other bacterial diseases (A30-A49),A34
C2939130,A30-A49,Other bacterial diseases (A30-A49),A35
C2939130,A30-A49,Other bacterial diseases (A30-A49),A36
C2939130,A30-A49,Other bacterial diseases (A30-A49),A37
C2939130,A30-A49,Other bacterial diseases (A30-A49),A38
C2939130,A30-A49,Other bacterial diseases (A30-A49),A39
C2939130,A30-A49,Other bacterial diseases (A30-A49),A40
C2939130,A30-A49,Other bacterial diseases (A30-A49),A41
C2939130,A30-A49,Other bacterial diseases (A30-A49),A42
C2939130,A30-A49,Other bacterial diseases (A30-A49),A43
C2939130,A30-A49,Other bacterial diseases (A30-A49),A44
C2939130,A30-A49,Other bacterial diseases (A30-A49),A45
C2939130,A30-A49,Other bacterial diseases (A30-A49),A46
C2939130,A30-A49,Other bacterial diseases (A30-A49),A47
C2939130,A30-A49,Other bacterial diseases (A30-A49),A48
C2939130,A30-A49,Other bacterial diseases (A30-A49),A49
C0036916,A50-A64,Infections with a predominantly sexual mode of transmission (A50-A64),A50
C0036916,A50-A64,Infections with a predominantly sexual mode of transmission (A50-A64),A51
C0036916,A50-A64,Infections with a predominantly sexual mode of transmission (A50-A64),A52
C0036916,A50-A64,Infections with a predominantly sexual mode of transmission (A50-A64),A53
C0036916,A50-A64,Infections with a predominantly sexual mode of transmission (A50-A64),A54
C0036916,A50-A64,Infections with a predominantly sexual mode of transmission (A50-A64),A55
C0036916,A50-A64,Infections with a predominantly sexual mode of transmission (A50-A64),A56
C0036916,A50-A64,Infections with a predominantly sexual mode of transmission (A50-A64),A57
C0036916,A50-A64,Infections with a predominantly sexual mode of transmission (A50-A64),A58
C0036916,A50-A64,Infections with a predominantly sexual mode of transmission (A50-A64),A59
C0036916,A50-A64,Infections with a predominantly sexual mode of transmission (A50-A64),A60
C0036916,A50-A64,Infections with a predominantly sexual mode of transmission (A50-A64),A61
C0036916,A50-A64,Infections with a predominantly sexual mode of transmission (A50-A64),A62
C0036916,A50-A64,Infections with a predominantly sexual mode of transmission (A50-A64),A63
C0036916,A50-A64,Infections with a predominantly sexual mode of transmission (A50-A64),A64
C0178244,A65-A69,Other spirochetal diseases (A65-A69),A65
C0178244,A65-A69,Other spirochetal diseases (A65-A69),A66
C0178244,A65-A69,Other spirochetal diseases (A65-A69),A67
C0178244,A65-A69,Other spirochetal diseases (A65-A69),A68
C0178244,A65-A69,Other spirochetal diseases (A65-A69),A69
C0348161,A70-A74,Other diseases caused by chlamydiae (A70-A74),A70
C0348161,A70-A74,Other diseases caused by chlamydiae (A70-A74),A71
C0348161,A70-A74,Other diseases caused by chlamydiae (A70-A74),A72
C0348161,A70-A74,Other diseases caused by chlamydiae (A70-A74),A73
C0348161,A70-A74,Other diseases caused by chlamydiae (A70-A74),A74
C0035585,A75-A79,Rickettsioses (A75-A79),A75
C0035585,A75-A79,Rickettsioses (A75-A79),A76
C0035585,A75-A79,Rickettsioses (A75-A79),A77
C0035585,A75-A79,Rickettsioses (A75-A79),A78
C0035585,A75-A79,Rickettsioses (A75-A79),A79
C2900446,A80-A89,Viral and prion infections of the central nervous system (A80-A89),A80
C2900446,A80-A89,Viral and prion infections of the central nervous system (A80-A89),A81
C2900446,A80-A89,Viral and prion infections of the central nervous system (A80-A89),A82
C2900446,A80-A89,Viral and prion infections of the central nervous system (A80-A89),A83
C2900446,A80-A89,Viral and prion infections of the central nervous system (A80-A89),A84
C2900446,A80-A89,Viral and prion infections of the central nervous system (A80-A89),A85
C2900446,A80-A89,Viral and prion infections of the central nervous system (A80-A89),A86
C2900446,A80-A89,Viral and prion infections of the central nervous system (A80-A89),A87
C2900446,A80-A89,Viral and prion infections of the central nervous system (A80-A89),A88
C2900446,A80-A89,Viral and prion infections of the central nervous system (A80-A89),A89
C0348175,A90-A99,Arthropod-borne viral fevers and viral hemorrhagic fevers (A90-A99),A90
C0348175,A90-A99,Arthropod-borne viral fevers and viral hemorrhagic fevers (A90-A99),A91
C0348175,A90-A99,Arthropod-borne viral fevers and viral hemorrhagic fevers (A90-A99),A92
C0348175,A90-A99,Arthropod-borne viral fevers and viral hemorrhagic fevers (A90-A99),A93
C0348175,A90-A99,Arthropod-borne viral fevers and viral hemorrhagic fevers (A90-A99),A94
C0348175,A90-A99,Arthropod-borne viral fevers and viral hemorrhagic fevers (A90-A99),A95
C0348175,A90-A99,Arthropod-borne viral fevers and viral hemorrhagic fevers (A90-A99),A96
C0348175,A90-A99,Arthropod-borne viral fevers and viral hemorrhagic fevers (A90-A99),A97
C0348175,A90-A99,Arthropod-borne viral fevers and viral hemorrhagic fevers (A90-A99),A98
C0348175,A90-A99,Arthropod-borne viral fevers and viral hemorrhagic fevers (A90-A99),A99
C0348184,B00-B09,Viral infections characterized by skin and mucous membrane lesions (B00-B09),B00
C0348184,B00-B09,Viral infections characterized by skin and mucous membrane lesions (B00-B09),B01
C0348184,B00-B09,Viral infections characterized by skin and mucous membrane lesions (B00-B09),B02
C0348184,B00-B09,Viral infections characterized by skin and mucous membrane lesions (B00-B09),B03
C0348184,B00-B09,Viral infections characterized by skin and mucous membrane lesions (B00-B09),B04
C0348184,B00-B09,Viral infections characterized by skin and mucous membrane lesions (B00-B09),B05
C0348184,B00-B09,Viral infections characterized by skin and mucous membrane lesions (B00-B09),B06
C0348184,B00-B09,Viral infections characterized by skin and mucous membrane lesions (B00-B09),B07
C0348184,B00-B09,Viral infections characterized by skin and mucous membrane lesions (B00-B09),B08
C0348184,B00-B09,Viral infections characterized by skin and mucous membrane lesions (B00-B09),B09
C1955628,B10-B10,Other human herpesviruses (B10),B10
C0042721,B15-B19,Viral hepatitis (B15-B19),B15
C0042721,B15-B19,Viral hepatitis (B15-B19),B16
C0042721,B15-B19,Viral hepatitis (B15-B19),B17
C0042721,B15-B19,Viral hepatitis (B15-B19),B18
C0042721,B15-B19,Viral hepatitis (B15-B19),B19
C0019693,B20-B20,Human immunodeficiency virus [HIV] disease (B20),B20
C0348217,B25-B34,Other viral diseases (B25-B34),B25
C0348217,B25-B34,Other viral diseases (B25-B34),B26
C0348217,B25-B34,Other viral diseases (B25-B34),B27
C0348217,B25-B34,Other viral diseases (B25-B34),B28
C0348217,B25-B34,Other viral diseases (B25-B34),B29
C0348217,B25-B34,Other viral diseases (B25-B34),B30
C0348217,B25-B34,Other viral diseases (B25-B34),B31
C0348217,B25-B34,Other viral diseases (B25-B34),B32
C0348217,B25-B34,Other viral diseases (B25-B34),B33
C0348217,B25-B34,Other viral diseases (B25-B34),B34
C0026946,B35-B49,Mycoses (B35-B49),B35
C0026946,B35-B49,Mycoses (B35-B49),B36
C0026946,B35-B49,Mycoses (B35-B49),B37
C0026946,B35-B49,Mycoses (B35-B49),B38
C0026946,B35-B49,Mycoses (B35-B49),B39
C0026946,B35-B49,Mycoses (B35-B49),B40
C0026946,B35-B49,Mycoses (B35-B49),B41
C0026946,B35-B49,Mycoses (B35-B49),B42
C0026946,B35-B49,Mycoses (B35-B49),B43
C0026946,B35-B49,Mycoses (B35-B49),B44
C0026946,B35-B49,Mycoses (B35-B49),B45
C0026946,B35-B49,Mycoses (B35-B49),B46
C0026946,B35-B49,Mycoses (B35-B49),B47
C0026946,B35-B49,Mycoses (B35-B49),B48
C0026946,B35-B49,Mycoses (B35-B49),B49
C0033740,B50-B64,Protozoal diseases (B50-B64),B50
C0033740,B50-B64,Protozoal diseases (B50-B64),B51
C0033740,B50-B64,Protozoal diseases (B50-B64),B52
C0033740,B50-B64,Protozoal diseases (B50-B64),B53
C0033740,B50-B64,Protozoal diseases (B50-B64),B54
C0033740,B50-B64,Protozoal diseases (B50-B64),B55
C0033740,B50-B64,Protozoal diseases (B50-B64),B56
C0033740,B50-B64,Protozoal diseases (B50-B64),B57
C0033740,B50-B64,Protozoal diseases (B50-B64),B58
C0033740,B50-B64,Protozoal diseases (B50-B64),B59
C0033740,B50-B64,Protozoal diseases (B50-B64),B60
C0033740,B50-B64,Protozoal diseases (B50-B64),B61
C0033740,B50-B64,Protozoal diseases (B50-B64),B62
C0033740,B50-B64,Protozoal diseases (B50-B64),B63
C0033740,B50-B64,Protozoal diseases (B50-B64),B64
C0018889,B65-B83,Helminthiases (B65-B83),B65
C0018889,B65-B83,Helminthiases (B65-B83),B66
C0018889,B65-B83,Helminthiases (B65-B83),B67
C0018889,B65-B83,Helminthiases (B65-B83),B68
C0018889,B65-B83,Helminthiases (B65-B83),B69
C0018889,B65-B83,Helminthiases (B65-B83),B70
C0018889,B65-B83,Helminthiases (B65-B83),B71
C0018889,B65-B83,Helminthiases (B65-B83),B72
C0018889,B65-B83,Helminthiases (B65-B83),B73
C0018889,B65-B83,Helminthiases (B65-B83),B74
C0018889,B65-B83,Helminthiases (B65-B83),B75
C0018889,B65-B83,Helminthiases (B65-B83),B76
C0018889,B65-B83,Helminthiases (B65-B83),B77
C0018889,B65-B83,Helminthiases (B65-B83),B78
C0018889,B65-B83,Helminthiases (B65-B83),B79
C0018889,B65-B83,Helminthiases (B65-B83),B80
C0018889,B65-B83,Helminthiases (B65-B83),B81
C0018889,B65-B83,Helminthiases (B65-B83),B82
C0018889,B65-B83,Helminthiases (B65-B83),B83
C0348290,B85-B89,"Pediculosis, acariasis and other infestations (B85-B89)",B85
C0348290,B85-B89,"Pediculosis, acariasis and other infestations (B85-B89)",B86
C0348290,B85-B89,"Pediculosis, acariasis and other infestations (B85-B89)",B87
C0348290,B85-B89,"Pediculosis, acariasis and other infestations (B85-B89)",B88
C0348290,B85-B89,"Pediculosis, acariasis and other infestations (B85-B89)",B89
C0348296,B90-B94,Sequelae of infectious and parasitic diseases (B90-B94),B90
C0348296,B90-B94,Sequelae of infectious and parasitic diseases (B90-B94),B91
C0348296,B90-B94,Sequelae of infectious and parasitic diseases (B90-B94),B92
C0348296,B90-B94,Sequelae of infectious and parasitic diseases (B90-B94),B93
C0348296,B90-B94,Sequelae of infectious and parasitic diseases (B90-B94),B94
C2833793,B95-B97,Bacterial and viral infectious agents (B95-B97),B95
C2833793,B95-B97,Bacterial and viral infectious agents (B95-B97),B96
C2833793,B95-B97,Bacterial and viral infectious agents (B95-B97),B97
C0497442,B99-B99,Other infectious diseases (B99),B99
C0178247,C00-C14,"Malignant neoplasms of lip, oral cavity and pharynx (C00-C14)",C00
C0178247,C00-C14,"Malignant neoplasms of lip, oral cavity and pharynx (C00-C14)",C01
C0178247,C00-C14,"Malignant neoplasms of lip, oral cavity and pharynx (C00-C14)",C02
C0178247,C00-C14,"Malignant neoplasms of lip, oral cavity and pharynx (C00-C14)",C03
C0178247,C00-C14,"Malignant neoplasms of lip, oral cavity and pharynx (C00-C14)",C04
C0178247,C00-C14,"Malignant neoplasms of lip, oral cavity and pharynx (C00-C14)",C05
C0178247,C00-C14,"Malignant neoplasms of lip, oral cavity and pharynx (C00-C14)",C06
C0178247,C00-C14,"Malignant neoplasms of lip, oral cavity and pharynx (C00-C14)",C07
C0178247,C00-C14,"Malignant neoplasms of lip, oral cavity and pharynx (C00-C14)",C08
C0178247,C00-C14,"Malignant neoplasms of lip, oral cavity and pharynx (C00-C14)",C09
C0178247,C00-C14,"Malignant neoplasms of lip, oral cavity and pharynx (C00-C14)",C10
C0178247,C00-C14,"Malignant neoplasms of lip, oral cavity and pharynx (C00-C14)",C11
C0178247,C00-C14,"Malignant neoplasms of lip, oral cavity and pharynx (C00-C14)",C12
C0178247,C00-C14,"Malignant neoplasms of lip, oral cavity and pharynx (C00-C14)",C13
C0178247,C00-C14,"Malignant neoplasms of lip, oral cavity and pharynx (C00-C14)",C14
C4267833,C00-C75,"Malignant neoplasms, stated or presumed to be primary (of specified sites), and certain specified histologies, except neuroendocrine, and of lymphoid, hematopoietic and related tissue (C00-C75)",C00
C4267833,C00-C75,"Malignant neoplasms, stated or presumed to be primary (of specified sites), and certain specified histologies, except neuroendocrine, and of lymphoid, hematopoietic and related tissue (C00-C75)",C01
C4267833,C00-C75,"Malignant neoplasms, stated or presumed to be primary (of specified sites), and certain specified histologies, except neuroendocrine, and of lymphoid, hematopoietic and related tissue (C00-C75)",C02
C4267833,C00-C75,"Malignant neoplasms, stated or presumed to be primary (of specified sites), and certain specified histologies, except neuroendocrine, and of lymphoid, hematopoietic and related tissue (C00-C75)",C03
C4267833,C00-C75,"Malignant neoplasms, stated or presumed to be primary (of specified sites), and certain specified histologies, except neuroendocrine, and of lymphoid, hematopoietic and related tissue (C00-C75)",C04
C4267833,C00-C75,"Malignant neoplasms, stated or presumed to be primary (of specified sites), and certain specified histologies, except neuroendocrine, and of lymphoid, hematopoietic and related tissue (C00-C75)",C05
C4267833,C00-C75,"Malignant neoplasms, stated or presumed to be primary (of specified sites), and certain specified histologies, except neuroendocrine, and of lymphoid, hematopoietic and related tissue (C00-C75)",C06
C4267833,C00-C75,"Malignant neoplasms, stated or presumed to be primary (of specified sites), and certain specified histologies, except neuroendocrine, and of lymphoid, hematopoietic and related tissue (C00-C75)",C07
C4267833,C00-C75,"Malignant neoplasms, stated or presumed to be primary (of specified sites), and certain specified histologies, except neuroendocrine, and of lymphoid, hematopoietic and related tissue (C00-C75)",C08
C4267833,C00-C75,"Malignant neoplasms, stated or presumed to be primary (of specified sites), and certain specified histologies, except neuroendocrine, and of lymphoid, hematopoietic and related tissue (C00-C75)",C09
C4267833,C00-C75,"Malignant neoplasms, stated or presumed to be primary (of specified sites), and certain specified histologies, except neuroendocrine, and of lymphoid, hematopoietic and related tissue (C00-C75)",C10
C4267833,C00-C75,"Malignant neoplasms, stated or presumed to be primary (of specified sites), and certain specified histologies, except neuroendocrine, and of lymphoid, hematopoietic and related tissue (C00-C75)",C11
C4267833,C00-C75,"Malignant neoplasms, stated or presumed to be primary (of specified sites), and certain specified histologies, except neuroendocrine, and of lymphoid, hematopoietic and related tissue (C00-C75)",C12
C4267833,C00-C75,"Malignant neoplasms, stated or presumed to be primary (of specified sites), and certain specified histologies, except neuroendocrine, and of lymphoid, hematopoietic and related tissue (C00-C75)",C13
C4267833,C00-C75,"Malignant neoplasms, stated or presumed to be primary (of specified sites), and certain specified histologies, except neuroendocrine, and of lymphoid, hematopoietic and related tissue (C00-C75)",C14
C4267833,C00-C75,"Malignant neoplasms, stated or presumed to be primary (of specified sites), and certain specified histologies, except neuroendocrine, and of lymphoid, hematopoietic and related tissue (C00-C75)",C15
C4267833,C00-C75,"Malignant neoplasms, stated or presumed to be primary (of specified sites), and certain specified histologies, except neuroendocrine, and of lymphoid, hematopoietic and related tissue (C00-C75)",C16
C4267833,C00-C75,"Malignant neoplasms, stated or presumed to be primary (of specified sites), and certain specified histologies, except neuroendocrine, and of lymphoid, hematopoietic and related tissue (C00-C75)",C17
C4267833,C00-C75,"Malignant neoplasms, stated or presumed to be primary (of specified sites), and certain specified histologies, except neuroendocrine, and of lymphoid, hematopoietic and related tissue (C00-C75)",C18
C4267833,C00-C75,"Malignant neoplasms, stated or presumed to be primary (of specified sites), and certain specified histologies, except neuroendocrine, and of lymphoid, hematopoietic and related tissue (C00-C75)",C19
C4267833,C00-C75,"Malignant neoplasms, stated or presumed to be primary (of specified sites), and certain specified histologies, except neuroendocrine, and of lymphoid, hematopoietic and related tissue (C00-C75)",C20
C4267833,C00-C75,"Malignant neoplasms, stated or presumed to be primary (of specified sites), and certain specified histologies, except neuroendocrine, and of lymphoid, hematopoietic and related tissue (C00-C75)",C21
C4267833,C00-C75,"Malignant neoplasms, stated or presumed to be primary (of specified sites), and certain specified histologies, except neuroendocrine, and of lymphoid, hematopoietic and related tissue (C00-C75)",C22
C4267833,C00-C75,"Malignant neoplasms, stated or presumed to be primary (of specified sites), and certain specified histologies, except neuroendocrine, and of lymphoid, hematopoietic and related tissue (C00-C75)",C23
C4267833,C00-C75,"Malignant neoplasms, stated or presumed to be primary (of specified sites), and certain specified histologies, except neuroendocrine, and of lymphoid, hematopoietic and related tissue (C00-C75)",C24
C4267833,C00-C75,"Malignant neoplasms, stated or presumed to be primary (of specified sites), and certain specified histologies, except neuroendocrine, and of lymphoid, hematopoietic and related tissue (C00-C75)",C25
C4267833,C00-C75,"Malignant neoplasms, stated or presumed to be primary (of specified sites), and certain specified histologies, except neuroendocrine, and of lymphoid, hematopoietic and related tissue (C00-C75)",C26
C4267833,C00-C75,"Malignant neoplasms, stated or presumed to be primary (of specified sites), and certain specified histologies, except neuroendocrine, and of lymphoid, hematopoietic and related tissue (C00-C75)",C27
C4267833,C00-C75,"Malignant neoplasms, stated or presumed to be primary (of specified sites), and certain specified histologies, except neuroendocrine, and of lymphoid, hematopoietic and related tissue (C00-C75)",C28
C4267833,C00-C75,"Malignant neoplasms, stated or presumed to be primary (of specified sites), and certain specified histologies, except neuroendocrine, and of lymphoid, hematopoietic and related tissue (C00-C75)",C29
C4267833,C00-C75,"Malignant neoplasms, stated or presumed to be primary (of specified sites), and certain specified histologies, except neuroendocrine, and of lymphoid, hematopoietic and related tissue (C00-C75)",C30
C4267833,C00-C75,"Malignant neoplasms, stated or presumed to be primary (of specified sites), and certain specified histologies, except neuroendocrine, and of lymphoid, hematopoietic and related tissue (C00-C75)",C31
C4267833,C00-C75,"Malignant neoplasms, stated or presumed to be primary (of specified sites), and certain specified histologies, except neuroendocrine, and of lymphoid, hematopoietic and related tissue (C00-C75)",C32
C4267833,C00-C75,"Malignant neoplasms, stated or presumed to be primary (of specified sites), and certain specified histologies, except neuroendocrine, and of lymphoid, hematopoietic and related tissue (C00-C75)",C33
C4267833,C00-C75,"Malignant neoplasms, stated or presumed to be primary (of specified sites), and certain specified histologies, except neuroendocrine, and of lymphoid, hematopoietic and related tissue (C00-C75)",C34
C4267833,C00-C75,"Malignant neoplasms, stated or presumed to be primary (of specified sites), and certain specified histologies, except neuroendocrine, and of lymphoid, hematopoietic and related tissue (C00-C75)",C35
C4267833,C00-C75,"Malignant neoplasms, stated or presumed to be primary (of specified sites), and certain specified histologies, except neuroendocrine, and of lymphoid, hematopoietic and related tissue (C00-C75)",C36
C4267833,C00-C75,"Malignant neoplasms, stated or presumed to be primary (of specified sites), and certain specified histologies, except neuroendocrine, and of lymphoid, hematopoietic and related tissue (C00-C75)",C37
C4267833,C00-C75,"Malignant neoplasms, stated or presumed to be primary (of specified sites), and certain specified histologies, except neuroendocrine, and of lymphoid, hematopoietic and related tissue (C00-C75)",C38
C4267833,C00-C75,"Malignant neoplasms, stated or presumed to be primary (of specified sites), and certain specified histologies, except neuroendocrine, and of lymphoid, hematopoietic and related tissue (C00-C75)",C39
C4267833,C00-C75,"Malignant neoplasms, stated or presumed to be primary (of specified sites), and certain specified histologies, except neuroendocrine, and of lymphoid, hematopoietic and related tissue (C00-C75)",C40
C4267833,C00-C75,"Malignant neoplasms, stated or presumed to be primary (of specified sites), and certain specified histologies, except neuroendocrine, and of lymphoid, hematopoietic and related tissue (C00-C75)",C41
C4267833,C00-C75,"Malignant neoplasms, stated or presumed to be primary (of specified sites), and certain specified histologies, except neuroendocrine, and of lymphoid, hematopoietic and related tissue (C00-C75)",C42
C4267833,C00-C75,"Malignant neoplasms, stated or presumed to be primary (of specified sites), and certain specified histologies, except neuroendocrine, and of lymphoid, hematopoietic and related tissue (C00-C75)",C43
C4267833,C00-C75,"Malignant neoplasms, stated or presumed to be primary (of specified sites), and certain specified histologies, except neuroendocrine, and of lymphoid, hematopoietic and related tissue (C00-C75)",C44
C4267833,C00-C75,"Malignant neoplasms, stated or presumed to be primary (of specified sites), and certain specified histologies, except neuroendocrine, and of lymphoid, hematopoietic and related tissue (C00-C75)",C45
C4267833,C00-C75,"Malignant neoplasms, stated or presumed to be primary (of specified sites), and certain specified histologies, except neuroendocrine, and of lymphoid, hematopoietic and related tissue (C00-C75)",C46
C4267833,C00-C75,"Malignant neoplasms, stated or presumed to be primary (of specified sites), and certain specified histologies, except neuroendocrine, and of lymphoid, hematopoietic and related tissue (C00-C75)",C47
C4267833,C00-C75,"Malignant neoplasms, stated or presumed to be primary (of specified sites), and certain specified histologies, except neuroendocrine, and of lymphoid, hematopoietic and related tissue (C00-C75)",C48
C4267833,C00-C75,"Malignant neoplasms, stated or presumed to be primary (of specified sites), and certain specified histologies, except neuroendocrine, and of lymphoid, hematopoietic and related tissue (C00-C75)",C49
C4267833,C00-C75,"Malignant neoplasms, stated or presumed to be primary (of specified sites), and certain specified histologies, except neuroendocrine, and of lymphoid, hematopoietic and related tissue (C00-C75)",C50
C4267833,C00-C75,"Malignant neoplasms, stated or presumed to be primary (of specified sites), and certain specified histologies, except neuroendocrine, and of lymphoid, hematopoietic and related tissue (C00-C75)",C51
C4267833,C00-C75,"Malignant neoplasms, stated or presumed to be primary (of specified sites), and certain specified histologies, except neuroendocrine, and of lymphoid, hematopoietic and related tissue (C00-C75)",C52
C4267833,C00-C75,"Malignant neoplasms, stated or presumed to be primary (of specified sites), and certain specified histologies, except neuroendocrine, and of lymphoid, hematopoietic and related tissue (C00-C75)",C53
C4267833,C00-C75,"Malignant neoplasms, stated or presumed to be primary (of specified sites), and certain specified histologies, except neuroendocrine, and of lymphoid, hematopoietic and related tissue (C00-C75)",C54
C4267833,C00-C75,"Malignant neoplasms, stated or presumed to be primary (of specified sites), and certain specified histologies, except neuroendocrine, and of lymphoid, hematopoietic and related tissue (C00-C75)",C55
C4267833,C00-C75,"Malignant neoplasms, stated or presumed to be primary (of specified sites), and certain specified histologies, except neuroendocrine, and of lymphoid, hematopoietic and related tissue (C00-C75)",C56
C4267833,C00-C75,"Malignant neoplasms, stated or presumed to be primary (of specified sites), and certain specified histologies, except neuroendocrine, and of lymphoid, hematopoietic and related tissue (C00-C75)",C57
C4267833,C00-C75,"Malignant neoplasms, stated or presumed to be primary (of specified sites), and certain specified histologies, except neuroendocrine, and of lymphoid, hematopoietic and related tissue (C00-C75)",C58
C4267833,C00-C75,"Malignant neoplasms, stated or presumed to be primary (of specified sites), and certain specified histologies, except neuroendocrine, and of lymphoid, hematopoietic and related tissue (C00-C75)",C59
C4267833,C00-C75,"Malignant neoplasms, stated or presumed to be primary (of specified sites), and certain specified histologies, except neuroendocrine, and of lymphoid, hematopoietic and related tissue (C00-C75)",C60
C4267833,C00-C75,"Malignant neoplasms, stated or presumed to be primary (of specified sites), and certain specified histologies, except neuroendocrine, and of lymphoid, hematopoietic and related tissue (C00-C75)",C61
C4267833,C00-C75,"Malignant neoplasms, stated or presumed to be primary (of specified sites), and certain specified histologies, except neuroendocrine, and of lymphoid, hematopoietic and related tissue (C00-C75)",C62
C4267833,C00-C75,"Malignant neoplasms, stated or presumed to be primary (of specified sites), and certain specified histologies, except neuroendocrine, and of lymphoid, hematopoietic and related tissue (C00-C75)",C63
C4267833,C00-C75,"Malignant neoplasms, stated or presumed to be primary (of specified sites), and certain specified histologies, except neuroendocrine, and of lymphoid, hematopoietic and related tissue (C00-C75)",C64
C4267833,C00-C75,"Malignant neoplasms, stated or presumed to be primary (of specified sites), and certain specified histologies, except neuroendocrine, and of lymphoid, hematopoietic and related tissue (C00-C75)",C65
C4267833,C00-C75,"Malignant neoplasms, stated or presumed to be primary (of specified sites), and certain specified histologies, except neuroendocrine, and of lymphoid, hematopoietic and related tissue (C00-C75)",C66
C4267833,C00-C75,"Malignant neoplasms, stated or presumed to be primary (of specified sites), and certain specified histologies, except neuroendocrine, and of lymphoid, hematopoietic and related tissue (C00-C75)",C67
C4267833,C00-C75,"Malignant neoplasms, stated or presumed to be primary (of specified sites), and certain specified histologies, except neuroendocrine, and of lymphoid, hematopoietic and related tissue (C00-C75)",C68
C4267833,C00-C75,"Malignant neoplasms, stated or presumed to be primary (of specified sites), and certain specified histologies, except neuroendocrine, and of lymphoid, hematopoietic and related tissue (C00-C75)",C69
C4267833,C00-C75,"Malignant neoplasms, stated or presumed to be primary (of specified sites), and certain specified histologies, except neuroendocrine, and of lymphoid, hematopoietic and related tissue (C00-C75)",C70
C4267833,C00-C75,"Malignant neoplasms, stated or presumed to be primary (of specified sites), and certain specified histologies, except neuroendocrine, and of lymphoid, hematopoietic and related tissue (C00-C75)",C71
C4267833,C00-C75,"Malignant neoplasms, stated or presumed to be primary (of specified sites), and certain specified histologies, except neuroendocrine, and of lymphoid, hematopoietic and related tissue (C00-C75)",C72
C4267833,C00-C75,"Malignant neoplasms, stated or presumed to be primary (of specified sites), and certain specified histologies, except neuroendocrine, and of lymphoid, hematopoietic and related tissue (C00-C75)",C73
C4267833,C00-C75,"Malignant neoplasms, stated or presumed to be primary (of specified sites), and certain specified histologies, except neuroendocrine, and of lymphoid, hematopoietic and related tissue (C00-C75)",C74
C4267833,C00-C75,"Malignant neoplasms, stated or presumed to be primary (of specified sites), and certain specified histologies, except neuroendocrine, and of lymphoid, hematopoietic and related tissue (C00-C75)",C75
C4267832,C00-C96,Malignant neoplasms (C00-C96),C00
C4267832,C00-C96,Malignant neoplasms (C00-C96),C01
C4267832,C00-C96,Malignant neoplasms (C00-C96),C02
C4267832,C00-C96,Malignant neoplasms (C00-C96),C03
C4267832,C00-C96,Malignant neoplasms (C00-C96),C04
C4267832,C00-C96,Malignant neoplasms (C00-C96),C05
C4267832,C00-C96,Malignant neoplasms (C00-C96),C06
C4267832,C00-C96,Malignant neoplasms (C00-C96),C07
C4267832,C00-C96,Malignant neoplasms (C00-C96),C08
C4267832,C00-C96,Malignant neoplasms (C00-C96),C09
C4267832,C00-C96,Malignant neoplasms (C00-C96),C10
C4267832,C00-C96,Malignant neoplasms (C00-C96),C11
C4267832,C00-C96,Malignant neoplasms (C00-C96),C12
C4267832,C00-C96,Malignant neoplasms (C00-C96),C13
C4267832,C00-C96,Malignant neoplasms (C00-C96),C14
C4267832,C00-C96,Malignant neoplasms (C00-C96),C15
C4267832,C00-C96,Malignant neoplasms (C00-C96),C16
C4267832,C00-C96,Malignant neoplasms (C00-C96),C17
C4267832,C00-C96,Malignant neoplasms (C00-C96),C18
C4267832,C00-C96,Malignant neoplasms (C00-C96),C19
C4267832,C00-C96,Malignant neoplasms (C00-C96),C20
C4267832,C00-C96,Malignant neoplasms (C00-C96),C21
C4267832,C00-C96,Malignant neoplasms (C00-C96),C22
C4267832,C00-C96,Malignant neoplasms (C00-C96),C23
C4267832,C00-C96,Malignant neoplasms (C00-C96),C24
C4267832,C00-C96,Malignant neoplasms (C00-C96),C25
C4267832,C00-C96,Malignant neoplasms (C00-C96),C26
C4267832,C00-C96,Malignant neoplasms (C00-C96),C27
C4267832,C00-C96,Malignant neoplasms (C00-C96),C28
C4267832,C00-C96,Malignant neoplasms (C00-C96),C29
C4267832,C00-C96,Malignant neoplasms (C00-C96),C30
C4267832,C00-C96,Malignant neoplasms (C00-C96),C31
C4267832,C00-C96,Malignant neoplasms (C00-C96),C32
C4267832,C00-C96,Malignant neoplasms (C00-C96),C33
C4267832,C00-C96,Malignant neoplasms (C00-C96),C34
C4267832,C00-C96,Malignant neoplasms (C00-C96),C35
C4267832,C00-C96,Malignant neoplasms (C00-C96),C36
C4267832,C00-C96,Malignant neoplasms (C00-C96),C37
C4267832,C00-C96,Malignant neoplasms (C00-C96),C38
C4267832,C00-C96,Malignant neoplasms (C00-C96),C39
C4267832,C00-C96,Malignant neoplasms (C00-C96),C40
C4267832,C00-C96,Malignant neoplasms (C00-C96),C41
C4267832,C00-C96,Malignant neoplasms (C00-C96),C42
C4267832,C00-C96,Malignant neoplasms (C00-C96),C43
C4267832,C00-C96,Malignant neoplasms (C00-C96),C44
C4267832,C00-C96,Malignant neoplasms (C00-C96),C45
C4267832,C00-C96,Malignant neoplasms (C00-C96),C46
C4267832,C00-C96,Malignant neoplasms (C00-C96),C47
C4267832,C00-C96,Malignant neoplasms (C00-C96),C48
C4267832,C00-C96,Malignant neoplasms (C00-C96),C49
C4267832,C00-C96,Malignant neoplasms (C00-C96),C50
C4267832,C00-C96,Malignant neoplasms (C00-C96),C51
C4267832,C00-C96,Malignant neoplasms (C00-C96),C52
C4267832,C00-C96,Malignant neoplasms (C00-C96),C53
C4267832,C00-C96,Malignant neoplasms (C00-C96),C54
C4267832,C00-C96,Malignant neoplasms (C00-C96),C55
C4267832,C00-C96,Malignant neoplasms (C00-C96),C56
C4267832,C00-C96,Malignant neoplasms (C00-C96),C57
C4267832,C00-C96,Malignant neoplasms (C00-C96),C58
C4267832,C00-C96,Malignant neoplasms (C00-C96),C59
C4267832,C00-C96,Malignant neoplasms (C00-C96),C60
C4267832,C00-C96,Malignant neoplasms (C00-C96),C61
C4267832,C00-C96,Malignant neoplasms (C00-C96),C62
C4267832,C00-C96,Malignant neoplasms (C00-C96),C63
C4267832,C00-C96,Malignant neoplasms (C00-C96),C64
C4267832,C00-C96,Malignant neoplasms (C00-C96),C65
C4267832,C00-C96,Malignant neoplasms (C00-C96),C66
C4267832,C00-C96,Malignant neoplasms (C00-C96),C67
C4267832,C00-C96,Malignant neoplasms (C00-C96),C68
C4267832,C00-C96,Malignant neoplasms (C00-C96),C69
C4267832,C00-C96,Malignant neoplasms (C00-C96),C70
C4267832,C00-C96,Malignant neoplasms (C00-C96),C71
C4267832,C00-C96,Malignant neoplasms (C00-C96),C72
C4267832,C00-C96,Malignant neoplasms (C00-C96),C73
C4267832,C00-C96,Malignant neoplasms (C00-C96),C74
C4267832,C00-C96,Malignant neoplasms (C00-C96),C75
C4267832,C00-C96,Malignant neoplasms (C00-C96),C76
C4267832,C00-C96,Malignant neoplasms (C00-C96),C77
C4267832,C00-C96,Malignant neoplasms (C00-C96),C78
C4267832,C00-C96,Malignant neoplasms (C00-C96),C79
C4267832,C00-C96,Malignant neoplasms (C00-C96),C80
C4267832,C00-C96,Malignant neoplasms (C00-C96),C81
C4267832,C00-C96,Malignant neoplasms (C00-C96),C82
C4267832,C00-C96,Malignant neoplasms (C00-C96),C83
C4267832,C00-C96,Malignant neoplasms (C00-C96),C84
C4267832,C00-C96,Malignant neoplasms (C00-C96),C85
C4267832,C00-C96,Malignant neoplasms (C00-C96),C86
C4267832,C00-C96,Malignant neoplasms (C00-C96),C87
C4267832,C00-C96,Malignant neoplasms (C00-C96),C88
C4267832,C00-C96,Malignant neoplasms (C00-C96),C89
C4267832,C00-C96,Malignant neoplasms (C00-C96),C90
C4267832,C00-C96,Malignant neoplasms (C00-C96),C91
C4267832,C00-C96,Malignant neoplasms (C00-C96),C92
C4267832,C00-C96,Malignant neoplasms (C00-C96),C93
C4267832,C00-C96,Malignant neoplasms (C00-C96),C94
C4267832,C00-C96,Malignant neoplasms (C00-C96),C95
C4267832,C00-C96,Malignant neoplasms (C00-C96),C96
C2977837,C00-D49,Neoplasms (C00-D49),C00
C2977837,C00-D49,Neoplasms (C00-D49),C01
C2977837,C00-D49,Neoplasms (C00-D49),C02
C2977837,C00-D49,Neoplasms (C00-D49),C03
C2977837,C00-D49,Neoplasms (C00-D49),C04
C2977837,C00-D49,Neoplasms (C00-D49),C05
C2977837,C00-D49,Neoplasms (C00-D49),C06
C2977837,C00-D49,Neoplasms (C00-D49),C07
C2977837,C00-D49,Neoplasms (C00-D49),C08
C2977837,C00-D49,Neoplasms (C00-D49),C09
C2977837,C00-D49,Neoplasms (C00-D49),C10
C2977837,C00-D49,Neoplasms (C00-D49),C11
C2977837,C00-D49,Neoplasms (C00-D49),C12
C2977837,C00-D49,Neoplasms (C00-D49),C13
C2977837,C00-D49,Neoplasms (C00-D49),C14
C2977837,C00-D49,Neoplasms (C00-D49),C15
C2977837,C00-D49,Neoplasms (C00-D49),C16
C2977837,C00-D49,Neoplasms (C00-D49),C17
C2977837,C00-D49,Neoplasms (C00-D49),C18
C2977837,C00-D49,Neoplasms (C00-D49),C19
C2977837,C00-D49,Neoplasms (C00-D49),C20
C2977837,C00-D49,Neoplasms (C00-D49),C21
C2977837,C00-D49,Neoplasms (C00-D49),C22
C2977837,C00-D49,Neoplasms (C00-D49),C23
C2977837,C00-D49,Neoplasms (C00-D49),C24
C2977837,C00-D49,Neoplasms (C00-D49),C25
C2977837,C00-D49,Neoplasms (C00-D49),C26
C2977837,C00-D49,Neoplasms (C00-D49),C27
C2977837,C00-D49,Neoplasms (C00-D49),C28
C2977837,C00-D49,Neoplasms (C00-D49),C29
C2977837,C00-D49,Neoplasms (C00-D49),C30
C2977837,C00-D49,Neoplasms (C00-D49),C31
C2977837,C00-D49,Neoplasms (C00-D49),C32
C2977837,C00-D49,Neoplasms (C00-D49),C33
C2977837,C00-D49,Neoplasms (C00-D49),C34
C2977837,C00-D49,Neoplasms (C00-D49),C35
C2977837,C00-D49,Neoplasms (C00-D49),C36
C2977837,C00-D49,Neoplasms (C00-D49),C37
C2977837,C00-D49,Neoplasms (C00-D49),C38
C2977837,C00-D49,Neoplasms (C00-D49),C39
C2977837,C00-D49,Neoplasms (C00-D49),C40
C2977837,C00-D49,Neoplasms (C00-D49),C41
C2977837,C00-D49,Neoplasms (C00-D49),C42
C2977837,C00-D49,Neoplasms (C00-D49),C43
C2977837,C00-D49,Neoplasms (C00-D49),C44
C2977837,C00-D49,Neoplasms (C00-D49),C45
C2977837,C00-D49,Neoplasms (C00-D49),C46
C2977837,C00-D49,Neoplasms (C00-D49),C47
C2977837,C00-D49,Neoplasms (C00-D49),C48
C2977837,C00-D49,Neoplasms (C00-D49),C49
C2977837,C00-D49,Neoplasms (C00-D49),C50
C2977837,C00-D49,Neoplasms (C00-D49),C51
C2977837,C00-D49,Neoplasms (C00-D49),C52
C2977837,C00-D49,Neoplasms (C00-D49),C53
C2977837,C00-D49,Neoplasms (C00-D49),C54
C2977837,C00-D49,Neoplasms (C00-D49),C55
C2977837,C00-D49,Neoplasms (C00-D49),C56
C2977837,C00-D49,Neoplasms (C00-D49),C57
C2977837,C00-D49,Neoplasms (C00-D49),C58
C2977837,C00-D49,Neoplasms (C00-D49),C59
C2977837,C00-D49,Neoplasms (C00-D49),C60
C2977837,C00-D49,Neoplasms (C00-D49),C61
C2977837,C00-D49,Neoplasms (C00-D49),C62
C2977837,C00-D49,Neoplasms (C00-D49),C63
C2977837,C00-D49,Neoplasms (C00-D49),C64
C2977837,C00-D49,Neoplasms (C00-D49),C65
C2977837,C00-D49,Neoplasms (C00-D49),C66
C2977837,C00-D49,Neoplasms (C00-D49),C67
C2977837,C00-D49,Neoplasms (C00-D49),C68
C2977837,C00-D49,Neoplasms (C00-D49),C69
C2977837,C00-D49,Neoplasms (C00-D49),C70
C2977837,C00-D49,Neoplasms (C00-D49),C71
C2977837,C00-D49,Neoplasms (C00-D49),C72
C2977837,C00-D49,Neoplasms (C00-D49),C73
C2977837,C00-D49,Neoplasms (C00-D49),C74
C2977837,C00-D49,Neoplasms (C00-D49),C75
C2977837,C00-D49,Neoplasms (C00-D49),C76
C2977837,C00-D49,Neoplasms (C00-D49),C77
C2977837,C00-D49,Neoplasms (C00-D49),C78
C2977837,C00-D49,Neoplasms (C00-D49),C79
C2977837,C00-D49,Neoplasms (C00-D49),C80
C2977837,C00-D49,Neoplasms (C00-D49),C81
C2977837,C00-D49,Neoplasms (C00-D49),C82
C2977837,C00-D49,Neoplasms (C00-D49),C83
C2977837,C00-D49,Neoplasms (C00-D49),C84
C2977837,C00-D49,Neoplasms (C00-D49),C85
C2977837,C00-D49,Neoplasms (C00-D49),C86
C2977837,C00-D49,Neoplasms (C00-D49),C87
C2977837,C00-D49,Neoplasms (C00-D49),C88
C2977837,C00-D49,Neoplasms (C00-D49),C89
C2977837,C00-D49,Neoplasms (C00-D49),C90
C2977837,C00-D49,Neoplasms (C00-D49),C91
C2977837,C00-D49,Neoplasms (C00-D49),C92
C2977837,C00-D49,Neoplasms (C00-D49),C93
C2977837,C00-D49,Neoplasms (C00-D49),C94
C2977837,C00-D49,Neoplasms (C00-D49),C95
C2977837,C00-D49,Neoplasms (C00-D49),C96
C2977837,C00-D49,Neoplasms (C00-D49),C97
C2977837,C00-D49,Neoplasms (C00-D49),C98
C2977837,C00-D49,Neoplasms (C00-D49),C99
C2977837,C00-D49,Neoplasms (C00-D49),D00
C2977837,C00-D49,Neoplasms (C00-D49),D01
C2977837,C00-D49,Neoplasms (C00-D49),D02
C2977837,C00-D49,Neoplasms (C00-D49),D03
C2977837,C00-D49,Neoplasms (C00-D49),D04
C2977837,C00-D49,Neoplasms (C00-D49),D05
C2977837,C00-D49,Neoplasms (C00-D49),D06
C2977837,C00-D49,Neoplasms (C00-D49),D07
C2977837,C00-D49,Neoplasms (C00-D49),D08
C2977837,C00-D49,Neoplasms (C00-D49),D09
C2977837,C00-D49,Neoplasms (C00-D49),D10
C2977837,C00-D49,Neoplasms (C00-D49),D11
C2977837,C00-D49,Neoplasms (C00-D49),D12
C2977837,C00-D49,Neoplasms (C00-D49),D13
C2977837,C00-D49,Neoplasms (C00-D49),D14
C2977837,C00-D49,Neoplasms (C00-D49),D15
C2977837,C00-D49,Neoplasms (C00-D49),D16
C2977837,C00-D49,Neoplasms (C00-D49),D17
C2977837,C00-D49,Neoplasms (C00-D49),D18
C2977837,C00-D49,Neoplasms (C00-D49),D19
C2977837,C00-D49,Neoplasms (C00-D49),D20
C2977837,C00-D49,Neoplasms (C00-D49),D21
C2977837,C00-D49,Neoplasms (C00-D49),D22
C2977837,C00-D49,Neoplasms (C00-D49),D23
C2977837,C00-D49,Neoplasms (C00-D49),D24
C2977837,C00-D49,Neoplasms (C00-D49),D25
C2977837,C00-D49,Neoplasms (C00-D49),D26
C2977837,C00-D49,Neoplasms (C00-D49),D27
C2977837,C00-D49,Neoplasms (C00-D49),D28
C2977837,C00-D49,Neoplasms (C00-D49),D29
C2977837,C00-D49,Neoplasms (C00-D49),D30
C2977837,C00-D49,Neoplasms (C00-D49),D31
C2977837,C00-D49,Neoplasms (C00-D49),D32
C2977837,C00-D49,Neoplasms (C00-D49),D33
C2977837,C00-D49,Neoplasms (C00-D49),D34
C2977837,C00-D49,Neoplasms (C00-D49),D35
C2977837,C00-D49,Neoplasms (C00-D49),D36
C2977837,C00-D49,Neoplasms (C00-D49),D37
C2977837,C00-D49,Neoplasms (C00-D49),D38
C2977837,C00-D49,Neoplasms (C00-D49),D39
C2977837,C00-D49,Neoplasms (C00-D49),D40
C2977837,C00-D49,Neoplasms (C00-D49),D41
C2977837,C00-D49,Neoplasms (C00-D49),D42
C2977837,C00-D49,Neoplasms (C00-D49),D43
C2977837,C00-D49,Neoplasms (C00-D49),D44
C2977837,C00-D49,Neoplasms (C00-D49),D45
C2977837,C00-D49,Neoplasms (C00-D49),D46
C2977837,C00-D49,Neoplasms (C00-D49),D47
C2977837,C00-D49,Neoplasms (C00-D49),D48
C2977837,C00-D49,Neoplasms (C00-D49),D49
C0346617,C15-C26,Malignant neoplasms of digestive organs (C15-C26),C15
C0346617,C15-C26,Malignant neoplasms of digestive organs (C15-C26),C16
C0346617,C15-C26,Malignant neoplasms of digestive organs (C15-C26),C17
C0346617,C15-C26,Malignant neoplasms of digestive organs (C15-C26),C18
C0346617,C15-C26,Malignant neoplasms of digestive organs (C15-C26),C19
C0346617,C15-C26,Malignant neoplasms of digestive organs (C15-C26),C20
C0346617,C15-C26,Malignant neoplasms of digestive organs (C15-C26),C21
C0346617,C15-C26,Malignant neoplasms of digestive organs (C15-C26),C22
C0346617,C15-C26,Malignant neoplasms of digestive organs (C15-C26),C23
C0346617,C15-C26,Malignant neoplasms of digestive organs (C15-C26),C24
C0346617,C15-C26,Malignant neoplasms of digestive organs (C15-C26),C25
C0346617,C15-C26,Malignant neoplasms of digestive organs (C15-C26),C26
C0178249,C30-C39,Malignant neoplasms of respiratory and intrathoracic organs (C30-C39),C30
C0178249,C30-C39,Malignant neoplasms of respiratory and intrathoracic organs (C30-C39),C31
C0178249,C30-C39,Malignant neoplasms of respiratory and intrathoracic organs (C30-C39),C32
C0178249,C30-C39,Malignant neoplasms of respiratory and intrathoracic organs (C30-C39),C33
C0178249,C30-C39,Malignant neoplasms of respiratory and intrathoracic organs (C30-C39),C34
C0178249,C30-C39,Malignant neoplasms of respiratory and intrathoracic organs (C30-C39),C35
C0178249,C30-C39,Malignant neoplasms of respiratory and intrathoracic organs (C30-C39),C36
C0178249,C30-C39,Malignant neoplasms of respiratory and intrathoracic organs (C30-C39),C37
C0178249,C30-C39,Malignant neoplasms of respiratory and intrathoracic organs (C30-C39),C38
C0178249,C30-C39,Malignant neoplasms of respiratory and intrathoracic organs (C30-C39),C39
C0153509,C40-C41,Malignant neoplasms of bone and articular cartilage (C40-C41),C40
C0153509,C40-C41,Malignant neoplasms of bone and articular cartilage (C40-C41),C41
C0348349,C43-C44,Melanoma and other malignant neoplasms of skin (C43-C44),C43
C0348349,C43-C44,Melanoma and other malignant neoplasms of skin (C43-C44),C44
C0348352,C45-C49,Malignant neoplasms of mesothelial and soft tissue (C45-C49),C45
C0348352,C45-C49,Malignant neoplasms of mesothelial and soft tissue (C45-C49),C46
C0348352,C45-C49,Malignant neoplasms of mesothelial and soft tissue (C45-C49),C47
C0348352,C45-C49,Malignant neoplasms of mesothelial and soft tissue (C45-C49),C48
C0348352,C45-C49,Malignant neoplasms of mesothelial and soft tissue (C45-C49),C49
C0006142,C50-C50,Malignant neoplasms of breast (C50),C50
C0153592,C51-C58,Malignant neoplasms of female genital organs (C51-C58),C51
C0153592,C51-C58,Malignant neoplasms of female genital organs (C51-C58),C52
C0153592,C51-C58,Malignant neoplasms of female genital organs (C51-C58),C53
C0153592,C51-C58,Malignant neoplasms of female genital organs (C51-C58),C54
C0153592,C51-C58,Malignant neoplasms of female genital organs (C51-C58),C55
C0153592,C51-C58,Malignant neoplasms of female genital organs (C51-C58),C56
C0153592,C51-C58,Malignant neoplasms of female genital organs (C51-C58),C57
C0153592,C51-C58,Malignant neoplasms of female genital organs (C51-C58),C58
C0153606,C60-C63,Malignant neoplasms of male genital organs (C60-C63),C60
C0153606,C60-C63,Malignant neoplasms of male genital organs (C60-C63),C61
C0153606,C60-C63,Malignant neoplasms of male genital organs (C60-C63),C62
C0153606,C60-C63,Malignant neoplasms of male genital organs (C60-C63),C63
C0751571,C64-C68,Malignant neoplasms of urinary tract (C64-C68),C64
C0751571,C64-C68,Malignant neoplasms of urinary tract (C64-C68),C65
C0751571,C64-C68,Malignant neoplasms of urinary tract (C64-C68),C66
C0751571,C64-C68,Malignant neoplasms of urinary tract (C64-C68),C67
C0751571,C64-C68,Malignant neoplasms of urinary tract (C64-C68),C68
C0348372,C69-C72,"Malignant neoplasms of eye, brain and other parts of central nervous system (C69-C72)",C69
C0348372,C69-C72,"Malignant neoplasms of eye, brain and other parts of central nervous system (C69-C72)",C70
C0348372,C69-C72,"Malignant neoplasms of eye, brain and other parts of central nervous system (C69-C72)",C71
C0348372,C69-C72,"Malignant neoplasms of eye, brain and other parts of central nervous system (C69-C72)",C72
C0348377,C73-C75,Malignant neoplasms of thyroid and other endocrine glands (C73-C75),C73
C0348377,C73-C75,Malignant neoplasms of thyroid and other endocrine glands (C73-C75),C74
C0348377,C73-C75,Malignant neoplasms of thyroid and other endocrine glands (C73-C75),C75
C2845949,C76-C80,"Malignant neoplasms of ill-defined, other secondary and unspecified sites (C76-C80)",C76
C2845949,C76-C80,"Malignant neoplasms of ill-defined, other secondary and unspecified sites (C76-C80)",C77
C2845949,C76-C80,"Malignant neoplasms of ill-defined, other secondary and unspecified sites (C76-C80)",C78
C2845949,C76-C80,"Malignant neoplasms of ill-defined, other secondary and unspecified sites (C76-C80)",C79
C2845949,C76-C80,"Malignant neoplasms of ill-defined, other secondary and unspecified sites (C76-C80)",C80
C2977946,C7A-C7A,Malignant neuroendocrine tumors (C7A),C7A
C2977947,C7B-C7B,Secondary neuroendocrine tumors (C7B),C7B
C0348393,C81-C96,"Malignant neoplasms of lymphoid, hematopoietic and related tissue (C81-C96)",C81
C0348393,C81-C96,"Malignant neoplasms of lymphoid, hematopoietic and related tissue (C81-C96)",C82
C0348393,C81-C96,"Malignant neoplasms of lymphoid, hematopoietic and related tissue (C81-C96)",C83
C0348393,C81-C96,"Malignant neoplasms of lymphoid, hematopoietic and related tissue (C81-C96)",C84
C0348393,C81-C96,"Malignant neoplasms of lymphoid, hematopoietic and related tissue (C81-C96)",C85
C0348393,C81-C96,"Malignant neoplasms of lymphoid, hematopoietic and related tissue (C81-C96)",C86
C0348393,C81-C96,"Malignant neoplasms of lymphoid, hematopoietic and related tissue (C81-C96)",C87
C0348393,C81-C96,"Malignant neoplasms of lymphoid, hematopoietic and related tissue (C81-C96)",C88
C0348393,C81-C96,"Malignant neoplasms of lymphoid, hematopoietic and related tissue (C81-C96)",C89
C0348393,C81-C96,"Malignant neoplasms of lymphoid, hematopoietic and related tissue (C81-C96)",C90
C0348393,C81-C96,"Malignant neoplasms of lymphoid, hematopoietic and related tissue (C81-C96)",C91
C0348393,C81-C96,"Malignant neoplasms of lymphoid, hematopoietic and related tissue (C81-C96)",C92
C0348393,C81-C96,"Malignant neoplasms of lymphoid, hematopoietic and related tissue (C81-C96)",C93
C0348393,C81-C96,"Malignant neoplasms of lymphoid, hematopoietic and related tissue (C81-C96)",C94
C0348393,C81-C96,"Malignant neoplasms of lymphoid, hematopoietic and related tissue (C81-C96)",C95
C0348393,C81-C96,"Malignant neoplasms of lymphoid, hematopoietic and related tissue (C81-C96)",C96
C1265999,D00-D09,In situ neoplasms (D00-D09),D00
C1265999,D00-D09,In situ neoplasms (D00-D09),D01
C1265999,D00-D09,In situ neoplasms (D00-D09),D02
C1265999,D00-D09,In situ neoplasms (D00-D09),D03
C1265999,D00-D09,In situ neoplasms (D00-D09),D04
C1265999,D00-D09,In situ neoplasms (D00-D09),D05
C1265999,D00-D09,In situ neoplasms (D00-D09),D06
C1265999,D00-D09,In situ neoplasms (D00-D09),D07
C1265999,D00-D09,In situ neoplasms (D00-D09),D08
C1265999,D00-D09,In situ neoplasms (D00-D09),D09
C2865391,D10-D36,"Benign neoplasms, except benign neuroendocrine tumors (D10-D36)",D10
C2865391,D10-D36,"Benign neoplasms, except benign neuroendocrine tumors (D10-D36)",D11
C2865391,D10-D36,"Benign neoplasms, except benign neuroendocrine tumors (D10-D36)",D12
C2865391,D10-D36,"Benign neoplasms, except benign neuroendocrine tumors (D10-D36)",D13
C2865391,D10-D36,"Benign neoplasms, except benign neuroendocrine tumors (D10-D36)",D14
C2865391,D10-D36,"Benign neoplasms, except benign neuroendocrine tumors (D10-D36)",D15
C2865391,D10-D36,"Benign neoplasms, except benign neuroendocrine tumors (D10-D36)",D16
C2865391,D10-D36,"Benign neoplasms, except benign neuroendocrine tumors (D10-D36)",D17
C2865391,D10-D36,"Benign neoplasms, except benign neuroendocrine tumors (D10-D36)",D18
C2865391,D10-D36,"Benign neoplasms, except benign neuroendocrine tumors (D10-D36)",D19
C2865391,D10-D36,"Benign neoplasms, except benign neuroendocrine tumors (D10-D36)",D20
C2865391,D10-D36,"Benign neoplasms, except benign neuroendocrine tumors (D10-D36)",D21
C2865391,D10-D36,"Benign neoplasms, except benign neuroendocrine tumors (D10-D36)",D22
C2865391,D10-D36,"Benign neoplasms, except benign neuroendocrine tumors (D10-D36)",D23
C2865391,D10-D36,"Benign neoplasms, except benign neuroendocrine tumors (D10-D36)",D24
C2865391,D10-D36,"Benign neoplasms, except benign neuroendocrine tumors (D10-D36)",D25
C2865391,D10-D36,"Benign neoplasms, except benign neuroendocrine tumors (D10-D36)",D26
C2865391,D10-D36,"Benign neoplasms, except benign neuroendocrine tumors (D10-D36)",D27
C2865391,D10-D36,"Benign neoplasms, except benign neuroendocrine tumors (D10-D36)",D28
C2865391,D10-D36,"Benign neoplasms, except benign neuroendocrine tumors (D10-D36)",D29
C2865391,D10-D36,"Benign neoplasms, except benign neuroendocrine tumors (D10-D36)",D30
C2865391,D10-D36,"Benign neoplasms, except benign neuroendocrine tumors (D10-D36)",D31
C2865391,D10-D36,"Benign neoplasms, except benign neuroendocrine tumors (D10-D36)",D32
C2865391,D10-D36,"Benign neoplasms, except benign neuroendocrine tumors (D10-D36)",D33
C2865391,D10-D36,"Benign neoplasms, except benign neuroendocrine tumors (D10-D36)",D34
C2865391,D10-D36,"Benign neoplasms, except benign neuroendocrine tumors (D10-D36)",D35
C2865391,D10-D36,"Benign neoplasms, except benign neuroendocrine tumors (D10-D36)",D36
C2869570,D37-D48,"Neoplasms of uncertain behavior, polycythemia vera and myelodysplastic syndromes (D37-D48)",D37
C2869570,D37-D48,"Neoplasms of uncertain behavior, polycythemia vera and myelodysplastic syndromes (D37-D48)",D38
C2869570,D37-D48,"Neoplasms of uncertain behavior, polycythemia vera and myelodysplastic syndromes (D37-D48)",D39
C2869570,D37-D48,"Neoplasms of uncertain behavior, polycythemia vera and myelodysplastic syndromes (D37-D48)",D40
C2869570,D37-D48,"Neoplasms of uncertain behavior, polycythemia vera and myelodysplastic syndromes (D37-D48)",D41
C2869570,D37-D48,"Neoplasms of uncertain behavior, polycythemia vera and myelodysplastic syndromes (D37-D48)",D42
C2869570,D37-D48,"Neoplasms of uncertain behavior, polycythemia vera and myelodysplastic syndromes (D37-D48)",D43
C2869570,D37-D48,"Neoplasms of uncertain behavior, polycythemia vera and myelodysplastic syndromes (D37-D48)",D44
C2869570,D37-D48,"Neoplasms of uncertain behavior, polycythemia vera and myelodysplastic syndromes (D37-D48)",D45
C2869570,D37-D48,"Neoplasms of uncertain behavior, polycythemia vera and myelodysplastic syndromes (D37-D48)",D46
C2869570,D37-D48,"Neoplasms of uncertain behavior, polycythemia vera and myelodysplastic syndromes (D37-D48)",D47
C2869570,D37-D48,"Neoplasms of uncertain behavior, polycythemia vera and myelodysplastic syndromes (D37-D48)",D48
C2976827,D3A-D3A,Benign neuroendocrine tumors (D3A),D3A
C2976852,D49-D49,Neoplasms of unspecified behavior (D49),D49
C0271903,D50-D53,Nutritional anemias (D50-D53),D50
C0271903,D50-D53,Nutritional anemias (D50-D53),D51
C0271903,D50-D53,Nutritional anemias (D50-D53),D52
C0271903,D50-D53,Nutritional anemias (D50-D53),D53
C0694451,D50-D89,Diseases of the blood and blood-forming organs and certain disorders involving the immune mechanism (D50-D89),D50
C0694451,D50-D89,Diseases of the blood and blood-forming organs and certain disorders involving the immune mechanism (D50-D89),D51
C0694451,D50-D89,Diseases of the blood and blood-forming organs and certain disorders involving the immune mechanism (D50-D89),D52
C0694451,D50-D89,Diseases of the blood and blood-forming organs and certain disorders involving the immune mechanism (D50-D89),D53
C0694451,D50-D89,Diseases of the blood and blood-forming organs and certain disorders involving the immune mechanism (D50-D89),D54
C0694451,D50-D89,Diseases of the blood and blood-forming organs and certain disorders involving the immune mechanism (D50-D89),D55
C0694451,D50-D89,Diseases of the blood and blood-forming organs and certain disorders involving the immune mechanism (D50-D89),D56
C0694451,D50-D89,Diseases of the blood and blood-forming organs and certain disorders involving the immune mechanism (D50-D89),D57
C0694451,D50-D89,Diseases of the blood and blood-forming organs and certain disorders involving the immune mechanism (D50-D89),D58
C0694451,D50-D89,Diseases of the blood and blood-forming organs and certain disorders involving the immune mechanism (D50-D89),D59
C0694451,D50-D89,Diseases of the blood and blood-forming organs and certain disorders involving the immune mechanism (D50-D89),D60
C0694451,D50-D89,Diseases of the blood and blood-forming organs and certain disorders involving the immune mechanism (D50-D89),D61
C0694451,D50-D89,Diseases of the blood and blood-forming organs and certain disorders involving the immune mechanism (D50-D89),D62
C0694451,D50-D89,Diseases of the blood and blood-forming organs and certain disorders involving the immune mechanism (D50-D89),D63
C0694451,D50-D89,Diseases of the blood and blood-forming organs and certain disorders involving the immune mechanism (D50-D89),D64
C0694451,D50-D89,Diseases of the blood and blood-forming organs and certain disorders involving the immune mechanism (D50-D89),D65
C0694451,D50-D89,Diseases of the blood and blood-forming organs and certain disorders involving the immune mechanism (D50-D89),D66
C0694451,D50-D89,Diseases of the blood and blood-forming organs and certain disorders involving the immune mechanism (D50-D89),D67
C0694451,D50-D89,Diseases of the blood and blood-forming organs and certain disorders involving the immune mechanism (D50-D89),D68
C0694451,D50-D89,Diseases of the blood and blood-forming organs and certain disorders involving the immune mechanism (D50-D89),D69
C0694451,D50-D89,Diseases of the blood and blood-forming organs and certain disorders involving the immune mechanism (D50-D89),D70
C0694451,D50-D89,Diseases of the blood and blood-forming organs and certain disorders involving the immune mechanism (D50-D89),D71
C0694451,D50-D89,Diseases of the blood and blood-forming organs and certain disorders involving the immune mechanism (D50-D89),D72
C0694451,D50-D89,Diseases of the blood and blood-forming organs and certain disorders involving the immune mechanism (D50-D89),D73
C0694451,D50-D89,Diseases of the blood and blood-forming organs and certain disorders involving the immune mechanism (D50-D89),D74
C0694451,D50-D89,Diseases of the blood and blood-forming organs and certain disorders involving the immune mechanism (D50-D89),D75
C0694451,D50-D89,Diseases of the blood and blood-forming organs and certain disorders involving the immune mechanism (D50-D89),D76
C0694451,D50-D89,Diseases of the blood and blood-forming organs and certain disorders involving the immune mechanism (D50-D89),D77
C0694451,D50-D89,Diseases of the blood and blood-forming organs and certain disorders involving the immune mechanism (D50-D89),D78
C0694451,D50-D89,Diseases of the blood and blood-forming organs and certain disorders involving the immune mechanism (D50-D89),D79
C0694451,D50-D89,Diseases of the blood and blood-forming organs and certain disorders involving the immune mechanism (D50-D89),D80
C0694451,D50-D89,Diseases of the blood and blood-forming organs and certain disorders involving the immune mechanism (D50-D89),D81
C0694451,D50-D89,Diseases of the blood and blood-forming organs and certain disorders involving the immune mechanism (D50-D89),D82
C0694451,D50-D89,Diseases of the blood and blood-forming organs and certain disorders involving the immune mechanism (D50-D89),D83
C0694451,D50-D89,Diseases of the blood and blood-forming organs and certain disorders involving the immune mechanism (D50-D89),D84
C0694451,D50-D89,Diseases of the blood and blood-forming organs and certain disorders involving the immune mechanism (D50-D89),D85
C0694451,D50-D89,Diseases of the blood and blood-forming organs and certain disorders involving the immune mechanism (D50-D89),D86
C0694451,D50-D89,Diseases of the blood and blood-forming organs and certain disorders involving the immune mechanism (D50-D89),D87
C0694451,D50-D89,Diseases of the blood and blood-forming organs and certain disorders involving the immune mechanism (D50-D89),D88
C0694451,D50-D89,Diseases of the blood and blood-forming organs and certain disorders involving the immune mechanism (D50-D89),D89
C0002878,D55-D59,Hemolytic anemias (D55-D59),D55
C0002878,D55-D59,Hemolytic anemias (D55-D59),D56
C0002878,D55-D59,Hemolytic anemias (D55-D59),D57
C0002878,D55-D59,Hemolytic anemias (D55-D59),D58
C0002878,D55-D59,Hemolytic anemias (D55-D59),D59
C2873776,D60-D64,Aplastic and other anemias and other bone marrow failure syndromes (D60-D64),D60
C2873776,D60-D64,Aplastic and other anemias and other bone marrow failure syndromes (D60-D64),D61
C2873776,D60-D64,Aplastic and other anemias and other bone marrow failure syndromes (D60-D64),D62
C2873776,D60-D64,Aplastic and other anemias and other bone marrow failure syndromes (D60-D64),D63
C2873776,D60-D64,Aplastic and other anemias and other bone marrow failure syndromes (D60-D64),D64
C0477315,D65-D69,"Coagulation defects, purpura and other hemorrhagic conditions (D65-D69)",D65
C0477315,D65-D69,"Coagulation defects, purpura and other hemorrhagic conditions (D65-D69)",D66
C0477315,D65-D69,"Coagulation defects, purpura and other hemorrhagic conditions (D65-D69)",D67
C0477315,D65-D69,"Coagulation defects, purpura and other hemorrhagic conditions (D65-D69)",D68
C0477315,D65-D69,"Coagulation defects, purpura and other hemorrhagic conditions (D65-D69)",D69
C2873809,D70-D77,Other disorders of blood and blood-forming organs (D70-D77),D70
C2873809,D70-D77,Other disorders of blood and blood-forming organs (D70-D77),D71
C2873809,D70-D77,Other disorders of blood and blood-forming organs (D70-D77),D72
C2873809,D70-D77,Other disorders of blood and blood-forming organs (D70-D77),D73
C2873809,D70-D77,Other disorders of blood and blood-forming organs (D70-D77),D74
C2873809,D70-D77,Other disorders of blood and blood-forming organs (D70-D77),D75
C2873809,D70-D77,Other disorders of blood and blood-forming organs (D70-D77),D76
C2873809,D70-D77,Other disorders of blood and blood-forming organs (D70-D77),D77
C2873827,D78-D78,Intraoperative and postprocedural complications of the spleen (D78),D78
C0477322,D80-D89,Certain disorders involving the immune mechanism (D80-D89),D80
C0477322,D80-D89,Certain disorders involving the immune mechanism (D80-D89),D81
C0477322,D80-D89,Certain disorders involving the immune mechanism (D80-D89),D82
C0477322,D80-D89,Certain disorders involving the immune mechanism (D80-D89),D83
C0477322,D80-D89,Certain disorders involving the immune mechanism (D80-D89),D84
C0477322,D80-D89,Certain disorders involving the immune mechanism (D80-D89),D85
C0477322,D80-D89,Certain disorders involving the immune mechanism (D80-D89),D86
C0477322,D80-D89,Certain disorders involving the immune mechanism (D80-D89),D87
C0477322,D80-D89,Certain disorders involving the immune mechanism (D80-D89),D88
C0477322,D80-D89,Certain disorders involving the immune mechanism (D80-D89),D89
C0040128,E00-E07,Disorders of thyroid gland (E00-E07),E00
C0040128,E00-E07,Disorders of thyroid gland (E00-E07),E01
C0040128,E00-E07,Disorders of thyroid gland (E00-E07),E02
C0040128,E00-E07,Disorders of thyroid gland (E00-E07),E03
C0040128,E00-E07,Disorders of thyroid gland (E00-E07),E04
C0040128,E00-E07,Disorders of thyroid gland (E00-E07),E05
C0040128,E00-E07,Disorders of thyroid gland (E00-E07),E06
C0040128,E00-E07,Disorders of thyroid gland (E00-E07),E07
C2976854,E00-E89,"Endocrine, nutritional and metabolic diseases (E00-E89)",E00
C2976854,E00-E89,"Endocrine, nutritional and metabolic diseases (E00-E89)",E01
C2976854,E00-E89,"Endocrine, nutritional and metabolic diseases (E00-E89)",E02
C2976854,E00-E89,"Endocrine, nutritional and metabolic diseases (E00-E89)",E03
C2976854,E00-E89,"Endocrine, nutritional and metabolic diseases (E00-E89)",E04
C2976854,E00-E89,"Endocrine, nutritional and metabolic diseases (E00-E89)",E05
C2976854,E00-E89,"Endocrine, nutritional and metabolic diseases (E00-E89)",E06
C2976854,E00-E89,"Endocrine, nutritional and metabolic diseases (E00-E89)",E07
C2976854,E00-E89,"Endocrine, nutritional and metabolic diseases (E00-E89)",E08
C2976854,E00-E89,"Endocrine, nutritional and metabolic diseases (E00-E89)",E09
C2976854,E00-E89,"Endocrine, nutritional and metabolic diseases (E00-E89)",E10
C2976854,E00-E89,"Endocrine, nutritional and metabolic diseases (E00-E89)",E11
C2976854,E00-E89,"Endocrine, nutritional and metabolic diseases (E00-E89)",E12
C2976854,E00-E89,"Endocrine, nutritional and metabolic diseases (E00-E89)",E13
C2976854,E00-E89,"Endocrine, nutritional and metabolic diseases (E00-E89)",E14
C2976854,E00-E89,"Endocrine, nutritional and metabolic diseases (E00-E89)",E15
C2976854,E00-E89,"Endocrine, nutritional and metabolic diseases (E00-E89)",E16
C2976854,E00-E89,"Endocrine, nutritional and metabolic diseases (E00-E89)",E17
C2976854,E00-E89,"Endocrine, nutritional and metabolic diseases (E00-E89)",E18
C2976854,E00-E89,"Endocrine, nutritional and metabolic diseases (E00-E89)",E19
C2976854,E00-E89,"Endocrine, nutritional and metabolic diseases (E00-E89)",E20
C2976854,E00-E89,"Endocrine, nutritional and metabolic diseases (E00-E89)",E21
C2976854,E00-E89,"Endocrine, nutritional and metabolic diseases (E00-E89)",E22
C2976854,E00-E89,"Endocrine, nutritional and metabolic diseases (E00-E89)",E23
C2976854,E00-E89,"Endocrine, nutritional and metabolic diseases (E00-E89)",E24
C2976854,E00-E89,"Endocrine, nutritional and metabolic diseases (E00-E89)",E25
C2976854,E00-E89,"Endocrine, nutritional and metabolic diseases (E00-E89)",E26
C2976854,E00-E89,"Endocrine, nutritional and metabolic diseases (E00-E89)",E27
C2976854,E00-E89,"Endocrine, nutritional and metabolic diseases (E00-E89)",E28
C2976854,E00-E89,"Endocrine, nutritional and metabolic diseases (E00-E89)",E29
C2976854,E00-E89,"Endocrine, nutritional and metabolic diseases (E00-E89)",E30
C2976854,E00-E89,"Endocrine, nutritional and metabolic diseases (E00-E89)",E31
C2976854,E00-E89,"Endocrine, nutritional and metabolic diseases (E00-E89)",E32
C2976854,E00-E89,"Endocrine, nutritional and metabolic diseases (E00-E89)",E33
C2976854,E00-E89,"Endocrine, nutritional and metabolic diseases (E00-E89)",E34
C2976854,E00-E89,"Endocrine, nutritional and metabolic diseases (E00-E89)",E35
C2976854,E00-E89,"Endocrine, nutritional and metabolic diseases (E00-E89)",E36
C2976854,E00-E89,"Endocrine, nutritional and metabolic diseases (E00-E89)",E37
C2976854,E00-E89,"Endocrine, nutritional and metabolic diseases (E00-E89)",E38
C2976854,E00-E89,"Endocrine, nutritional and metabolic diseases (E00-E89)",E39
C2976854,E00-E89,"Endocrine, nutritional and metabolic diseases (E00-E89)",E40
C2976854,E00-E89,"Endocrine, nutritional and metabolic diseases (E00-E89)",E41
C2976854,E00-E89,"Endocrine, nutritional and metabolic diseases (E00-E89)",E42
C2976854,E00-E89,"Endocrine, nutritional and metabolic diseases (E00-E89)",E43
C2976854,E00-E89,"Endocrine, nutritional and metabolic diseases (E00-E89)",E44
C2976854,E00-E89,"Endocrine, nutritional and metabolic diseases (E00-E89)",E45
C2976854,E00-E89,"Endocrine, nutritional and metabolic diseases (E00-E89)",E46
C2976854,E00-E89,"Endocrine, nutritional and metabolic diseases (E00-E89)",E47
C2976854,E00-E89,"Endocrine, nutritional and metabolic diseases (E00-E89)",E48
C2976854,E00-E89,"Endocrine, nutritional and metabolic diseases (E00-E89)",E49
C2976854,E00-E89,"Endocrine, nutritional and metabolic diseases (E00-E89)",E50
C2976854,E00-E89,"Endocrine, nutritional and metabolic diseases (E00-E89)",E51
C2976854,E00-E89,"Endocrine, nutritional and metabolic diseases (E00-E89)",E52
C2976854,E00-E89,"Endocrine, nutritional and metabolic diseases (E00-E89)",E53
C2976854,E00-E89,"Endocrine, nutritional and metabolic diseases (E00-E89)",E54
C2976854,E00-E89,"Endocrine, nutritional and metabolic diseases (E00-E89)",E55
C2976854,E00-E89,"Endocrine, nutritional and metabolic diseases (E00-E89)",E56
C2976854,E00-E89,"Endocrine, nutritional and metabolic diseases (E00-E89)",E57
C2976854,E00-E89,"Endocrine, nutritional and metabolic diseases (E00-E89)",E58
C2976854,E00-E89,"Endocrine, nutritional and metabolic diseases (E00-E89)",E59
C2976854,E00-E89,"Endocrine, nutritional and metabolic diseases (E00-E89)",E60
C2976854,E00-E89,"Endocrine, nutritional and metabolic diseases (E00-E89)",E61
C2976854,E00-E89,"Endocrine, nutritional and metabolic diseases (E00-E89)",E62
C2976854,E00-E89,"Endocrine, nutritional and metabolic diseases (E00-E89)",E63
C2976854,E00-E89,"Endocrine, nutritional and metabolic diseases (E00-E89)",E64
C2976854,E00-E89,"Endocrine, nutritional and metabolic diseases (E00-E89)",E65
C2976854,E00-E89,"Endocrine, nutritional and metabolic diseases (E00-E89)",E66
C2976854,E00-E89,"Endocrine, nutritional and metabolic diseases (E00-E89)",E67
C2976854,E00-E89,"Endocrine, nutritional and metabolic diseases (E00-E89)",E68
C2976854,E00-E89,"Endocrine, nutritional and metabolic diseases (E00-E89)",E69
C2976854,E00-E89,"Endocrine, nutritional and metabolic diseases (E00-E89)",E70
C2976854,E00-E89,"Endocrine, nutritional and metabolic diseases (E00-E89)",E71
C2976854,E00-E89,"Endocrine, nutritional and metabolic diseases (E00-E89)",E72
C2976854,E00-E89,"Endocrine, nutritional and metabolic diseases (E00-E89)",E73
C2976854,E00-E89,"Endocrine, nutritional and metabolic diseases (E00-E89)",E74
C2976854,E00-E89,"Endocrine, nutritional and metabolic diseases (E00-E89)",E75
C2976854,E00-E89,"Endocrine, nutritional and metabolic diseases (E00-E89)",E76
C2976854,E00-E89,"Endocrine, nutritional and metabolic diseases (E00-E89)",E77
C2976854,E00-E89,"Endocrine, nutritional and metabolic diseases (E00-E89)",E78
C2976854,E00-E89,"Endocrine, nutritional and metabolic diseases (E00-E89)",E79
C2976854,E00-E89,"Endocrine, nutritional and metabolic diseases (E00-E89)",E80
C2976854,E00-E89,"Endocrine, nutritional and metabolic diseases (E00-E89)",E81
C2976854,E00-E89,"Endocrine, nutritional and metabolic diseases (E00-E89)",E82
C2976854,E00-E89,"Endocrine, nutritional and metabolic diseases (E00-E89)",E83
C2976854,E00-E89,"Endocrine, nutritional and metabolic diseases (E00-E89)",E84
C2976854,E00-E89,"Endocrine, nutritional and metabolic diseases (E00-E89)",E85
C2976854,E00-E89,"Endocrine, nutritional and metabolic diseases (E00-E89)",E86
C2976854,E00-E89,"Endocrine, nutritional and metabolic diseases (E00-E89)",E87
C2976854,E00-E89,"Endocrine, nutritional and metabolic diseases (E00-E89)",E88
C2976854,E00-E89,"Endocrine, nutritional and metabolic diseases (E00-E89)",E89
C0011849,E08-E13,Diabetes mellitus (E08-E13),E08
C0011849,E08-E13,Diabetes mellitus (E08-E13),E09
C0011849,E08-E13,Diabetes mellitus (E08-E13),E10
C0011849,E08-E13,Diabetes mellitus (E08-E13),E11
C0011849,E08-E13,Diabetes mellitus (E08-E13),E12
C0011849,E08-E13,Diabetes mellitus (E08-E13),E13
C0348451,E15-E16,Other disorders of glucose regulation and pancreatic internal secretion (E15-E16),E15
C0348451,E15-E16,Other disorders of glucose regulation and pancreatic internal secretion (E15-E16),E16
C0178257,E20-E35,Disorders of other endocrine glands (E20-E35),E20
C0178257,E20-E35,Disorders of other endocrine glands (E20-E35),E21
C0178257,E20-E35,Disorders of other endocrine glands (E20-E35),E22
C0178257,E20-E35,Disorders of other endocrine glands (E20-E35),E23
C0178257,E20-E35,Disorders of other endocrine glands (E20-E35),E24
C0178257,E20-E35,Disorders of other endocrine glands (E20-E35),E25
C0178257,E20-E35,Disorders of other endocrine glands (E20-E35),E26
C0178257,E20-E35,Disorders of other endocrine glands (E20-E35),E27
C0178257,E20-E35,Disorders of other endocrine glands (E20-E35),E28
C0178257,E20-E35,Disorders of other endocrine glands (E20-E35),E29
C0178257,E20-E35,Disorders of other endocrine glands (E20-E35),E30
C0178257,E20-E35,Disorders of other endocrine glands (E20-E35),E31
C0178257,E20-E35,Disorders of other endocrine glands (E20-E35),E32
C0178257,E20-E35,Disorders of other endocrine glands (E20-E35),E33
C0178257,E20-E35,Disorders of other endocrine glands (E20-E35),E34
C0178257,E20-E35,Disorders of other endocrine glands (E20-E35),E35
C2976862,E36-E36,Intraoperative complications of endocrine system (E36),E36
C0162429,E40-E46,Malnutrition (E40-E46),E40
C0162429,E40-E46,Malnutrition (E40-E46),E41
C0162429,E40-E46,Malnutrition (E40-E46),E42
C0162429,E40-E46,Malnutrition (E40-E46),E43
C0162429,E40-E46,Malnutrition (E40-E46),E44
C0162429,E40-E46,Malnutrition (E40-E46),E45
C0162429,E40-E46,Malnutrition (E40-E46),E46
C0154241,E50-E64,Other nutritional deficiencies (E50-E64),E50
C0154241,E50-E64,Other nutritional deficiencies (E50-E64),E51
C0154241,E50-E64,Other nutritional deficiencies (E50-E64),E52
C0154241,E50-E64,Other nutritional deficiencies (E50-E64),E53
C0154241,E50-E64,Other nutritional deficiencies (E50-E64),E54
C0154241,E50-E64,Other nutritional deficiencies (E50-E64),E55
C0154241,E50-E64,Other nutritional deficiencies (E50-E64),E56
C0154241,E50-E64,Other nutritional deficiencies (E50-E64),E57
C0154241,E50-E64,Other nutritional deficiencies (E50-E64),E58
C0154241,E50-E64,Other nutritional deficiencies (E50-E64),E59
C0154241,E50-E64,Other nutritional deficiencies (E50-E64),E60
C0154241,E50-E64,Other nutritional deficiencies (E50-E64),E61
C0154241,E50-E64,Other nutritional deficiencies (E50-E64),E62
C0154241,E50-E64,Other nutritional deficiencies (E50-E64),E63
C0154241,E50-E64,Other nutritional deficiencies (E50-E64),E64
C1561827,E65-E68,"Overweight, obesity and other hyperalimentation (E65-E68)",E65
C1561827,E65-E68,"Overweight, obesity and other hyperalimentation (E65-E68)",E66
C1561827,E65-E68,"Overweight, obesity and other hyperalimentation (E65-E68)",E67
C1561827,E65-E68,"Overweight, obesity and other hyperalimentation (E65-E68)",E68
C2976863,E70-E88,Metabolic disorders (E70-E88),E70
C2976863,E70-E88,Metabolic disorders (E70-E88),E71
C2976863,E70-E88,Metabolic disorders (E70-E88),E72
C2976863,E70-E88,Metabolic disorders (E70-E88),E73
C2976863,E70-E88,Metabolic disorders (E70-E88),E74
C2976863,E70-E88,Metabolic disorders (E70-E88),E75
C2976863,E70-E88,Metabolic disorders (E70-E88),E76
C2976863,E70-E88,Metabolic disorders (E70-E88),E77
C2976863,E70-E88,Metabolic disorders (E70-E88),E78
C2976863,E70-E88,Metabolic disorders (E70-E88),E79
C2976863,E70-E88,Metabolic disorders (E70-E88),E80
C2976863,E70-E88,Metabolic disorders (E70-E88),E81
C2976863,E70-E88,Metabolic disorders (E70-E88),E82
C2976863,E70-E88,Metabolic disorders (E70-E88),E83
C2976863,E70-E88,Metabolic disorders (E70-E88),E84
C2976863,E70-E88,Metabolic disorders (E70-E88),E85
C2976863,E70-E88,Metabolic disorders (E70-E88),E86
C2976863,E70-E88,Metabolic disorders (E70-E88),E87
C2976863,E70-E88,Metabolic disorders (E70-E88),E88
C2976866,E89-E89,"Postprocedural endocrine and metabolic complications and disorders, not elsewhere classified (E89)",E89
C2874362,F01-F09,Mental disorders due to known physiological conditions (F01-F09),F01
C2874362,F01-F09,Mental disorders due to known physiological conditions (F01-F09),F02
C2874362,F01-F09,Mental disorders due to known physiological conditions (F01-F09),F03
C2874362,F01-F09,Mental disorders due to known physiological conditions (F01-F09),F04
C2874362,F01-F09,Mental disorders due to known physiological conditions (F01-F09),F05
C2874362,F01-F09,Mental disorders due to known physiological conditions (F01-F09),F06
C2874362,F01-F09,Mental disorders due to known physiological conditions (F01-F09),F07
C2874362,F01-F09,Mental disorders due to known physiological conditions (F01-F09),F08
C2874362,F01-F09,Mental disorders due to known physiological conditions (F01-F09),F09
C3263949,F01-F99,"Mental, Behavioral and Neurodevelopmental disorders (F01-F99)",F01
C3263949,F01-F99,"Mental, Behavioral and Neurodevelopmental disorders (F01-F99)",F02
C3263949,F01-F99,"Mental, Behavioral and Neurodevelopmental disorders (F01-F99)",F03
C3263949,F01-F99,"Mental, Behavioral and Neurodevelopmental disorders (F01-F99)",F04
C3263949,F01-F99,"Mental, Behavioral and Neurodevelopmental disorders (F01-F99)",F05
C3263949,F01-F99,"Mental, Behavioral and Neurodevelopmental disorders (F01-F99)",F06
C3263949,F01-F99,"Mental, Behavioral and Neurodevelopmental disorders (F01-F99)",F07
C3263949,F01-F99,"Mental, Behavioral and Neurodevelopmental disorders (F01-F99)",F08
C3263949,F01-F99,"Mental, Behavioral and Neurodevelopmental disorders (F01-F99)",F09
C3263949,F01-F99,"Mental, Behavioral and Neurodevelopmental disorders (F01-F99)",F10
C3263949,F01-F99,"Mental, Behavioral and Neurodevelopmental disorders (F01-F99)",F11
C3263949,F01-F99,"Mental, Behavioral and Neurodevelopmental disorders (F01-F99)",F12
C3263949,F01-F99,"Mental, Behavioral and Neurodevelopmental disorders (F01-F99)",F13
C3263949,F01-F99,"Mental, Behavioral and Neurodevelopmental disorders (F01-F99)",F14
C3263949,F01-F99,"Mental, Behavioral and Neurodevelopmental disorders (F01-F99)",F15
C3263949,F01-F99,"Mental, Behavioral and Neurodevelopmental disorders (F01-F99)",F16
C3263949,F01-F99,"Mental, Behavioral and Neurodevelopmental disorders (F01-F99)",F17
C3263949,F01-F99,"Mental, Behavioral and Neurodevelopmental disorders (F01-F99)",F18
C3263949,F01-F99,"Mental, Behavioral and Neurodevelopmental disorders (F01-F99)",F19
C3263949,F01-F99,"Mental, Behavioral and Neurodevelopmental disorders (F01-F99)",F20
C3263949,F01-F99,"Mental, Behavioral and Neurodevelopmental disorders (F01-F99)",F21
C3263949,F01-F99,"Mental, Behavioral and Neurodevelopmental disorders (F01-F99)",F22
C3263949,F01-F99,"Mental, Behavioral and Neurodevelopmental disorders (F01-F99)",F23
C3263949,F01-F99,"Mental, Behavioral and Neurodevelopmental disorders (F01-F99)",F24
C3263949,F01-F99,"Mental, Behavioral and Neurodevelopmental disorders (F01-F99)",F25
C3263949,F01-F99,"Mental, Behavioral and Neurodevelopmental disorders (F01-F99)",F26
C3263949,F01-F99,"Mental, Behavioral and Neurodevelopmental disorders (F01-F99)",F27
C3263949,F01-F99,"Mental, Behavioral and Neurodevelopmental disorders (F01-F99)",F28
C3263949,F01-F99,"Mental, Behavioral and Neurodevelopmental disorders (F01-F99)",F29
C3263949,F01-F99,"Mental, Behavioral and Neurodevelopmental disorders (F01-F99)",F30
C3263949,F01-F99,"Mental, Behavioral and Neurodevelopmental disorders (F01-F99)",F31
C3263949,F01-F99,"Mental, Behavioral and Neurodevelopmental disorders (F01-F99)",F32
C3263949,F01-F99,"Mental, Behavioral and Neurodevelopmental disorders (F01-F99)",F33
C3263949,F01-F99,"Mental, Behavioral and Neurodevelopmental disorders (F01-F99)",F34
C3263949,F01-F99,"Mental, Behavioral and Neurodevelopmental disorders (F01-F99)",F35
C3263949,F01-F99,"Mental, Behavioral and Neurodevelopmental disorders (F01-F99)",F36
C3263949,F01-F99,"Mental, Behavioral and Neurodevelopmental disorders (F01-F99)",F37
C3263949,F01-F99,"Mental, Behavioral and Neurodevelopmental disorders (F01-F99)",F38
C3263949,F01-F99,"Mental, Behavioral and Neurodevelopmental disorders (F01-F99)",F39
C3263949,F01-F99,"Mental, Behavioral and Neurodevelopmental disorders (F01-F99)",F40
C3263949,F01-F99,"Mental, Behavioral and Neurodevelopmental disorders (F01-F99)",F41
C3263949,F01-F99,"Mental, Behavioral and Neurodevelopmental disorders (F01-F99)",F42
C3263949,F01-F99,"Mental, Behavioral and Neurodevelopmental disorders (F01-F99)",F43
C3263949,F01-F99,"Mental, Behavioral and Neurodevelopmental disorders (F01-F99)",F44
C3263949,F01-F99,"Mental, Behavioral and Neurodevelopmental disorders (F01-F99)",F45
C3263949,F01-F99,"Mental, Behavioral and Neurodevelopmental disorders (F01-F99)",F46
C3263949,F01-F99,"Mental, Behavioral and Neurodevelopmental disorders (F01-F99)",F47
C3263949,F01-F99,"Mental, Behavioral and Neurodevelopmental disorders (F01-F99)",F48
C3263949,F01-F99,"Mental, Behavioral and Neurodevelopmental disorders (F01-F99)",F49
C3263949,F01-F99,"Mental, Behavioral and Neurodevelopmental disorders (F01-F99)",F50
C3263949,F01-F99,"Mental, Behavioral and Neurodevelopmental disorders (F01-F99)",F51
C3263949,F01-F99,"Mental, Behavioral and Neurodevelopmental disorders (F01-F99)",F52
C3263949,F01-F99,"Mental, Behavioral and Neurodevelopmental disorders (F01-F99)",F53
C3263949,F01-F99,"Mental, Behavioral and Neurodevelopmental disorders (F01-F99)",F54
C3263949,F01-F99,"Mental, Behavioral and Neurodevelopmental disorders (F01-F99)",F55
C3263949,F01-F99,"Mental, Behavioral and Neurodevelopmental disorders (F01-F99)",F56
C3263949,F01-F99,"Mental, Behavioral and Neurodevelopmental disorders (F01-F99)",F57
C3263949,F01-F99,"Mental, Behavioral and Neurodevelopmental disorders (F01-F99)",F58
C3263949,F01-F99,"Mental, Behavioral and Neurodevelopmental disorders (F01-F99)",F59
C3263949,F01-F99,"Mental, Behavioral and Neurodevelopmental disorders (F01-F99)",F60
C3263949,F01-F99,"Mental, Behavioral and Neurodevelopmental disorders (F01-F99)",F61
C3263949,F01-F99,"Mental, Behavioral and Neurodevelopmental disorders (F01-F99)",F62
C3263949,F01-F99,"Mental, Behavioral and Neurodevelopmental disorders (F01-F99)",F63
C3263949,F01-F99,"Mental, Behavioral and Neurodevelopmental disorders (F01-F99)",F64
C3263949,F01-F99,"Mental, Behavioral and Neurodevelopmental disorders (F01-F99)",F65
C3263949,F01-F99,"Mental, Behavioral and Neurodevelopmental disorders (F01-F99)",F66
C3263949,F01-F99,"Mental, Behavioral and Neurodevelopmental disorders (F01-F99)",F67
C3263949,F01-F99,"Mental, Behavioral and Neurodevelopmental disorders (F01-F99)",F68
C3263949,F01-F99,"Mental, Behavioral and Neurodevelopmental disorders (F01-F99)",F69
C3263949,F01-F99,"Mental, Behavioral and Neurodevelopmental disorders (F01-F99)",F70
C3263949,F01-F99,"Mental, Behavioral and Neurodevelopmental disorders (F01-F99)",F71
C3263949,F01-F99,"Mental, Behavioral and Neurodevelopmental disorders (F01-F99)",F72
C3263949,F01-F99,"Mental, Behavioral and Neurodevelopmental disorders (F01-F99)",F73
C3263949,F01-F99,"Mental, Behavioral and Neurodevelopmental disorders (F01-F99)",F74
C3263949,F01-F99,"Mental, Behavioral and Neurodevelopmental disorders (F01-F99)",F75
C3263949,F01-F99,"Mental, Behavioral and Neurodevelopmental disorders (F01-F99)",F76
C3263949,F01-F99,"Mental, Behavioral and Neurodevelopmental disorders (F01-F99)",F77
C3263949,F01-F99,"Mental, Behavioral and Neurodevelopmental disorders (F01-F99)",F78
C3263949,F01-F99,"Mental, Behavioral and Neurodevelopmental disorders (F01-F99)",F79
C3263949,F01-F99,"Mental, Behavioral and Neurodevelopmental disorders (F01-F99)",F80
C3263949,F01-F99,"Mental, Behavioral and Neurodevelopmental disorders (F01-F99)",F81
C3263949,F01-F99,"Mental, Behavioral and Neurodevelopmental disorders (F01-F99)",F82
C3263949,F01-F99,"Mental, Behavioral and Neurodevelopmental disorders (F01-F99)",F83
C3263949,F01-F99,"Mental, Behavioral and Neurodevelopmental disorders (F01-F99)",F84
C3263949,F01-F99,"Mental, Behavioral and Neurodevelopmental disorders (F01-F99)",F85
C3263949,F01-F99,"Mental, Behavioral and Neurodevelopmental disorders (F01-F99)",F86
C3263949,F01-F99,"Mental, Behavioral and Neurodevelopmental disorders (F01-F99)",F87
C3263949,F01-F99,"Mental, Behavioral and Neurodevelopmental disorders (F01-F99)",F88
C3263949,F01-F99,"Mental, Behavioral and Neurodevelopmental disorders (F01-F99)",F89
C3263949,F01-F99,"Mental, Behavioral and Neurodevelopmental disorders (F01-F99)",F90
C3263949,F01-F99,"Mental, Behavioral and Neurodevelopmental disorders (F01-F99)",F91
C3263949,F01-F99,"Mental, Behavioral and Neurodevelopmental disorders (F01-F99)",F92
C3263949,F01-F99,"Mental, Behavioral and Neurodevelopmental disorders (F01-F99)",F93
C3263949,F01-F99,"Mental, Behavioral and Neurodevelopmental disorders (F01-F99)",F94
C3263949,F01-F99,"Mental, Behavioral and Neurodevelopmental disorders (F01-F99)",F95
C3263949,F01-F99,"Mental, Behavioral and Neurodevelopmental disorders (F01-F99)",F96
C3263949,F01-F99,"Mental, Behavioral and Neurodevelopmental disorders (F01-F99)",F97
C3263949,F01-F99,"Mental, Behavioral and Neurodevelopmental disorders (F01-F99)",F98
C3263949,F01-F99,"Mental, Behavioral and Neurodevelopmental disorders (F01-F99)",F99
C0556008,F10-F19,Mental and behavioral disorders due to psychoactive substance use (F10-F19),F10
C0556008,F10-F19,Mental and behavioral disorders due to psychoactive substance use (F10-F19),F11
C0556008,F10-F19,Mental and behavioral disorders due to psychoactive substance use (F10-F19),F12
C0556008,F10-F19,Mental and behavioral disorders due to psychoactive substance use (F10-F19),F13
C0556008,F10-F19,Mental and behavioral disorders due to psychoactive substance use (F10-F19),F14
C0556008,F10-F19,Mental and behavioral disorders due to psychoactive substance use (F10-F19),F15
C0556008,F10-F19,Mental and behavioral disorders due to psychoactive substance use (F10-F19),F16
C0556008,F10-F19,Mental and behavioral disorders due to psychoactive substance use (F10-F19),F17
C0556008,F10-F19,Mental and behavioral disorders due to psychoactive substance use (F10-F19),F18
C0556008,F10-F19,Mental and behavioral disorders due to psychoactive substance use (F10-F19),F19
C2874857,F20-F29,"Schizophrenia, schizotypal, delusional, and other non-mood psychotic disorders (F20-F29)",F20
C2874857,F20-F29,"Schizophrenia, schizotypal, delusional, and other non-mood psychotic disorders (F20-F29)",F21
C2874857,F20-F29,"Schizophrenia, schizotypal, delusional, and other non-mood psychotic disorders (F20-F29)",F22
C2874857,F20-F29,"Schizophrenia, schizotypal, delusional, and other non-mood psychotic disorders (F20-F29)",F23
C2874857,F20-F29,"Schizophrenia, schizotypal, delusional, and other non-mood psychotic disorders (F20-F29)",F24
C2874857,F20-F29,"Schizophrenia, schizotypal, delusional, and other non-mood psychotic disorders (F20-F29)",F25
C2874857,F20-F29,"Schizophrenia, schizotypal, delusional, and other non-mood psychotic disorders (F20-F29)",F26
C2874857,F20-F29,"Schizophrenia, schizotypal, delusional, and other non-mood psychotic disorders (F20-F29)",F27
C2874857,F20-F29,"Schizophrenia, schizotypal, delusional, and other non-mood psychotic disorders (F20-F29)",F28
C2874857,F20-F29,"Schizophrenia, schizotypal, delusional, and other non-mood psychotic disorders (F20-F29)",F29
C0525045,F30-F39,Mood [affective] disorders (F30-F39),F30
C0525045,F30-F39,Mood [affective] disorders (F30-F39),F31
C0525045,F30-F39,Mood [affective] disorders (F30-F39),F32
C0525045,F30-F39,Mood [affective] disorders (F30-F39),F33
C0525045,F30-F39,Mood [affective] disorders (F30-F39),F34
C0525045,F30-F39,Mood [affective] disorders (F30-F39),F35
C0525045,F30-F39,Mood [affective] disorders (F30-F39),F36
C0525045,F30-F39,Mood [affective] disorders (F30-F39),F37
C0525045,F30-F39,Mood [affective] disorders (F30-F39),F38
C0525045,F30-F39,Mood [affective] disorders (F30-F39),F39
C2874935,F40-F48,"Anxiety, dissociative, stress-related, somatoform and other nonpsychotic mental disorders (F40-F48)",F40
C2874935,F40-F48,"Anxiety, dissociative, stress-related, somatoform and other nonpsychotic mental disorders (F40-F48)",F41
C2874935,F40-F48,"Anxiety, dissociative, stress-related, somatoform and other nonpsychotic mental disorders (F40-F48)",F42
C2874935,F40-F48,"Anxiety, dissociative, stress-related, somatoform and other nonpsychotic mental disorders (F40-F48)",F43
C2874935,F40-F48,"Anxiety, dissociative, stress-related, somatoform and other nonpsychotic mental disorders (F40-F48)",F44
C2874935,F40-F48,"Anxiety, dissociative, stress-related, somatoform and other nonpsychotic mental disorders (F40-F48)",F45
C2874935,F40-F48,"Anxiety, dissociative, stress-related, somatoform and other nonpsychotic mental disorders (F40-F48)",F46
C2874935,F40-F48,"Anxiety, dissociative, stress-related, somatoform and other nonpsychotic mental disorders (F40-F48)",F47
C2874935,F40-F48,"Anxiety, dissociative, stress-related, somatoform and other nonpsychotic mental disorders (F40-F48)",F48
C0349251,F50-F59,Behavioral syndromes associated with physiological disturbances and physical factors (F50-F59),F50
C0349251,F50-F59,Behavioral syndromes associated with physiological disturbances and physical factors (F50-F59),F51
C0349251,F50-F59,Behavioral syndromes associated with physiological disturbances and physical factors (F50-F59),F52
C0349251,F50-F59,Behavioral syndromes associated with physiological disturbances and physical factors (F50-F59),F53
C0349251,F50-F59,Behavioral syndromes associated with physiological disturbances and physical factors (F50-F59),F54
C0349251,F50-F59,Behavioral syndromes associated with physiological disturbances and physical factors (F50-F59),F55
C0349251,F50-F59,Behavioral syndromes associated with physiological disturbances and physical factors (F50-F59),F56
C0349251,F50-F59,Behavioral syndromes associated with physiological disturbances and physical factors (F50-F59),F57
C0349251,F50-F59,Behavioral syndromes associated with physiological disturbances and physical factors (F50-F59),F58
C0349251,F50-F59,Behavioral syndromes associated with physiological disturbances and physical factors (F50-F59),F59
C0349297,F60-F69,Disorders of adult personality and behavior (F60-F69),F60
C0349297,F60-F69,Disorders of adult personality and behavior (F60-F69),F61
C0349297,F60-F69,Disorders of adult personality and behavior (F60-F69),F62
C0349297,F60-F69,Disorders of adult personality and behavior (F60-F69),F63
C0349297,F60-F69,Disorders of adult personality and behavior (F60-F69),F64
C0349297,F60-F69,Disorders of adult personality and behavior (F60-F69),F65
C0349297,F60-F69,Disorders of adult personality and behavior (F60-F69),F66
C0349297,F60-F69,Disorders of adult personality and behavior (F60-F69),F67
C0349297,F60-F69,Disorders of adult personality and behavior (F60-F69),F68
C0349297,F60-F69,Disorders of adult personality and behavior (F60-F69),F69
C3263953,F70-F79,Intellectual Disabilities (F70-F79),F70
C3263953,F70-F79,Intellectual Disabilities (F70-F79),F71
C3263953,F70-F79,Intellectual Disabilities (F70-F79),F72
C3263953,F70-F79,Intellectual Disabilities (F70-F79),F73
C3263953,F70-F79,Intellectual Disabilities (F70-F79),F74
C3263953,F70-F79,Intellectual Disabilities (F70-F79),F75
C3263953,F70-F79,Intellectual Disabilities (F70-F79),F76
C3263953,F70-F79,Intellectual Disabilities (F70-F79),F77
C3263953,F70-F79,Intellectual Disabilities (F70-F79),F78
C3263953,F70-F79,Intellectual Disabilities (F70-F79),F79
C2874989,F80-F89,Pervasive and specific developmental disorders (F80-F89),F80
C2874989,F80-F89,Pervasive and specific developmental disorders (F80-F89),F81
C2874989,F80-F89,Pervasive and specific developmental disorders (F80-F89),F82
C2874989,F80-F89,Pervasive and specific developmental disorders (F80-F89),F83
C2874989,F80-F89,Pervasive and specific developmental disorders (F80-F89),F84
C2874989,F80-F89,Pervasive and specific developmental disorders (F80-F89),F85
C2874989,F80-F89,Pervasive and specific developmental disorders (F80-F89),F86
C2874989,F80-F89,Pervasive and specific developmental disorders (F80-F89),F87
C2874989,F80-F89,Pervasive and specific developmental disorders (F80-F89),F88
C2874989,F80-F89,Pervasive and specific developmental disorders (F80-F89),F89
C0349350,F90-F98,Behavioral and emotional disorders with onset usually occurring in childhood and adolescence (F90-F98),F90
C0349350,F90-F98,Behavioral and emotional disorders with onset usually occurring in childhood and adolescence (F90-F98),F91
C0349350,F90-F98,Behavioral and emotional disorders with onset usually occurring in childhood and adolescence (F90-F98),F92
C0349350,F90-F98,Behavioral and emotional disorders with onset usually occurring in childhood and adolescence (F90-F98),F93
C0349350,F90-F98,Behavioral and emotional disorders with onset usually occurring in childhood and adolescence (F90-F98),F94
C0349350,F90-F98,Behavioral and emotional disorders with onset usually occurring in childhood and adolescence (F90-F98),F95
C0349350,F90-F98,Behavioral and emotional disorders with onset usually occurring in childhood and adolescence (F90-F98),F96
C0349350,F90-F98,Behavioral and emotional disorders with onset usually occurring in childhood and adolescence (F90-F98),F97
C0349350,F90-F98,Behavioral and emotional disorders with onset usually occurring in childhood and adolescence (F90-F98),F98
C0004936,F99-F99,Unspecified mental disorder (F99),F99
C0178264,G00-G09,Inflammatory diseases of the central nervous system (G00-G09),G00
C0178264,G00-G09,Inflammatory diseases of the central nervous system (G00-G09),G01
C0178264,G00-G09,Inflammatory diseases of the central nervous system (G00-G09),G02
C0178264,G00-G09,Inflammatory diseases of the central nervous system (G00-G09),G03
C0178264,G00-G09,Inflammatory diseases of the central nervous system (G00-G09),G04
C0178264,G00-G09,Inflammatory diseases of the central nervous system (G00-G09),G05
C0178264,G00-G09,Inflammatory diseases of the central nervous system (G00-G09),G06
C0178264,G00-G09,Inflammatory diseases of the central nervous system (G00-G09),G07
C0178264,G00-G09,Inflammatory diseases of the central nervous system (G00-G09),G08
C0178264,G00-G09,Inflammatory diseases of the central nervous system (G00-G09),G09
C0027765,G00-G99,Diseases of the nervous system (G00-G99),G00
C0027765,G00-G99,Diseases of the nervous system (G00-G99),G01
C0027765,G00-G99,Diseases of the nervous system (G00-G99),G02
C0027765,G00-G99,Diseases of the nervous system (G00-G99),G03
C0027765,G00-G99,Diseases of the nervous system (G00-G99),G04
C0027765,G00-G99,Diseases of the nervous system (G00-G99),G05
C0027765,G00-G99,Diseases of the nervous system (G00-G99),G06
C0027765,G00-G99,Diseases of the nervous system (G00-G99),G07
C0027765,G00-G99,Diseases of the nervous system (G00-G99),G08
C0027765,G00-G99,Diseases of the nervous system (G00-G99),G09
C0027765,G00-G99,Diseases of the nervous system (G00-G99),G10
C0027765,G00-G99,Diseases of the nervous system (G00-G99),G11
C0027765,G00-G99,Diseases of the nervous system (G00-G99),G12
C0027765,G00-G99,Diseases of the nervous system (G00-G99),G13
C0027765,G00-G99,Diseases of the nervous system (G00-G99),G14
C0027765,G00-G99,Diseases of the nervous system (G00-G99),G15
C0027765,G00-G99,Diseases of the nervous system (G00-G99),G16
C0027765,G00-G99,Diseases of the nervous system (G00-G99),G17
C0027765,G00-G99,Diseases of the nervous system (G00-G99),G18
C0027765,G00-G99,Diseases of the nervous system (G00-G99),G19
C0027765,G00-G99,Diseases of the nervous system (G00-G99),G20
C0027765,G00-G99,Diseases of the nervous system (G00-G99),G21
C0027765,G00-G99,Diseases of the nervous system (G00-G99),G22
C0027765,G00-G99,Diseases of the nervous system (G00-G99),G23
C0027765,G00-G99,Diseases of the nervous system (G00-G99),G24
C0027765,G00-G99,Diseases of the nervous system (G00-G99),G25
C0027765,G00-G99,Diseases of the nervous system (G00-G99),G26
C0027765,G00-G99,Diseases of the nervous system (G00-G99),G27
C0027765,G00-G99,Diseases of the nervous system (G00-G99),G28
C0027765,G00-G99,Diseases of the nervous system (G00-G99),G29
C0027765,G00-G99,Diseases of the nervous system (G00-G99),G30
C0027765,G00-G99,Diseases of the nervous system (G00-G99),G31
C0027765,G00-G99,Diseases of the nervous system (G00-G99),G32
C0027765,G00-G99,Diseases of the nervous system (G00-G99),G33
C0027765,G00-G99,Diseases of the nervous system (G00-G99),G34
C0027765,G00-G99,Diseases of the nervous system (G00-G99),G35
C0027765,G00-G99,Diseases of the nervous system (G00-G99),G36
C0027765,G00-G99,Diseases of the nervous system (G00-G99),G37
C0027765,G00-G99,Diseases of the nervous system (G00-G99),G38
C0027765,G00-G99,Diseases of the nervous system (G00-G99),G39
C0027765,G00-G99,Diseases of the nervous system (G00-G99),G40
C0027765,G00-G99,Diseases of the nervous system (G00-G99),G41
C0027765,G00-G99,Diseases of the nervous system (G00-G99),G42
C0027765,G00-G99,Diseases of the nervous system (G00-G99),G43
C0027765,G00-G99,Diseases of the nervous system (G00-G99),G44
C0027765,G00-G99,Diseases of the nervous system (G00-G99),G45
C0027765,G00-G99,Diseases of the nervous system (G00-G99),G46
C0027765,G00-G99,Diseases of the nervous system (G00-G99),G47
C0027765,G00-G99,Diseases of the nervous system (G00-G99),G48
C0027765,G00-G99,Diseases of the nervous system (G00-G99),G49
C0027765,G00-G99,Diseases of the nervous system (G00-G99),G50
C0027765,G00-G99,Diseases of the nervous system (G00-G99),G51
C0027765,G00-G99,Diseases of the nervous system (G00-G99),G52
C0027765,G00-G99,Diseases of the nervous system (G00-G99),G53
C0027765,G00-G99,Diseases of the nervous system (G00-G99),G54
C0027765,G00-G99,Diseases of the nervous system (G00-G99),G55
C0027765,G00-G99,Diseases of the nervous system (G00-G99),G56
C0027765,G00-G99,Diseases of the nervous system (G00-G99),G57
C0027765,G00-G99,Diseases of the nervous system (G00-G99),G58
C0027765,G00-G99,Diseases of the nervous system (G00-G99),G59
C0027765,G00-G99,Diseases of the nervous system (G00-G99),G60
C0027765,G00-G99,Diseases of the nervous system (G00-G99),G61
C0027765,G00-G99,Diseases of the nervous system (G00-G99),G62
C0027765,G00-G99,Diseases of the nervous system (G00-G99),G63
C0027765,G00-G99,Diseases of the nervous system (G00-G99),G64
C0027765,G00-G99,Diseases of the nervous system (G00-G99),G65
C0027765,G00-G99,Diseases of the nervous system (G00-G99),G66
C0027765,G00-G99,Diseases of the nervous system (G00-G99),G67
C0027765,G00-G99,Diseases of the nervous system (G00-G99),G68
C0027765,G00-G99,Diseases of the nervous system (G00-G99),G69
C0027765,G00-G99,Diseases of the nervous system (G00-G99),G70
C0027765,G00-G99,Diseases of the nervous system (G00-G99),G71
C0027765,G00-G99,Diseases of the nervous system (G00-G99),G72
C0027765,G00-G99,Diseases of the nervous system (G00-G99),G73
C0027765,G00-G99,Diseases of the nervous system (G00-G99),G74
C0027765,G00-G99,Diseases of the nervous system (G00-G99),G75
C0027765,G00-G99,Diseases of the nervous system (G00-G99),G76
C0027765,G00-G99,Diseases of the nervous system (G00-G99),G77
C0027765,G00-G99,Diseases of the nervous system (G00-G99),G78
C0027765,G00-G99,Diseases of the nervous system (G00-G99),G79
C0027765,G00-G99,Diseases of the nervous system (G00-G99),G80
C0027765,G00-G99,Diseases of the nervous system (G00-G99),G81
C0027765,G00-G99,Diseases of the nervous system (G00-G99),G82
C0027765,G00-G99,Diseases of the nervous system (G00-G99),G83
C0027765,G00-G99,Diseases of the nervous system (G00-G99),G84
C0027765,G00-G99,Diseases of the nervous system (G00-G99),G85
C0027765,G00-G99,Diseases of the nervous system (G00-G99),G86
C0027765,G00-G99,Diseases of the nervous system (G00-G99),G87
C0027765,G00-G99,Diseases of the nervous system (G00-G99),G88
C0027765,G00-G99,Diseases of the nervous system (G00-G99),G89
C0027765,G00-G99,Diseases of the nervous system (G00-G99),G90
C0027765,G00-G99,Diseases of the nervous system (G00-G99),G91
C0027765,G00-G99,Diseases of the nervous system (G00-G99),G92
C0027765,G00-G99,Diseases of the nervous system (G00-G99),G93
C0027765,G00-G99,Diseases of the nervous system (G00-G99),G94
C0027765,G00-G99,Diseases of the nervous system (G00-G99),G95
C0027765,G00-G99,Diseases of the nervous system (G00-G99),G96
C0027765,G00-G99,Diseases of the nervous system (G00-G99),G97
C0027765,G00-G99,Diseases of the nervous system (G00-G99),G98
C0027765,G00-G99,Diseases of the nervous system (G00-G99),G99
C0477347,G10-G14,Systemic atrophies primarily affecting the central nervous system (G10-G14),G10
C0477347,G10-G14,Systemic atrophies primarily affecting the central nervous system (G10-G14),G11
C0477347,G10-G14,Systemic atrophies primarily affecting the central nervous system (G10-G14),G12
C0477347,G10-G14,Systemic atrophies primarily affecting the central nervous system (G10-G14),G13
C0477347,G10-G14,Systemic atrophies primarily affecting the central nervous system (G10-G14),G14
C0477355,G20-G26,Extrapyramidal and movement disorders (G20-G26),G20
C0477355,G20-G26,Extrapyramidal and movement disorders (G20-G26),G21
C0477355,G20-G26,Extrapyramidal and movement disorders (G20-G26),G22
C0477355,G20-G26,Extrapyramidal and movement disorders (G20-G26),G23
C0477355,G20-G26,Extrapyramidal and movement disorders (G20-G26),G24
C0477355,G20-G26,Extrapyramidal and movement disorders (G20-G26),G25
C0477355,G20-G26,Extrapyramidal and movement disorders (G20-G26),G26
C0393643,G30-G32,Other degenerative diseases of the nervous system (G30-G32),G30
C0393643,G30-G32,Other degenerative diseases of the nervous system (G30-G32),G31
C0393643,G30-G32,Other degenerative diseases of the nervous system (G30-G32),G32
C0011302,G35-G37,Demyelinating diseases of the central nervous system (G35-G37),G35
C0011302,G35-G37,Demyelinating diseases of the central nervous system (G35-G37),G36
C0011302,G35-G37,Demyelinating diseases of the central nervous system (G35-G37),G37
C0477369,G40-G47,Episodic and paroxysmal disorders (G40-G47),G40
C0477369,G40-G47,Episodic and paroxysmal disorders (G40-G47),G41
C0477369,G40-G47,Episodic and paroxysmal disorders (G40-G47),G42
C0477369,G40-G47,Episodic and paroxysmal disorders (G40-G47),G43
C0477369,G40-G47,Episodic and paroxysmal disorders (G40-G47),G44
C0477369,G40-G47,Episodic and paroxysmal disorders (G40-G47),G45
C0477369,G40-G47,Episodic and paroxysmal disorders (G40-G47),G46
C0477369,G40-G47,Episodic and paroxysmal disorders (G40-G47),G47
C0694454,G50-G59,"Nerve, nerve root and plexus disorders (G50-G59)",G50
C0694454,G50-G59,"Nerve, nerve root and plexus disorders (G50-G59)",G51
C0694454,G50-G59,"Nerve, nerve root and plexus disorders (G50-G59)",G52
C0694454,G50-G59,"Nerve, nerve root and plexus disorders (G50-G59)",G53
C0694454,G50-G59,"Nerve, nerve root and plexus disorders (G50-G59)",G54
C0694454,G50-G59,"Nerve, nerve root and plexus disorders (G50-G59)",G55
C0694454,G50-G59,"Nerve, nerve root and plexus disorders (G50-G59)",G56
C0694454,G50-G59,"Nerve, nerve root and plexus disorders (G50-G59)",G57
C0694454,G50-G59,"Nerve, nerve root and plexus disorders (G50-G59)",G58
C0694454,G50-G59,"Nerve, nerve root and plexus disorders (G50-G59)",G59
C2976882,G60-G65,Polyneuropathies and other disorders of the peripheral nervous system (G60-G65),G60
C2976882,G60-G65,Polyneuropathies and other disorders of the peripheral nervous system (G60-G65),G61
C2976882,G60-G65,Polyneuropathies and other disorders of the peripheral nervous system (G60-G65),G62
C2976882,G60-G65,Polyneuropathies and other disorders of the peripheral nervous system (G60-G65),G63
C2976882,G60-G65,Polyneuropathies and other disorders of the peripheral nervous system (G60-G65),G64
C2976882,G60-G65,Polyneuropathies and other disorders of the peripheral nervous system (G60-G65),G65
C0477403,G70-G73,Diseases of myoneural junction and muscle (G70-G73),G70
C0477403,G70-G73,Diseases of myoneural junction and muscle (G70-G73),G71
C0477403,G70-G73,Diseases of myoneural junction and muscle (G70-G73),G72
C0477403,G70-G73,Diseases of myoneural junction and muscle (G70-G73),G73
C0477414,G80-G83,Cerebral palsy and other paralytic syndromes (G80-G83),G80
C0477414,G80-G83,Cerebral palsy and other paralytic syndromes (G80-G83),G81
C0477414,G80-G83,Cerebral palsy and other paralytic syndromes (G80-G83),G82
C0477414,G80-G83,Cerebral palsy and other paralytic syndromes (G80-G83),G83
C0154725,G89-G99,Other disorders of the nervous system (G89-G99),G89
C0154725,G89-G99,Other disorders of the nervous system (G89-G99),G90
C0154725,G89-G99,Other disorders of the nervous system (G89-G99),G91
C0154725,G89-G99,Other disorders of the nervous system (G89-G99),G92
C0154725,G89-G99,Other disorders of the nervous system (G89-G99),G93
C0154725,G89-G99,Other disorders of the nervous system (G89-G99),G94
C0154725,G89-G99,Other disorders of the nervous system (G89-G99),G95
C0154725,G89-G99,Other disorders of the nervous system (G89-G99),G96
C0154725,G89-G99,Other disorders of the nervous system (G89-G99),G97
C0154725,G89-G99,Other disorders of the nervous system (G89-G99),G98
C0154725,G89-G99,Other disorders of the nervous system (G89-G99),G99
C0348508,H00-H05,"Disorders of eyelid, lacrimal system and orbit (H00-H05)",H00
C0348508,H00-H05,"Disorders of eyelid, lacrimal system and orbit (H00-H05)",H01
C0348508,H00-H05,"Disorders of eyelid, lacrimal system and orbit (H00-H05)",H02
C0348508,H00-H05,"Disorders of eyelid, lacrimal system and orbit (H00-H05)",H03
C0348508,H00-H05,"Disorders of eyelid, lacrimal system and orbit (H00-H05)",H04
C0348508,H00-H05,"Disorders of eyelid, lacrimal system and orbit (H00-H05)",H05
C1314803,H00-H59,Diseases of the eye and adnexa (H00-H59),H00
C1314803,H00-H59,Diseases of the eye and adnexa (H00-H59),H01
C1314803,H00-H59,Diseases of the eye and adnexa (H00-H59),H02
C1314803,H00-H59,Diseases of the eye and adnexa (H00-H59),H03
C1314803,H00-H59,Diseases of the eye and adnexa (H00-H59),H04
C1314803,H00-H59,Diseases of the eye and adnexa (H00-H59),H05
C1314803,H00-H59,Diseases of the eye and adnexa (H00-H59),H06
C1314803,H00-H59,Diseases of the eye and adnexa (H00-H59),H07
C1314803,H00-H59,Diseases of the eye and adnexa (H00-H59),H08
C1314803,H00-H59,Diseases of the eye and adnexa (H00-H59),H09
C1314803,H00-H59,Diseases of the eye and adnexa (H00-H59),H10
C1314803,H00-H59,Diseases of the eye and adnexa (H00-H59),H11
C1314803,H00-H59,Diseases of the eye and adnexa (H00-H59),H12
C1314803,H00-H59,Diseases of the eye and adnexa (H00-H59),H13
C1314803,H00-H59,Diseases of the eye and adnexa (H00-H59),H14
C1314803,H00-H59,Diseases of the eye and adnexa (H00-H59),H15
C1314803,H00-H59,Diseases of the eye and adnexa (H00-H59),H16
C1314803,H00-H59,Diseases of the eye and adnexa (H00-H59),H17
C1314803,H00-H59,Diseases of the eye and adnexa (H00-H59),H18
C1314803,H00-H59,Diseases of the eye and adnexa (H00-H59),H19
C1314803,H00-H59,Diseases of the eye and adnexa (H00-H59),H20
C1314803,H00-H59,Diseases of the eye and adnexa (H00-H59),H21
C1314803,H00-H59,Diseases of the eye and adnexa (H00-H59),H22
C1314803,H00-H59,Diseases of the eye and adnexa (H00-H59),H23
C1314803,H00-H59,Diseases of the eye and adnexa (H00-H59),H24
C1314803,H00-H59,Diseases of the eye and adnexa (H00-H59),H25
C1314803,H00-H59,Diseases of the eye and adnexa (H00-H59),H26
C1314803,H00-H59,Diseases of the eye and adnexa (H00-H59),H27
C1314803,H00-H59,Diseases of the eye and adnexa (H00-H59),H28
C1314803,H00-H59,Diseases of the eye and adnexa (H00-H59),H29
C1314803,H00-H59,Diseases of the eye and adnexa (H00-H59),H30
C1314803,H00-H59,Diseases of the eye and adnexa (H00-H59),H31
C1314803,H00-H59,Diseases of the eye and adnexa (H00-H59),H32
C1314803,H00-H59,Diseases of the eye and adnexa (H00-H59),H33
C1314803,H00-H59,Diseases of the eye and adnexa (H00-H59),H34
C1314803,H00-H59,Diseases of the eye and adnexa (H00-H59),H35
C1314803,H00-H59,Diseases of the eye and adnexa (H00-H59),H36
C1314803,H00-H59,Diseases of the eye and adnexa (H00-H59),H37
C1314803,H00-H59,Diseases of the eye and adnexa (H00-H59),H38
C1314803,H00-H59,Diseases of the eye and adnexa (H00-H59),H39
C1314803,H00-H59,Diseases of the eye and adnexa (H00-H59),H40
C1314803,H00-H59,Diseases of the eye and adnexa (H00-H59),H41
C1314803,H00-H59,Diseases of the eye and adnexa (H00-H59),H42
C1314803,H00-H59,Diseases of the eye and adnexa (H00-H59),H43
C1314803,H00-H59,Diseases of the eye and adnexa (H00-H59),H44
C1314803,H00-H59,Diseases of the eye and adnexa (H00-H59),H45
C1314803,H00-H59,Diseases of the eye and adnexa (H00-H59),H46
C1314803,H00-H59,Diseases of the eye and adnexa (H00-H59),H47
C1314803,H00-H59,Diseases of the eye and adnexa (H00-H59),H48
C1314803,H00-H59,Diseases of the eye and adnexa (H00-H59),H49
C1314803,H00-H59,Diseases of the eye and adnexa (H00-H59),H50
C1314803,H00-H59,Diseases of the eye and adnexa (H00-H59),H51
C1314803,H00-H59,Diseases of the eye and adnexa (H00-H59),H52
C1314803,H00-H59,Diseases of the eye and adnexa (H00-H59),H53
C1314803,H00-H59,Diseases of the eye and adnexa (H00-H59),H54
C1314803,H00-H59,Diseases of the eye and adnexa (H00-H59),H55
C1314803,H00-H59,Diseases of the eye and adnexa (H00-H59),H56
C1314803,H00-H59,Diseases of the eye and adnexa (H00-H59),H57
C1314803,H00-H59,Diseases of the eye and adnexa (H00-H59),H58
C1314803,H00-H59,Diseases of the eye and adnexa (H00-H59),H59
C0009759,H10-H11,Disorders of conjunctiva (H10-H11),H10
C0009759,H10-H11,Disorders of conjunctiva (H10-H11),H11
C0348525,H15-H22,"Disorders of sclera, cornea, iris and ciliary body (H15-H22)",H15
C0348525,H15-H22,"Disorders of sclera, cornea, iris and ciliary body (H15-H22)",H16
C0348525,H15-H22,"Disorders of sclera, cornea, iris and ciliary body (H15-H22)",H17
C0348525,H15-H22,"Disorders of sclera, cornea, iris and ciliary body (H15-H22)",H18
C0348525,H15-H22,"Disorders of sclera, cornea, iris and ciliary body (H15-H22)",H19
C0348525,H15-H22,"Disorders of sclera, cornea, iris and ciliary body (H15-H22)",H20
C0348525,H15-H22,"Disorders of sclera, cornea, iris and ciliary body (H15-H22)",H21
C0348525,H15-H22,"Disorders of sclera, cornea, iris and ciliary body (H15-H22)",H22
C0023308,H25-H28,Disorders of lens (H25-H28),H25
C0023308,H25-H28,Disorders of lens (H25-H28),H26
C0023308,H25-H28,Disorders of lens (H25-H28),H27
C0023308,H25-H28,Disorders of lens (H25-H28),H28
C0271022,H30-H36,Disorders of choroid and retina (H30-H36),H30
C0271022,H30-H36,Disorders of choroid and retina (H30-H36),H31
C0271022,H30-H36,Disorders of choroid and retina (H30-H36),H32
C0271022,H30-H36,Disorders of choroid and retina (H30-H36),H33
C0271022,H30-H36,Disorders of choroid and retina (H30-H36),H34
C0271022,H30-H36,Disorders of choroid and retina (H30-H36),H35
C0271022,H30-H36,Disorders of choroid and retina (H30-H36),H36
C0017601,H40-H42,Glaucoma (H40-H42),H40
C0017601,H40-H42,Glaucoma (H40-H42),H41
C0017601,H40-H42,Glaucoma (H40-H42),H42
C0348558,H43-H44,Disorders of vitreous body and globe (H43-H44),H43
C0348558,H43-H44,Disorders of vitreous body and globe (H43-H44),H44
C1533675,H46-H47,Disorders of optic nerve and visual pathways (H46-H47),H46
C1533675,H46-H47,Disorders of optic nerve and visual pathways (H46-H47),H47
C0348566,H49-H52,"Disorders of ocular muscles, binocular movement, accommodation and refraction (H49-H52)",H49
C0348566,H49-H52,"Disorders of ocular muscles, binocular movement, accommodation and refraction (H49-H52)",H50
C0348566,H49-H52,"Disorders of ocular muscles, binocular movement, accommodation and refraction (H49-H52)",H51
C0348566,H49-H52,"Disorders of ocular muscles, binocular movement, accommodation and refraction (H49-H52)",H52
C0348570,H53-H54,Visual disturbances and blindness (H53-H54),H53
C0348570,H53-H54,Visual disturbances and blindness (H53-H54),H54
C2976969,H55-H57,Other disorders of eye and adnexa (H55-H57),H55
C2976969,H55-H57,Other disorders of eye and adnexa (H55-H57),H56
C2976969,H55-H57,Other disorders of eye and adnexa (H55-H57),H57
C2976970,H59-H59,"Intraoperative and postprocedural complications and disorders of eye and adnexa, not elsewhere classified (H59)",H59
C0155388,H60-H62,Diseases of external ear (H60-H62),H60
C0155388,H60-H62,Diseases of external ear (H60-H62),H61
C0155388,H60-H62,Diseases of external ear (H60-H62),H62
C0178269,H60-H95,Diseases of the ear and mastoid process (H60-H95),H60
C0178269,H60-H95,Diseases of the ear and mastoid process (H60-H95),H61
C0178269,H60-H95,Diseases of the ear and mastoid process (H60-H95),H62
C0178269,H60-H95,Diseases of the ear and mastoid process (H60-H95),H63
C0178269,H60-H95,Diseases of the ear and mastoid process (H60-H95),H64
C0178269,H60-H95,Diseases of the ear and mastoid process (H60-H95),H65
C0178269,H60-H95,Diseases of the ear and mastoid process (H60-H95),H66
C0178269,H60-H95,Diseases of the ear and mastoid process (H60-H95),H67
C0178269,H60-H95,Diseases of the ear and mastoid process (H60-H95),H68
C0178269,H60-H95,Diseases of the ear and mastoid process (H60-H95),H69
C0178269,H60-H95,Diseases of the ear and mastoid process (H60-H95),H70
C0178269,H60-H95,Diseases of the ear and mastoid process (H60-H95),H71
C0178269,H60-H95,Diseases of the ear and mastoid process (H60-H95),H72
C0178269,H60-H95,Diseases of the ear and mastoid process (H60-H95),H73
C0178269,H60-H95,Diseases of the ear and mastoid process (H60-H95),H74
C0178269,H60-H95,Diseases of the ear and mastoid process (H60-H95),H75
C0178269,H60-H95,Diseases of the ear and mastoid process (H60-H95),H76
C0178269,H60-H95,Diseases of the ear and mastoid process (H60-H95),H77
C0178269,H60-H95,Diseases of the ear and mastoid process (H60-H95),H78
C0178269,H60-H95,Diseases of the ear and mastoid process (H60-H95),H79
C0178269,H60-H95,Diseases of the ear and mastoid process (H60-H95),H80
C0178269,H60-H95,Diseases of the ear and mastoid process (H60-H95),H81
C0178269,H60-H95,Diseases of the ear and mastoid process (H60-H95),H82
C0178269,H60-H95,Diseases of the ear and mastoid process (H60-H95),H83
C0178269,H60-H95,Diseases of the ear and mastoid process (H60-H95),H84
C0178269,H60-H95,Diseases of the ear and mastoid process (H60-H95),H85
C0178269,H60-H95,Diseases of the ear and mastoid process (H60-H95),H86
C0178269,H60-H95,Diseases of the ear and mastoid process (H60-H95),H87
C0178269,H60-H95,Diseases of the ear and mastoid process (H60-H95),H88
C0178269,H60-H95,Diseases of the ear and mastoid process (H60-H95),H89
C0178269,H60-H95,Diseases of the ear and mastoid process (H60-H95),H90
C0178269,H60-H95,Diseases of the ear and mastoid process (H60-H95),H91
C0178269,H60-H95,Diseases of the ear and mastoid process (H60-H95),H92
C0178269,H60-H95,Diseases of the ear and mastoid process (H60-H95),H93
C0178269,H60-H95,Diseases of the ear and mastoid process (H60-H95),H94
C0178269,H60-H95,Diseases of the ear and mastoid process (H60-H95),H95
C0477442,H65-H75,Diseases of middle ear and mastoid (H65-H75),H65
C0477442,H65-H75,Diseases of middle ear and mastoid (H65-H75),H66
C0477442,H65-H75,Diseases of middle ear and mastoid (H65-H75),H67
C0477442,H65-H75,Diseases of middle ear and mastoid (H65-H75),H68
C0477442,H65-H75,Diseases of middle ear and mastoid (H65-H75),H69
C0477442,H65-H75,Diseases of middle ear and mastoid (H65-H75),H70
C0477442,H65-H75,Diseases of middle ear and mastoid (H65-H75),H71
C0477442,H65-H75,Diseases of middle ear and mastoid (H65-H75),H72
C0477442,H65-H75,Diseases of middle ear and mastoid (H65-H75),H73
C0477442,H65-H75,Diseases of middle ear and mastoid (H65-H75),H74
C0477442,H65-H75,Diseases of middle ear and mastoid (H65-H75),H75
C0494559,H80-H83,Diseases of inner ear (H80-H83),H80
C0494559,H80-H83,Diseases of inner ear (H80-H83),H81
C0494559,H80-H83,Diseases of inner ear (H80-H83),H82
C0494559,H80-H83,Diseases of inner ear (H80-H83),H83
C2976971,H90-H94,Other disorders of ear (H90-H94),H90
C2976971,H90-H94,Other disorders of ear (H90-H94),H91
C2976971,H90-H94,Other disorders of ear (H90-H94),H92
C2976971,H90-H94,Other disorders of ear (H90-H94),H93
C2976971,H90-H94,Other disorders of ear (H90-H94),H94
C2976972,H95-H95,"Intraoperative and postprocedural complications and disorders of ear and mastoid process, not elsewhere classified (H95)",H95
C0035436,I00-I02,Acute rheumatic fever (I00-I02),I00
C0035436,I00-I02,Acute rheumatic fever (I00-I02),I01
C0035436,I00-I02,Acute rheumatic fever (I00-I02),I02
C0728936,I00-I99,Diseases of the circulatory system (I00-I99),I00
C0728936,I00-I99,Diseases of the circulatory system (I00-I99),I01
C0728936,I00-I99,Diseases of the circulatory system (I00-I99),I02
C0728936,I00-I99,Diseases of the circulatory system (I00-I99),I03
C0728936,I00-I99,Diseases of the circulatory system (I00-I99),I04
C0728936,I00-I99,Diseases of the circulatory system (I00-I99),I05
C0728936,I00-I99,Diseases of the circulatory system (I00-I99),I06
C0728936,I00-I99,Diseases of the circulatory system (I00-I99),I07
C0728936,I00-I99,Diseases of the circulatory system (I00-I99),I08
C0728936,I00-I99,Diseases of the circulatory system (I00-I99),I09
C0728936,I00-I99,Diseases of the circulatory system (I00-I99),I10
C0728936,I00-I99,Diseases of the circulatory system (I00-I99),I11
C0728936,I00-I99,Diseases of the circulatory system (I00-I99),I12
C0728936,I00-I99,Diseases of the circulatory system (I00-I99),I13
C0728936,I00-I99,Diseases of the circulatory system (I00-I99),I14
C0728936,I00-I99,Diseases of the circulatory system (I00-I99),I15
C0728936,I00-I99,Diseases of the circulatory system (I00-I99),I16
C0728936,I00-I99,Diseases of the circulatory system (I00-I99),I17
C0728936,I00-I99,Diseases of the circulatory system (I00-I99),I18
C0728936,I00-I99,Diseases of the circulatory system (I00-I99),I19
C0728936,I00-I99,Diseases of the circulatory system (I00-I99),I20
C0728936,I00-I99,Diseases of the circulatory system (I00-I99),I21
C0728936,I00-I99,Diseases of the circulatory system (I00-I99),I22
C0728936,I00-I99,Diseases of the circulatory system (I00-I99),I23
C0728936,I00-I99,Diseases of the circulatory system (I00-I99),I24
C0728936,I00-I99,Diseases of the circulatory system (I00-I99),I25
C0728936,I00-I99,Diseases of the circulatory system (I00-I99),I26
C0728936,I00-I99,Diseases of the circulatory system (I00-I99),I27
C0728936,I00-I99,Diseases of the circulatory system (I00-I99),I28
C0728936,I00-I99,Diseases of the circulatory system (I00-I99),I29
C0728936,I00-I99,Diseases of the circulatory system (I00-I99),I30
C0728936,I00-I99,Diseases of the circulatory system (I00-I99),I31
C0728936,I00-I99,Diseases of the circulatory system (I00-I99),I32
C0728936,I00-I99,Diseases of the circulatory system (I00-I99),I33
C0728936,I00-I99,Diseases of the circulatory system (I00-I99),I34
C0728936,I00-I99,Diseases of the circulatory system (I00-I99),I35
C0728936,I00-I99,Diseases of the circulatory system (I00-I99),I36
C0728936,I00-I99,Diseases of the circulatory system (I00-I99),I37
C0728936,I00-I99,Diseases of the circulatory system (I00-I99),I38
C0728936,I00-I99,Diseases of the circulatory system (I00-I99),I39
C0728936,I00-I99,Diseases of the circulatory system (I00-I99),I40
C0728936,I00-I99,Diseases of the circulatory system (I00-I99),I41
C0728936,I00-I99,Diseases of the circulatory system (I00-I99),I42
C0728936,I00-I99,Diseases of the circulatory system (I00-I99),I43
C0728936,I00-I99,Diseases of the circulatory system (I00-I99),I44
C0728936,I00-I99,Diseases of the circulatory system (I00-I99),I45
C0728936,I00-I99,Diseases of the circulatory system (I00-I99),I46
C0728936,I00-I99,Diseases of the circulatory system (I00-I99),I47
C0728936,I00-I99,Diseases of the circulatory system (I00-I99),I48
C0728936,I00-I99,Diseases of the circulatory system (I00-I99),I49
C0728936,I00-I99,Diseases of the circulatory system (I00-I99),I50
C0728936,I00-I99,Diseases of the circulatory system (I00-I99),I51
C0728936,I00-I99,Diseases of the circulatory system (I00-I99),I52
C0728936,I00-I99,Diseases of the circulatory system (I00-I99),I53
C0728936,I00-I99,Diseases of the circulatory system (I00-I99),I54
C0728936,I00-I99,Diseases of the circulatory system (I00-I99),I55
C0728936,I00-I99,Diseases of the circulatory system (I00-I99),I56
C0728936,I00-I99,Diseases of the circulatory system (I00-I99),I57
C0728936,I00-I99,Diseases of the circulatory system (I00-I99),I58
C0728936,I00-I99,Diseases of the circulatory system (I00-I99),I59
C0728936,I00-I99,Diseases of the circulatory system (I00-I99),I60
C0728936,I00-I99,Diseases of the circulatory system (I00-I99),I61
C0728936,I00-I99,Diseases of the circulatory system (I00-I99),I62
C0728936,I00-I99,Diseases of the circulatory system (I00-I99),I63
C0728936,I00-I99,Diseases of the circulatory system (I00-I99),I64
C0728936,I00-I99,Diseases of the circulatory system (I00-I99),I65
C0728936,I00-I99,Diseases of the circulatory system (I00-I99),I66
C0728936,I00-I99,Diseases of the circulatory system (I00-I99),I67
C0728936,I00-I99,Diseases of the circulatory system (I00-I99),I68
C0728936,I00-I99,Diseases of the circulatory system (I00-I99),I69
C0728936,I00-I99,Diseases of the circulatory system (I00-I99),I70
C0728936,I00-I99,Diseases of the circulatory system (I00-I99),I71
C0728936,I00-I99,Diseases of the circulatory system (I00-I99),I72
C0728936,I00-I99,Diseases of the circulatory system (I00-I99),I73
C0728936,I00-I99,Diseases of the circulatory system (I00-I99),I74
C0728936,I00-I99,Diseases of the circulatory system (I00-I99),I75
C0728936,I00-I99,Diseases of the circulatory system (I00-I99),I76
C0728936,I00-I99,Diseases of the circulatory system (I00-I99),I77
C0728936,I00-I99,Diseases of the circulatory system (I00-I99),I78
C0728936,I00-I99,Diseases of the circulatory system (I00-I99),I79
C0728936,I00-I99,Diseases of the circulatory system (I00-I99),I80
C0728936,I00-I99,Diseases of the circulatory system (I00-I99),I81
C0728936,I00-I99,Diseases of the circulatory system (I00-I99),I82
C0728936,I00-I99,Diseases of the circulatory system (I00-I99),I83
C0728936,I00-I99,Diseases of the circulatory system (I00-I99),I84
C0728936,I00-I99,Diseases of the circulatory system (I00-I99),I85
C0728936,I00-I99,Diseases of the circulatory system (I00-I99),I86
C0728936,I00-I99,Diseases of the circulatory system (I00-I99),I87
C0728936,I00-I99,Diseases of the circulatory system (I00-I99),I88
C0728936,I00-I99,Diseases of the circulatory system (I00-I99),I89
C0728936,I00-I99,Diseases of the circulatory system (I00-I99),I90
C0728936,I00-I99,Diseases of the circulatory system (I00-I99),I91
C0728936,I00-I99,Diseases of the circulatory system (I00-I99),I92
C0728936,I00-I99,Diseases of the circulatory system (I00-I99),I93
C0728936,I00-I99,Diseases of the circulatory system (I00-I99),I94
C0728936,I00-I99,Diseases of the circulatory system (I00-I99),I95
C0728936,I00-I99,Diseases of the circulatory system (I00-I99),I96
C0728936,I00-I99,Diseases of the circulatory system (I00-I99),I97
C0728936,I00-I99,Diseases of the circulatory system (I00-I99),I98
C0728936,I00-I99,Diseases of the circulatory system (I00-I99),I99
C0175708,I05-I09,Chronic rheumatic heart diseases (I05-I09),I05
C0175708,I05-I09,Chronic rheumatic heart diseases (I05-I09),I06
C0175708,I05-I09,Chronic rheumatic heart diseases (I05-I09),I07
C0175708,I05-I09,Chronic rheumatic heart diseases (I05-I09),I08
C0175708,I05-I09,Chronic rheumatic heart diseases (I05-I09),I09
C5819690,I10-I1A,Hypertensive diseases (I10-I1A),I10
C5819690,I10-I1A,Hypertensive diseases (I10-I1A),I1A
C0151744,I20-I25,Ischemic heart diseases (I20-I25),I20
C0151744,I20-I25,Ischemic heart diseases (I20-I25),I21
C0151744,I20-I25,Ischemic heart diseases (I20-I25),I22
C0151744,I20-I25,Ischemic heart diseases (I20-I25),I23
C0151744,I20-I25,Ischemic heart diseases (I20-I25),I24
C0151744,I20-I25,Ischemic heart diseases (I20-I25),I25
C0700195,I26-I28,Pulmonary heart disease and diseases of pulmonary circulation (I26-I28),I26
C0700195,I26-I28,Pulmonary heart disease and diseases of pulmonary circulation (I26-I28),I27
C0700195,I26-I28,Pulmonary heart disease and diseases of pulmonary circulation (I26-I28),I28
C5539397,I30-I5A,Other forms of heart disease (I30-I5A),I30
C5539397,I30-I5A,Other forms of heart disease (I30-I5A),I5A
C0007820,I60-I69,Cerebrovascular diseases (I60-I69),I60
C0007820,I60-I69,Cerebrovascular diseases (I60-I69),I61
C0007820,I60-I69,Cerebrovascular diseases (I60-I69),I62
C0007820,I60-I69,Cerebrovascular diseases (I60-I69),I63
C0007820,I60-I69,Cerebrovascular diseases (I60-I69),I64
C0007820,I60-I69,Cerebrovascular diseases (I60-I69),I65
C0007820,I60-I69,Cerebrovascular diseases (I60-I69),I66
C0007820,I60-I69,Cerebrovascular diseases (I60-I69),I67
C0007820,I60-I69,Cerebrovascular diseases (I60-I69),I68
C0007820,I60-I69,Cerebrovascular diseases (I60-I69),I69
C0178274,I70-I79,"Diseases of arteries, arterioles and capillaries (I70-I79)",I70
C0178274,I70-I79,"Diseases of arteries, arterioles and capillaries (I70-I79)",I71
C0178274,I70-I79,"Diseases of arteries, arterioles and capillaries (I70-I79)",I72
C0178274,I70-I79,"Diseases of arteries, arterioles and capillaries (I70-I79)",I73
C0178274,I70-I79,"Diseases of arteries, arterioles and capillaries (I70-I79)",I74
C0178274,I70-I79,"Diseases of arteries, arterioles and capillaries (I70-I79)",I75
C0178274,I70-I79,"Diseases of arteries, arterioles and capillaries (I70-I79)",I76
C0178274,I70-I79,"Diseases of arteries, arterioles and capillaries (I70-I79)",I77
C0178274,I70-I79,"Diseases of arteries, arterioles and capillaries (I70-I79)",I78
C0178274,I70-I79,"Diseases of arteries, arterioles and capillaries (I70-I79)",I79
C0869055,I80-I89,"Diseases of veins, lymphatic vessels and lymph nodes, not elsewhere classified (I80-I89)",I80
C0869055,I80-I89,"Diseases of veins, lymphatic vessels and lymph nodes, not elsewhere classified (I80-I89)",I81
C0869055,I80-I89,"Diseases of veins, lymphatic vessels and lymph nodes, not elsewhere classified (I80-I89)",I82
C0869055,I80-I89,"Diseases of veins, lymphatic vessels and lymph nodes, not elsewhere classified (I80-I89)",I83
C0869055,I80-I89,"Diseases of veins, lymphatic vessels and lymph nodes, not elsewhere classified (I80-I89)",I84
C0869055,I80-I89,"Diseases of veins, lymphatic vessels and lymph nodes, not elsewhere classified (I80-I89)",I85
C0869055,I80-I89,"Diseases of veins, lymphatic vessels and lymph nodes, not elsewhere classified (I80-I89)",I86
C0869055,I80-I89,"Diseases of veins, lymphatic vessels and lymph nodes, not elsewhere classified (I80-I89)",I87
C0869055,I80-I89,"Diseases of veins, lymphatic vessels and lymph nodes, not elsewhere classified (I80-I89)",I88
C0869055,I80-I89,"Diseases of veins, lymphatic vessels and lymph nodes, not elsewhere classified (I80-I89)",I89
C0348668,I95-I99,Other and unspecified disorders of the circulatory system (I95-I99),I95
C0348668,I95-I99,Other and unspecified disorders of the circulatory system (I95-I99),I96
C0348668,I95-I99,Other and unspecified disorders of the circulatory system (I95-I99),I97
C0348668,I95-I99,Other and unspecified disorders of the circulatory system (I95-I99),I98
C0348668,I95-I99,Other and unspecified disorders of the circulatory system (I95-I99),I99
C0264222,J00-J06,Acute upper respiratory infections (J00-J06),J00
C0264222,J00-J06,Acute upper respiratory infections (J00-J06),J01
C0264222,J00-J06,Acute upper respiratory infections (J00-J06),J02
C0264222,J00-J06,Acute upper respiratory infections (J00-J06),J03
C0264222,J00-J06,Acute upper respiratory infections (J00-J06),J04
C0264222,J00-J06,Acute upper respiratory infections (J00-J06),J05
C0264222,J00-J06,Acute upper respiratory infections (J00-J06),J06
C0035204,J00-J99,Diseases of the respiratory system (J00-J99),J00
C0035204,J00-J99,Diseases of the respiratory system (J00-J99),J01
C0035204,J00-J99,Diseases of the respiratory system (J00-J99),J02
C0035204,J00-J99,Diseases of the respiratory system (J00-J99),J03
C0035204,J00-J99,Diseases of the respiratory system (J00-J99),J04
C0035204,J00-J99,Diseases of the respiratory system (J00-J99),J05
C0035204,J00-J99,Diseases of the respiratory system (J00-J99),J06
C0035204,J00-J99,Diseases of the respiratory system (J00-J99),J07
C0035204,J00-J99,Diseases of the respiratory system (J00-J99),J08
C0035204,J00-J99,Diseases of the respiratory system (J00-J99),J09
C0035204,J00-J99,Diseases of the respiratory system (J00-J99),J10
C0035204,J00-J99,Diseases of the respiratory system (J00-J99),J11
C0035204,J00-J99,Diseases of the respiratory system (J00-J99),J12
C0035204,J00-J99,Diseases of the respiratory system (J00-J99),J13
C0035204,J00-J99,Diseases of the respiratory system (J00-J99),J14
C0035204,J00-J99,Diseases of the respiratory system (J00-J99),J15
C0035204,J00-J99,Diseases of the respiratory system (J00-J99),J16
C0035204,J00-J99,Diseases of the respiratory system (J00-J99),J17
C0035204,J00-J99,Diseases of the respiratory system (J00-J99),J18
C0035204,J00-J99,Diseases of the respiratory system (J00-J99),J19
C0035204,J00-J99,Diseases of the respiratory system (J00-J99),J20
C0035204,J00-J99,Diseases of the respiratory system (J00-J99),J21
C0035204,J00-J99,Diseases of the respiratory system (J00-J99),J22
C0035204,J00-J99,Diseases of the respiratory system (J00-J99),J23
C0035204,J00-J99,Diseases of the respiratory system (J00-J99),J24
C0035204,J00-J99,Diseases of the respiratory system (J00-J99),J25
C0035204,J00-J99,Diseases of the respiratory system (J00-J99),J26
C0035204,J00-J99,Diseases of the respiratory system (J00-J99),J27
C0035204,J00-J99,Diseases of the respiratory system (J00-J99),J28
C0035204,J00-J99,Diseases of the respiratory system (J00-J99),J29
C0035204,J00-J99,Diseases of the respiratory system (J00-J99),J30
C0035204,J00-J99,Diseases of the respiratory system (J00-J99),J31
C0035204,J00-J99,Diseases of the respiratory system (J00-J99),J32
C0035204,J00-J99,Diseases of the respiratory system (J00-J99),J33
C0035204,J00-J99,Diseases of the respiratory system (J00-J99),J34
C0035204,J00-J99,Diseases of the respiratory system (J00-J99),J35
C0035204,J00-J99,Diseases of the respiratory system (J00-J99),J36
C0035204,J00-J99,Diseases of the respiratory system (J00-J99),J37
C0035204,J00-J99,Diseases of the respiratory system (J00-J99),J38
C0035204,J00-J99,Diseases of the respiratory system (J00-J99),J39
C0035204,J00-J99,Diseases of the respiratory system (J00-J99),J40
C0035204,J00-J99,Diseases of the respiratory system (J00-J99),J41
C0035204,J00-J99,Diseases of the respiratory system (J00-J99),J42
C0035204,J00-J99,Diseases of the respiratory system (J00-J99),J43
C0035204,J00-J99,Diseases of the respiratory system (J00-J99),J44
C0035204,J00-J99,Diseases of the respiratory system (J00-J99),J45
C0035204,J00-J99,Diseases of the respiratory system (J00-J99),J46
C0035204,J00-J99,Diseases of the respiratory system (J00-J99),J47
C0035204,J00-J99,Diseases of the respiratory system (J00-J99),J48
C0035204,J00-J99,Diseases of the respiratory system (J00-J99),J49
C0035204,J00-J99,Diseases of the respiratory system (J00-J99),J50
C0035204,J00-J99,Diseases of the respiratory system (J00-J99),J51
C0035204,J00-J99,Diseases of the respiratory system (J00-J99),J52
C0035204,J00-J99,Diseases of the respiratory system (J00-J99),J53
C0035204,J00-J99,Diseases of the respiratory system (J00-J99),J54
C0035204,J00-J99,Diseases of the respiratory system (J00-J99),J55
C0035204,J00-J99,Diseases of the respiratory system (J00-J99),J56
C0035204,J00-J99,Diseases of the respiratory system (J00-J99),J57
C0035204,J00-J99,Diseases of the respiratory system (J00-J99),J58
C0035204,J00-J99,Diseases of the respiratory system (J00-J99),J59
C0035204,J00-J99,Diseases of the respiratory system (J00-J99),J60
C0035204,J00-J99,Diseases of the respiratory system (J00-J99),J61
C0035204,J00-J99,Diseases of the respiratory system (J00-J99),J62
C0035204,J00-J99,Diseases of the respiratory system (J00-J99),J63
C0035204,J00-J99,Diseases of the respiratory system (J00-J99),J64
C0035204,J00-J99,Diseases of the respiratory system (J00-J99),J65
C0035204,J00-J99,Diseases of the respiratory system (J00-J99),J66
C0035204,J00-J99,Diseases of the respiratory system (J00-J99),J67
C0035204,J00-J99,Diseases of the respiratory system (J00-J99),J68
C0035204,J00-J99,Diseases of the respiratory system (J00-J99),J69
C0035204,J00-J99,Diseases of the respiratory system (J00-J99),J70
C0035204,J00-J99,Diseases of the respiratory system (J00-J99),J71
C0035204,J00-J99,Diseases of the respiratory system (J00-J99),J72
C0035204,J00-J99,Diseases of the respiratory system (J00-J99),J73
C0035204,J00-J99,Diseases of the respiratory system (J00-J99),J74
C0035204,J00-J99,Diseases of the respiratory system (J00-J99),J75
C0035204,J00-J99,Diseases of the respiratory system (J00-J99),J76
C0035204,J00-J99,Diseases of the respiratory system (J00-J99),J77
C0035204,J00-J99,Diseases of the respiratory system (J00-J99),J78
C0035204,J00-J99,Diseases of the respiratory system (J00-J99),J79
C0035204,J00-J99,Diseases of the respiratory system (J00-J99),J80
C0035204,J00-J99,Diseases of the respiratory system (J00-J99),J81
C0035204,J00-J99,Diseases of the respiratory system (J00-J99),J82
C0035204,J00-J99,Diseases of the respiratory system (J00-J99),J83
C0035204,J00-J99,Diseases of the respiratory system (J00-J99),J84
C0035204,J00-J99,Diseases of the respiratory system (J00-J99),J85
C0035204,J00-J99,Diseases of the respiratory system (J00-J99),J86
C0035204,J00-J99,Diseases of the respiratory system (J00-J99),J87
C0035204,J00-J99,Diseases of the respiratory system (J00-J99),J88
C0035204,J00-J99,Diseases of the respiratory system (J00-J99),J89
C0035204,J00-J99,Diseases of the respiratory system (J00-J99),J90
C0035204,J00-J99,Diseases of the respiratory system (J00-J99),J91
C0035204,J00-J99,Diseases of the respiratory system (J00-J99),J92
C0035204,J00-J99,Diseases of the respiratory system (J00-J99),J93
C0035204,J00-J99,Diseases of the respiratory system (J00-J99),J94
C0035204,J00-J99,Diseases of the respiratory system (J00-J99),J95
C0035204,J00-J99,Diseases of the respiratory system (J00-J99),J96
C0035204,J00-J99,Diseases of the respiratory system (J00-J99),J97
C0035204,J00-J99,Diseases of the respiratory system (J00-J99),J98
C0035204,J00-J99,Diseases of the respiratory system (J00-J99),J99
C0155870,J09-J18,Influenza and pneumonia (J09-J18),J09
C0155870,J09-J18,Influenza and pneumonia (J09-J18),J10
C0155870,J09-J18,Influenza and pneumonia (J09-J18),J11
C0155870,J09-J18,Influenza and pneumonia (J09-J18),J12
C0155870,J09-J18,Influenza and pneumonia (J09-J18),J13
C0155870,J09-J18,Influenza and pneumonia (J09-J18),J14
C0155870,J09-J18,Influenza and pneumonia (J09-J18),J15
C0155870,J09-J18,Influenza and pneumonia (J09-J18),J16
C0155870,J09-J18,Influenza and pneumonia (J09-J18),J17
C0155870,J09-J18,Influenza and pneumonia (J09-J18),J18
C0348686,J20-J22,Other acute lower respiratory infections (J20-J22),J20
C0348686,J20-J22,Other acute lower respiratory infections (J20-J22),J21
C0348686,J20-J22,Other acute lower respiratory infections (J20-J22),J22
C0155839,J30-J39,Other diseases of upper respiratory tract (J30-J39),J30
C0155839,J30-J39,Other diseases of upper respiratory tract (J30-J39),J31
C0155839,J30-J39,Other diseases of upper respiratory tract (J30-J39),J32
C0155839,J30-J39,Other diseases of upper respiratory tract (J30-J39),J33
C0155839,J30-J39,Other diseases of upper respiratory tract (J30-J39),J34
C0155839,J30-J39,Other diseases of upper respiratory tract (J30-J39),J35
C0155839,J30-J39,Other diseases of upper respiratory tract (J30-J39),J36
C0155839,J30-J39,Other diseases of upper respiratory tract (J30-J39),J37
C0155839,J30-J39,Other diseases of upper respiratory tract (J30-J39),J38
C0155839,J30-J39,Other diseases of upper respiratory tract (J30-J39),J39
C5819691,J40-J4A,Chronic lower respiratory diseases (J40-J4A),J40
C5819691,J40-J4A,Chronic lower respiratory diseases (J40-J4A),J4A
C0340139,J60-J70,Lung diseases due to external agents (J60-J70),J60
C0340139,J60-J70,Lung diseases due to external agents (J60-J70),J61
C0340139,J60-J70,Lung diseases due to external agents (J60-J70),J62
C0340139,J60-J70,Lung diseases due to external agents (J60-J70),J63
C0340139,J60-J70,Lung diseases due to external agents (J60-J70),J64
C0340139,J60-J70,Lung diseases due to external agents (J60-J70),J65
C0340139,J60-J70,Lung diseases due to external agents (J60-J70),J66
C0340139,J60-J70,Lung diseases due to external agents (J60-J70),J67
C0340139,J60-J70,Lung diseases due to external agents (J60-J70),J68
C0340139,J60-J70,Lung diseases due to external agents (J60-J70),J69
C0340139,J60-J70,Lung diseases due to external agents (J60-J70),J70
C0348702,J80-J84,Other respiratory diseases principally affecting the interstitium (J80-J84),J80
C0348702,J80-J84,Other respiratory diseases principally affecting the interstitium (J80-J84),J81
C0348702,J80-J84,Other respiratory diseases principally affecting the interstitium (J80-J84),J82
C0348702,J80-J84,Other respiratory diseases principally affecting the interstitium (J80-J84),J83
C0348702,J80-J84,Other respiratory diseases principally affecting the interstitium (J80-J84),J84
C0348705,J85-J86,Suppurative and necrotic conditions of the lower respiratory tract (J85-J86),J85
C0348705,J85-J86,Suppurative and necrotic conditions of the lower respiratory tract (J85-J86),J86
C0348706,J90-J94,Other diseases of the pleura (J90-J94),J90
C0348706,J90-J94,Other diseases of the pleura (J90-J94),J91
C0348706,J90-J94,Other diseases of the pleura (J90-J94),J92
C0348706,J90-J94,Other diseases of the pleura (J90-J94),J93
C0348706,J90-J94,Other diseases of the pleura (J90-J94),J94
C2887491,J95-J95,"Intraoperative and postprocedural complications and disorders of respiratory system, not elsewhere classified (J95)",J95
C0029582,J96-J99,Other diseases of the respiratory system (J96-J99),J96
C0029582,J96-J99,Other diseases of the respiratory system (J96-J99),J97
C0029582,J96-J99,Other diseases of the respiratory system (J96-J99),J98
C0029582,J96-J99,Other diseases of the respiratory system (J96-J99),J99
C0266988,K00-K14,Diseases of oral cavity and salivary glands (K00-K14),K00
C0266988,K00-K14,Diseases of oral cavity and salivary glands (K00-K14),K01
C0266988,K00-K14,Diseases of oral cavity and salivary glands (K00-K14),K02
C0266988,K00-K14,Diseases of oral cavity and salivary glands (K00-K14),K03
C0266988,K00-K14,Diseases of oral cavity and salivary glands (K00-K14),K04
C0266988,K00-K14,Diseases of oral cavity and salivary glands (K00-K14),K05
C0266988,K00-K14,Diseases of oral cavity and salivary glands (K00-K14),K06
C0266988,K00-K14,Diseases of oral cavity and salivary glands (K00-K14),K07
C0266988,K00-K14,Diseases of oral cavity and salivary glands (K00-K14),K08
C0266988,K00-K14,Diseases of oral cavity and salivary glands (K00-K14),K09
C0266988,K00-K14,Diseases of oral cavity and salivary glands (K00-K14),K10
C0266988,K00-K14,Diseases of oral cavity and salivary glands (K00-K14),K11
C0266988,K00-K14,Diseases of oral cavity and salivary glands (K00-K14),K12
C0266988,K00-K14,Diseases of oral cavity and salivary glands (K00-K14),K13
C0266988,K00-K14,Diseases of oral cavity and salivary glands (K00-K14),K14
C3264408,K00-K95,Diseases of the digestive system (K00-K95),K00
C3264408,K00-K95,Diseases of the digestive system (K00-K95),K01
C3264408,K00-K95,Diseases of the digestive system (K00-K95),K02
C3264408,K00-K95,Diseases of the digestive system (K00-K95),K03
C3264408,K00-K95,Diseases of the digestive system (K00-K95),K04
C3264408,K00-K95,Diseases of the digestive system (K00-K95),K05
C3264408,K00-K95,Diseases of the digestive system (K00-K95),K06
C3264408,K00-K95,Diseases of the digestive system (K00-K95),K07
C3264408,K00-K95,Diseases of the digestive system (K00-K95),K08
C3264408,K00-K95,Diseases of the digestive system (K00-K95),K09
C3264408,K00-K95,Diseases of the digestive system (K00-K95),K10
C3264408,K00-K95,Diseases of the digestive system (K00-K95),K11
C3264408,K00-K95,Diseases of the digestive system (K00-K95),K12
C3264408,K00-K95,Diseases of the digestive system (K00-K95),K13
C3264408,K00-K95,Diseases of the digestive system (K00-K95),K14
C3264408,K00-K95,Diseases of the digestive system (K00-K95),K15
C3264408,K00-K95,Diseases of the digestive system (K00-K95),K16
C3264408,K00-K95,Diseases of the digestive system (K00-K95),K17
C3264408,K00-K95,Diseases of the digestive system (K00-K95),K18
C3264408,K00-K95,Diseases of the digestive system (K00-K95),K19
C3264408,K00-K95,Diseases of the digestive system (K00-K95),K20
C3264408,K00-K95,Diseases of the digestive system (K00-K95),K21
C3264408,K00-K95,Diseases of the digestive system (K00-K95),K22
C3264408,K00-K95,Diseases of the digestive system (K00-K95),K23
C3264408,K00-K95,Diseases of the digestive system (K00-K95),K24
C3264408,K00-K95,Diseases of the digestive system (K00-K95),K25
C3264408,K00-K95,Diseases of the digestive system (K00-K95),K26
C3264408,K00-K95,Diseases of the digestive system (K00-K95),K27
C3264408,K00-K95,Diseases of the digestive system (K00-K95),K28
C3264408,K00-K95,Diseases of the digestive system (K00-K95),K29
C3264408,K00-K95,Diseases of the digestive system (K00-K95),K30
C3264408,K00-K95,Diseases of the digestive system (K00-K95),K31
C3264408,K00-K95,Diseases of the digestive system (K00-K95),K32
C3264408,K00-K95,Diseases of the digestive system (K00-K95),K33
C3264408,K00-K95,Diseases of the digestive system (K00-K95),K34
C3264408,K00-K95,Diseases of the digestive system (K00-K95),K35
C3264408,K00-K95,Diseases of the digestive system (K00-K95),K36
C3264408,K00-K95,Diseases of the digestive system (K00-K95),K37
C3264408,K00-K95,Diseases of the digestive system (K00-K95),K38
C3264408,K00-K95,Diseases of the digestive system (K00-K95),K39
C3264408,K00-K95,Diseases of the digestive system (K00-K95),K40
C3264408,K00-K95,Diseases of the digestive system (K00-K95),K41
C3264408,K00-K95,Diseases of the digestive system (K00-K95),K42
C3264408,K00-K95,Diseases of the digestive system (K00-K95),K43
C3264408,K00-K95,Diseases of the digestive system (K00-K95),K44
C3264408,K00-K95,Diseases of the digestive system (K00-K95),K45
C3264408,K00-K95,Diseases of the digestive system (K00-K95),K46
C3264408,K00-K95,Diseases of the digestive system (K00-K95),K47
C3264408,K00-K95,Diseases of the digestive system (K00-K95),K48
C3264408,K00-K95,Diseases of the digestive system (K00-K95),K49
C3264408,K00-K95,Diseases of the digestive system (K00-K95),K50
C3264408,K00-K95,Diseases of the digestive system (K00-K95),K51
C3264408,K00-K95,Diseases of the digestive system (K00-K95),K52
C3264408,K00-K95,Diseases of the digestive system (K00-K95),K53
C3264408,K00-K95,Diseases of the digestive system (K00-K95),K54
C3264408,K00-K95,Diseases of the digestive system (K00-K95),K55
C3264408,K00-K95,Diseases of the digestive system (K00-K95),K56
C3264408,K00-K95,Diseases of the digestive system (K00-K95),K57
C3264408,K00-K95,Diseases of the digestive system (K00-K95),K58
C3264408,K00-K95,Diseases of the digestive system (K00-K95),K59
C3264408,K00-K95,Diseases of the digestive system (K00-K95),K60
C3264408,K00-K95,Diseases of the digestive system (K00-K95),K61
C3264408,K00-K95,Diseases of the digestive system (K00-K95),K62
C3264408,K00-K95,Diseases of the digestive system (K00-K95),K63
C3264408,K00-K95,Diseases of the digestive system (K00-K95),K64
C3264408,K00-K95,Diseases of the digestive system (K00-K95),K65
C3264408,K00-K95,Diseases of the digestive system (K00-K95),K66
C3264408,K00-K95,Diseases of the digestive system (K00-K95),K67
C3264408,K00-K95,Diseases of the digestive system (K00-K95),K68
C3264408,K00-K95,Diseases of the digestive system (K00-K95),K69
C3264408,K00-K95,Diseases of the digestive system (K00-K95),K70
C3264408,K00-K95,Diseases of the digestive system (K00-K95),K71
C3264408,K00-K95,Diseases of the digestive system (K00-K95),K72
C3264408,K00-K95,Diseases of the digestive system (K00-K95),K73
C3264408,K00-K95,Diseases of the digestive system (K00-K95),K74
C3264408,K00-K95,Diseases of the digestive system (K00-K95),K75
C3264408,K00-K95,Diseases of the digestive system (K00-K95),K76
C3264408,K00-K95,Diseases of the digestive system (K00-K95),K77
C3264408,K00-K95,Diseases of the digestive system (K00-K95),K78
C3264408,K00-K95,Diseases of the digestive system (K00-K95),K79
C3264408,K00-K95,Diseases of the digestive system (K00-K95),K80
C3264408,K00-K95,Diseases of the digestive system (K00-K95),K81
C3264408,K00-K95,Diseases of the digestive system (K00-K95),K82
C3264408,K00-K95,Diseases of the digestive system (K00-K95),K83
C3264408,K00-K95,Diseases of the digestive system (K00-K95),K84
C3264408,K00-K95,Diseases of the digestive system (K00-K95),K85
C3264408,K00-K95,Diseases of the digestive system (K00-K95),K86
C3264408,K00-K95,Diseases of the digestive system (K00-K95),K87
C3264408,K00-K95,Diseases of the digestive system (K00-K95),K88
C3264408,K00-K95,Diseases of the digestive system (K00-K95),K89
C3264408,K00-K95,Diseases of the digestive system (K00-K95),K90
C3264408,K00-K95,Diseases of the digestive system (K00-K95),K91
C3264408,K00-K95,Diseases of the digestive system (K00-K95),K92
C3264408,K00-K95,Diseases of the digestive system (K00-K95),K93
C3264408,K00-K95,Diseases of the digestive system (K00-K95),K94
C3264408,K00-K95,Diseases of the digestive system (K00-K95),K95
C0178281,K20-K31,"Diseases of esophagus, stomach and duodenum (K20-K31)",K20
C0178281,K20-K31,"Diseases of esophagus, stomach and duodenum (K20-K31)",K21
C0178281,K20-K31,"Diseases of esophagus, stomach and duodenum (K20-K31)",K22
C0178281,K20-K31,"Diseases of esophagus, stomach and duodenum (K20-K31)",K23
C0178281,K20-K31,"Diseases of esophagus, stomach and duodenum (K20-K31)",K24
C0178281,K20-K31,"Diseases of esophagus, stomach and duodenum (K20-K31)",K25
C0178281,K20-K31,"Diseases of esophagus, stomach and duodenum (K20-K31)",K26
C0178281,K20-K31,"Diseases of esophagus, stomach and duodenum (K20-K31)",K27
C0178281,K20-K31,"Diseases of esophagus, stomach and duodenum (K20-K31)",K28
C0178281,K20-K31,"Diseases of esophagus, stomach and duodenum (K20-K31)",K29
C0178281,K20-K31,"Diseases of esophagus, stomach and duodenum (K20-K31)",K30
C0178281,K20-K31,"Diseases of esophagus, stomach and duodenum (K20-K31)",K31
C0267613,K35-K38,Diseases of appendix (K35-K38),K35
C0267613,K35-K38,Diseases of appendix (K35-K38),K36
C0267613,K35-K38,Diseases of appendix (K35-K38),K37
C0267613,K35-K38,Diseases of appendix (K35-K38),K38
C0019270,K40-K46,Hernia (K40-K46),K40
C0019270,K40-K46,Hernia (K40-K46),K41
C0019270,K40-K46,Hernia (K40-K46),K42
C0019270,K40-K46,Hernia (K40-K46),K43
C0019270,K40-K46,Hernia (K40-K46),K44
C0019270,K40-K46,Hernia (K40-K46),K45
C0019270,K40-K46,Hernia (K40-K46),K46
C0178283,K50-K52,Noninfective enteritis and colitis (K50-K52),K50
C0178283,K50-K52,Noninfective enteritis and colitis (K50-K52),K51
C0178283,K50-K52,Noninfective enteritis and colitis (K50-K52),K52
C3264446,K55-K64,Other diseases of intestines (K55-K64),K55
C3264446,K55-K64,Other diseases of intestines (K55-K64),K56
C3264446,K55-K64,Other diseases of intestines (K55-K64),K57
C3264446,K55-K64,Other diseases of intestines (K55-K64),K58
C3264446,K55-K64,Other diseases of intestines (K55-K64),K59
C3264446,K55-K64,Other diseases of intestines (K55-K64),K60
C3264446,K55-K64,Other diseases of intestines (K55-K64),K61
C3264446,K55-K64,Other diseases of intestines (K55-K64),K62
C3264446,K55-K64,Other diseases of intestines (K55-K64),K63
C3264446,K55-K64,Other diseases of intestines (K55-K64),K64
C2887904,K65-K68,Diseases of peritoneum and retroperitoneum (K65-K68),K65
C2887904,K65-K68,Diseases of peritoneum and retroperitoneum (K65-K68),K66
C2887904,K65-K68,Diseases of peritoneum and retroperitoneum (K65-K68),K67
C2887904,K65-K68,Diseases of peritoneum and retroperitoneum (K65-K68),K68
C0023895,K70-K77,Diseases of liver (K70-K77),K70
C0023895,K70-K77,Diseases of liver (K70-K77),K71
C0023895,K70-K77,Diseases of liver (K70-K77),K72
C0023895,K70-K77,Diseases of liver (K70-K77),K73
C0023895,K70-K77,Diseases of liver (K70-K77),K74
C0023895,K70-K77,Diseases of liver (K70-K77),K75
C0023895,K70-K77,Diseases of liver (K70-K77),K76
C0023895,K70-K77,Diseases of liver (K70-K77),K77
C0348756,K80-K87,"Disorders of gallbladder, biliary tract and pancreas (K80-K87)",K80
C0348756,K80-K87,"Disorders of gallbladder, biliary tract and pancreas (K80-K87)",K81
C0348756,K80-K87,"Disorders of gallbladder, biliary tract and pancreas (K80-K87)",K82
C0348756,K80-K87,"Disorders of gallbladder, biliary tract and pancreas (K80-K87)",K83
C0348756,K80-K87,"Disorders of gallbladder, biliary tract and pancreas (K80-K87)",K84
C0348756,K80-K87,"Disorders of gallbladder, biliary tract and pancreas (K80-K87)",K85
C0348756,K80-K87,"Disorders of gallbladder, biliary tract and pancreas (K80-K87)",K86
C0348756,K80-K87,"Disorders of gallbladder, biliary tract and pancreas (K80-K87)",K87
C3264461,K90-K95,Other diseases of the digestive system (K90-K95),K90
C3264461,K90-K95,Other diseases of the digestive system (K90-K95),K91
C3264461,K90-K95,Other diseases of the digestive system (K90-K95),K92
C3264461,K90-K95,Other diseases of the digestive system (K90-K95),K93
C3264461,K90-K95,Other diseases of the digestive system (K90-K95),K94
C3264461,K90-K95,Other diseases of the digestive system (K90-K95),K95
C5551358,L00-L08,Infections of the skin and subcutaneous tissue (L00-L08),L00
C5551358,L00-L08,Infections of the skin and subcutaneous tissue (L00-L08),L01
C5551358,L00-L08,Infections of the skin and subcutaneous tissue (L00-L08),L02
C5551358,L00-L08,Infections of the skin and subcutaneous tissue (L00-L08),L03
C5551358,L00-L08,Infections of the skin and subcutaneous tissue (L00-L08),L04
C5551358,L00-L08,Infections of the skin and subcutaneous tissue (L00-L08),L05
C5551358,L00-L08,Infections of the skin and subcutaneous tissue (L00-L08),L06
C5551358,L00-L08,Infections of the skin and subcutaneous tissue (L00-L08),L07
C5551358,L00-L08,Infections of the skin and subcutaneous tissue (L00-L08),L08
C0178298,L00-L99,Diseases of the skin and subcutaneous tissue (L00-L99),L00
C0178298,L00-L99,Diseases of the skin and subcutaneous tissue (L00-L99),L01
C0178298,L00-L99,Diseases of the skin and subcutaneous tissue (L00-L99),L02
C0178298,L00-L99,Diseases of the skin and subcutaneous tissue (L00-L99),L03
C0178298,L00-L99,Diseases of the skin and subcutaneous tissue (L00-L99),L04
C0178298,L00-L99,Diseases of the skin and subcutaneous tissue (L00-L99),L05
C0178298,L00-L99,Diseases of the skin and subcutaneous tissue (L00-L99),L06
C0178298,L00-L99,Diseases of the skin and subcutaneous tissue (L00-L99),L07
C0178298,L00-L99,Diseases of the skin and subcutaneous tissue (L00-L99),L08
C0178298,L00-L99,Diseases of the skin and subcutaneous tissue (L00-L99),L09
C0178298,L00-L99,Diseases of the skin and subcutaneous tissue (L00-L99),L10
C0178298,L00-L99,Diseases of the skin and subcutaneous tissue (L00-L99),L11
C0178298,L00-L99,Diseases of the skin and subcutaneous tissue (L00-L99),L12
C0178298,L00-L99,Diseases of the skin and subcutaneous tissue (L00-L99),L13
C0178298,L00-L99,Diseases of the skin and subcutaneous tissue (L00-L99),L14
C0178298,L00-L99,Diseases of the skin and subcutaneous tissue (L00-L99),L15
C0178298,L00-L99,Diseases of the skin and subcutaneous tissue (L00-L99),L16
C0178298,L00-L99,Diseases of the skin and subcutaneous tissue (L00-L99),L17
C0178298,L00-L99,Diseases of the skin and subcutaneous tissue (L00-L99),L18
C0178298,L00-L99,Diseases of the skin and subcutaneous tissue (L00-L99),L19
C0178298,L00-L99,Diseases of the skin and subcutaneous tissue (L00-L99),L20
C0178298,L00-L99,Diseases of the skin and subcutaneous tissue (L00-L99),L21
C0178298,L00-L99,Diseases of the skin and subcutaneous tissue (L00-L99),L22
C0178298,L00-L99,Diseases of the skin and subcutaneous tissue (L00-L99),L23
C0178298,L00-L99,Diseases of the skin and subcutaneous tissue (L00-L99),L24
C0178298,L00-L99,Diseases of the skin and subcutaneous tissue (L00-L99),L25
C0178298,L00-L99,Diseases of the skin and subcutaneous tissue (L00-L99),L26
C0178298,L00-L99,Diseases of the skin and subcutaneous tissue (L00-L99),L27
C0178298,L00-L99,Diseases of the skin and subcutaneous tissue (L00-L99),L28
C0178298,L00-L99,Diseases of the skin and subcutaneous tissue (L00-L99),L29
C0178298,L00-L99,Diseases of the skin and subcutaneous tissue (L00-L99),L30
C0178298,L00-L99,Diseases of the skin and subcutaneous tissue (L00-L99),L31
C0178298,L00-L99,Diseases of the skin and subcutaneous tissue (L00-L99),L32
C0178298,L00-L99,Diseases of the skin and subcutaneous tissue (L00-L99),L33
C0178298,L00-L99,Diseases of the skin and subcutaneous tissue (L00-L99),L34
C0178298,L00-L99,Diseases of the skin and subcutaneous tissue (L00-L99),L35
C0178298,L00-L99,Diseases of the skin and subcutaneous tissue (L00-L99),L36
C0178298,L00-L99,Diseases of the skin and subcutaneous tissue (L00-L99),L37
C0178298,L00-L99,Diseases of the skin and subcutaneous tissue (L00-L99),L38
C0178298,L00-L99,Diseases of the skin and subcutaneous tissue (L00-L99),L39
C0178298,L00-L99,Diseases of the skin and subcutaneous tissue (L00-L99),L40
C0178298,L00-L99,Diseases of the skin and subcutaneous tissue (L00-L99),L41
C0178298,L00-L99,Diseases of the skin and subcutaneous tissue (L00-L99),L42
C0178298,L00-L99,Diseases of the skin and subcutaneous tissue (L00-L99),L43
C0178298,L00-L99,Diseases of the skin and subcutaneous tissue (L00-L99),L44
C0178298,L00-L99,Diseases of the skin and subcutaneous tissue (L00-L99),L45
C0178298,L00-L99,Diseases of the skin and subcutaneous tissue (L00-L99),L46
C0178298,L00-L99,Diseases of the skin and subcutaneous tissue (L00-L99),L47
C0178298,L00-L99,Diseases of the skin and subcutaneous tissue (L00-L99),L48
C0178298,L00-L99,Diseases of the skin and subcutaneous tissue (L00-L99),L49
C0178298,L00-L99,Diseases of the skin and subcutaneous tissue (L00-L99),L50
C0178298,L00-L99,Diseases of the skin and subcutaneous tissue (L00-L99),L51
C0178298,L00-L99,Diseases of the skin and subcutaneous tissue (L00-L99),L52
C0178298,L00-L99,Diseases of the skin and subcutaneous tissue (L00-L99),L53
C0178298,L00-L99,Diseases of the skin and subcutaneous tissue (L00-L99),L54
C0178298,L00-L99,Diseases of the skin and subcutaneous tissue (L00-L99),L55
C0178298,L00-L99,Diseases of the skin and subcutaneous tissue (L00-L99),L56
C0178298,L00-L99,Diseases of the skin and subcutaneous tissue (L00-L99),L57
C0178298,L00-L99,Diseases of the skin and subcutaneous tissue (L00-L99),L58
C0178298,L00-L99,Diseases of the skin and subcutaneous tissue (L00-L99),L59
C0178298,L00-L99,Diseases of the skin and subcutaneous tissue (L00-L99),L60
C0178298,L00-L99,Diseases of the skin and subcutaneous tissue (L00-L99),L61
C0178298,L00-L99,Diseases of the skin and subcutaneous tissue (L00-L99),L62
C0178298,L00-L99,Diseases of the skin and subcutaneous tissue (L00-L99),L63
C0178298,L00-L99,Diseases of the skin and subcutaneous tissue (L00-L99),L64
C0178298,L00-L99,Diseases of the skin and subcutaneous tissue (L00-L99),L65
C0178298,L00-L99,Diseases of the skin and subcutaneous tissue (L00-L99),L66
C0178298,L00-L99,Diseases of the skin and subcutaneous tissue (L00-L99),L67
C0178298,L00-L99,Diseases of the skin and subcutaneous tissue (L00-L99),L68
C0178298,L00-L99,Diseases of the skin and subcutaneous tissue (L00-L99),L69
C0178298,L00-L99,Diseases of the skin and subcutaneous tissue (L00-L99),L70
C0178298,L00-L99,Diseases of the skin and subcutaneous tissue (L00-L99),L71
C0178298,L00-L99,Diseases of the skin and subcutaneous tissue (L00-L99),L72
C0178298,L00-L99,Diseases of the skin and subcutaneous tissue (L00-L99),L73
C0178298,L00-L99,Diseases of the skin and subcutaneous tissue (L00-L99),L74
C0178298,L00-L99,Diseases of the skin and subcutaneous tissue (L00-L99),L75
C0178298,L00-L99,Diseases of the skin and subcutaneous tissue (L00-L99),L76
C0178298,L00-L99,Diseases of the skin and subcutaneous tissue (L00-L99),L77
C0178298,L00-L99,Diseases of the skin and subcutaneous tissue (L00-L99),L78
C0178298,L00-L99,Diseases of the skin and subcutaneous tissue (L00-L99),L79
C0178298,L00-L99,Diseases of the skin and subcutaneous tissue (L00-L99),L80
C0178298,L00-L99,Diseases of the skin and subcutaneous tissue (L00-L99),L81
C0178298,L00-L99,Diseases of the skin and subcutaneous tissue (L00-L99),L82
C0178298,L00-L99,Diseases of the skin and subcutaneous tissue (L00-L99),L83
C0178298,L00-L99,Diseases of the skin and subcutaneous tissue (L00-L99),L84
C0178298,L00-L99,Diseases of the skin and subcutaneous tissue (L00-L99),L85
C0178298,L00-L99,Diseases of the skin and subcutaneous tissue (L00-L99),L86
C0178298,L00-L99,Diseases of the skin and subcutaneous tissue (L00-L99),L87
C0178298,L00-L99,Diseases of the skin and subcutaneous tissue (L00-L99),L88
C0178298,L00-L99,Diseases of the skin and subcutaneous tissue (L00-L99),L89
C0178298,L00-L99,Diseases of the skin and subcutaneous tissue (L00-L99),L90
C0178298,L00-L99,Diseases of the skin and subcutaneous tissue (L00-L99),L91
C0178298,L00-L99,Diseases of the skin and subcutaneous tissue (L00-L99),L92
C0178298,L00-L99,Diseases of the skin and subcutaneous tissue (L00-L99),L93
C0178298,L00-L99,Diseases of the skin and subcutaneous tissue (L00-L99),L94
C0178298,L00-L99,Diseases of the skin and subcutaneous tissue (L00-L99),L95
C0178298,L00-L99,Diseases of the skin and subcutaneous tissue (L00-L99),L96
C0178298,L00-L99,Diseases of the skin and subcutaneous tissue (L00-L99),L97
C0178298,L00-L99,Diseases of the skin and subcutaneous tissue (L00-L99),L98
C0178298,L00-L99,Diseases of the skin and subcutaneous tissue (L00-L99),L99
C0085932,L10-L14,Bullous disorders (L10-L14),L10
C0085932,L10-L14,Bullous disorders (L10-L14),L11
C0085932,L10-L14,Bullous disorders (L10-L14),L12
C0085932,L10-L14,Bullous disorders (L10-L14),L13
C0085932,L10-L14,Bullous disorders (L10-L14),L14
C0477474,L20-L30,Dermatitis and eczema (L20-L30),L20
C0477474,L20-L30,Dermatitis and eczema (L20-L30),L21
C0477474,L20-L30,Dermatitis and eczema (L20-L30),L22
C0477474,L20-L30,Dermatitis and eczema (L20-L30),L23
C0477474,L20-L30,Dermatitis and eczema (L20-L30),L24
C0477474,L20-L30,Dermatitis and eczema (L20-L30),L25
C0477474,L20-L30,Dermatitis and eczema (L20-L30),L26
C0477474,L20-L30,Dermatitis and eczema (L20-L30),L27
C0477474,L20-L30,Dermatitis and eczema (L20-L30),L28
C0477474,L20-L30,Dermatitis and eczema (L20-L30),L29
C0477474,L20-L30,Dermatitis and eczema (L20-L30),L30
C0162818,L40-L45,Papulosquamous disorders (L40-L45),L40
C0162818,L40-L45,Papulosquamous disorders (L40-L45),L41
C0162818,L40-L45,Papulosquamous disorders (L40-L45),L42
C0162818,L40-L45,Papulosquamous disorders (L40-L45),L43
C0162818,L40-L45,Papulosquamous disorders (L40-L45),L44
C0162818,L40-L45,Papulosquamous disorders (L40-L45),L45
C0477490,L49-L54,Urticaria and erythema (L49-L54),L49
C0477490,L49-L54,Urticaria and erythema (L49-L54),L50
C0477490,L49-L54,Urticaria and erythema (L49-L54),L51
C0477490,L49-L54,Urticaria and erythema (L49-L54),L52
C0477490,L49-L54,Urticaria and erythema (L49-L54),L53
C0477490,L49-L54,Urticaria and erythema (L49-L54),L54
C0477501,L55-L59,Radiation-related disorders of the skin and subcutaneous tissue (L55-L59),L55
C0477501,L55-L59,Radiation-related disorders of the skin and subcutaneous tissue (L55-L59),L56
C0477501,L55-L59,Radiation-related disorders of the skin and subcutaneous tissue (L55-L59),L57
C0477501,L55-L59,Radiation-related disorders of the skin and subcutaneous tissue (L55-L59),L58
C0477501,L55-L59,Radiation-related disorders of the skin and subcutaneous tissue (L55-L59),L59
C0037272,L60-L75,Disorders of skin appendages (L60-L75),L60
C0037272,L60-L75,Disorders of skin appendages (L60-L75),L61
C0037272,L60-L75,Disorders of skin appendages (L60-L75),L62
C0037272,L60-L75,Disorders of skin appendages (L60-L75),L63
C0037272,L60-L75,Disorders of skin appendages (L60-L75),L64
C0037272,L60-L75,Disorders of skin appendages (L60-L75),L65
C0037272,L60-L75,Disorders of skin appendages (L60-L75),L66
C0037272,L60-L75,Disorders of skin appendages (L60-L75),L67
C0037272,L60-L75,Disorders of skin appendages (L60-L75),L68
C0037272,L60-L75,Disorders of skin appendages (L60-L75),L69
C0037272,L60-L75,Disorders of skin appendages (L60-L75),L70
C0037272,L60-L75,Disorders of skin appendages (L60-L75),L71
C0037272,L60-L75,Disorders of skin appendages (L60-L75),L72
C0037272,L60-L75,Disorders of skin appendages (L60-L75),L73
C0037272,L60-L75,Disorders of skin appendages (L60-L75),L74
C0037272,L60-L75,Disorders of skin appendages (L60-L75),L75
C2888187,L76-L76,Intraoperative and postprocedural complications of skin and subcutaneous tissue (L76),L76
C0178301,L80-L99,Other disorders of the skin and subcutaneous tissue (L80-L99),L80
C0178301,L80-L99,Other disorders of the skin and subcutaneous tissue (L80-L99),L81
C0178301,L80-L99,Other disorders of the skin and subcutaneous tissue (L80-L99),L82
C0178301,L80-L99,Other disorders of the skin and subcutaneous tissue (L80-L99),L83
C0178301,L80-L99,Other disorders of the skin and subcutaneous tissue (L80-L99),L84
C0178301,L80-L99,Other disorders of the skin and subcutaneous tissue (L80-L99),L85
C0178301,L80-L99,Other disorders of the skin and subcutaneous tissue (L80-L99),L86
C0178301,L80-L99,Other disorders of the skin and subcutaneous tissue (L80-L99),L87
C0178301,L80-L99,Other disorders of the skin and subcutaneous tissue (L80-L99),L88
C0178301,L80-L99,Other disorders of the skin and subcutaneous tissue (L80-L99),L89
C0178301,L80-L99,Other disorders of the skin and subcutaneous tissue (L80-L99),L90
C0178301,L80-L99,Other disorders of the skin and subcutaneous tissue (L80-L99),L91
C0178301,L80-L99,Other disorders of the skin and subcutaneous tissue (L80-L99),L92
C0178301,L80-L99,Other disorders of the skin and subcutaneous tissue (L80-L99),L93
C0178301,L80-L99,Other disorders of the skin and subcutaneous tissue (L80-L99),L94
C0178301,L80-L99,Other disorders of the skin and subcutaneous tissue (L80-L99),L95
C0178301,L80-L99,Other disorders of the skin and subcutaneous tissue (L80-L99),L96
C0178301,L80-L99,Other disorders of the skin and subcutaneous tissue (L80-L99),L97
C0178301,L80-L99,Other disorders of the skin and subcutaneous tissue (L80-L99),L98
C0178301,L80-L99,Other disorders of the skin and subcutaneous tissue (L80-L99),L99
C0157749,M00-M02,Infectious arthropathies (M00-M02),M00
C0157749,M00-M02,Infectious arthropathies (M00-M02),M01
C0157749,M00-M02,Infectious arthropathies (M00-M02),M02
C4268688,M00-M25,Arthropathies (M00-M25),M00
C4268688,M00-M25,Arthropathies (M00-M25),M01
C4268688,M00-M25,Arthropathies (M00-M25),M02
C4268688,M00-M25,Arthropathies (M00-M25),M03
C4268688,M00-M25,Arthropathies (M00-M25),M04
C4268688,M00-M25,Arthropathies (M00-M25),M05
C4268688,M00-M25,Arthropathies (M00-M25),M06
C4268688,M00-M25,Arthropathies (M00-M25),M07
C4268688,M00-M25,Arthropathies (M00-M25),M08
C4268688,M00-M25,Arthropathies (M00-M25),M09
C4268688,M00-M25,Arthropathies (M00-M25),M10
C4268688,M00-M25,Arthropathies (M00-M25),M11
C4268688,M00-M25,Arthropathies (M00-M25),M12
C4268688,M00-M25,Arthropathies (M00-M25),M13
C4268688,M00-M25,Arthropathies (M00-M25),M14
C4268688,M00-M25,Arthropathies (M00-M25),M15
C4268688,M00-M25,Arthropathies (M00-M25),M16
C4268688,M00-M25,Arthropathies (M00-M25),M17
C4268688,M00-M25,Arthropathies (M00-M25),M18
C4268688,M00-M25,Arthropathies (M00-M25),M19
C4268688,M00-M25,Arthropathies (M00-M25),M20
C4268688,M00-M25,Arthropathies (M00-M25),M21
C4268688,M00-M25,Arthropathies (M00-M25),M22
C4268688,M00-M25,Arthropathies (M00-M25),M23
C4268688,M00-M25,Arthropathies (M00-M25),M24
C4268688,M00-M25,Arthropathies (M00-M25),M25
C0263660,M00-M99,Diseases of the musculoskeletal system and connective tissue (M00-M99),M00
C0263660,M00-M99,Diseases of the musculoskeletal system and connective tissue (M00-M99),M01
C0263660,M00-M99,Diseases of the musculoskeletal system and connective tissue (M00-M99),M02
C0263660,M00-M99,Diseases of the musculoskeletal system and connective tissue (M00-M99),M03
C0263660,M00-M99,Diseases of the musculoskeletal system and connective tissue (M00-M99),M04
C0263660,M00-M99,Diseases of the musculoskeletal system and connective tissue (M00-M99),M05
C0263660,M00-M99,Diseases of the musculoskeletal system and connective tissue (M00-M99),M06
C0263660,M00-M99,Diseases of the musculoskeletal system and connective tissue (M00-M99),M07
C0263660,M00-M99,Diseases of the musculoskeletal system and connective tissue (M00-M99),M08
C0263660,M00-M99,Diseases of the musculoskeletal system and connective tissue (M00-M99),M09
C0263660,M00-M99,Diseases of the musculoskeletal system and connective tissue (M00-M99),M10
C0263660,M00-M99,Diseases of the musculoskeletal system and connective tissue (M00-M99),M11
C0263660,M00-M99,Diseases of the musculoskeletal system and connective tissue (M00-M99),M12
C0263660,M00-M99,Diseases of the musculoskeletal system and connective tissue (M00-M99),M13
C0263660,M00-M99,Diseases of the musculoskeletal system and connective tissue (M00-M99),M14
C0263660,M00-M99,Diseases of the musculoskeletal system and connective tissue (M00-M99),M15
C0263660,M00-M99,Diseases of the musculoskeletal system and connective tissue (M00-M99),M16
C0263660,M00-M99,Diseases of the musculoskeletal system and connective tissue (M00-M99),M17
C0263660,M00-M99,Diseases of the musculoskeletal system and connective tissue (M00-M99),M18
C0263660,M00-M99,Diseases of the musculoskeletal system and connective tissue (M00-M99),M19
C0263660,M00-M99,Diseases of the musculoskeletal system and connective tissue (M00-M99),M20
C0263660,M00-M99,Diseases of the musculoskeletal system and connective tissue (M00-M99),M21
C0263660,M00-M99,Diseases of the musculoskeletal system and connective tissue (M00-M99),M22
C0263660,M00-M99,Diseases of the musculoskeletal system and connective tissue (M00-M99),M23
C0263660,M00-M99,Diseases of the musculoskeletal system and connective tissue (M00-M99),M24
C0263660,M00-M99,Diseases of the musculoskeletal system and connective tissue (M00-M99),M25
C0263660,M00-M99,Diseases of the musculoskeletal system and connective tissue (M00-M99),M26
C0263660,M00-M99,Diseases of the musculoskeletal system and connective tissue (M00-M99),M27
C0263660,M00-M99,Diseases of the musculoskeletal system and connective tissue (M00-M99),M28
C0263660,M00-M99,Diseases of the musculoskeletal system and connective tissue (M00-M99),M29
C0263660,M00-M99,Diseases of the musculoskeletal system and connective tissue (M00-M99),M30
C0263660,M00-M99,Diseases of the musculoskeletal system and connective tissue (M00-M99),M31
C0263660,M00-M99,Diseases of the musculoskeletal system and connective tissue (M00-M99),M32
C0263660,M00-M99,Diseases of the musculoskeletal system and connective tissue (M00-M99),M33
C0263660,M00-M99,Diseases of the musculoskeletal system and connective tissue (M00-M99),M34
C0263660,M00-M99,Diseases of the musculoskeletal system and connective tissue (M00-M99),M35
C0263660,M00-M99,Diseases of the musculoskeletal system and connective tissue (M00-M99),M36
C0263660,M00-M99,Diseases of the musculoskeletal system and connective tissue (M00-M99),M37
C0263660,M00-M99,Diseases of the musculoskeletal system and connective tissue (M00-M99),M38
C0263660,M00-M99,Diseases of the musculoskeletal system and connective tissue (M00-M99),M39
C0263660,M00-M99,Diseases of the musculoskeletal system and connective tissue (M00-M99),M40
C0263660,M00-M99,Diseases of the musculoskeletal system and connective tissue (M00-M99),M41
C0263660,M00-M99,Diseases of the musculoskeletal system and connective tissue (M00-M99),M42
C0263660,M00-M99,Diseases of the musculoskeletal system and connective tissue (M00-M99),M43
C0263660,M00-M99,Diseases of the musculoskeletal system and connective tissue (M00-M99),M44
C0263660,M00-M99,Diseases of the musculoskeletal system and connective tissue (M00-M99),M45
C0263660,M00-M99,Diseases of the musculoskeletal system and connective tissue (M00-M99),M46
C0263660,M00-M99,Diseases of the musculoskeletal system and connective tissue (M00-M99),M47
C0263660,M00-M99,Diseases of the musculoskeletal system and connective tissue (M00-M99),M48
C0263660,M00-M99,Diseases of the musculoskeletal system and connective tissue (M00-M99),M49
C0263660,M00-M99,Diseases of the musculoskeletal system and connective tissue (M00-M99),M50
C0263660,M00-M99,Diseases of the musculoskeletal system and connective tissue (M00-M99),M51
C0263660,M00-M99,Diseases of the musculoskeletal system and connective tissue (M00-M99),M52
C0263660,M00-M99,Diseases of the musculoskeletal system and connective tissue (M00-M99),M53
C0263660,M00-M99,Diseases of the musculoskeletal system and connective tissue (M00-M99),M54
C0263660,M00-M99,Diseases of the musculoskeletal system and connective tissue (M00-M99),M55
C0263660,M00-M99,Diseases of the musculoskeletal system and connective tissue (M00-M99),M56
C0263660,M00-M99,Diseases of the musculoskeletal system and connective tissue (M00-M99),M57
C0263660,M00-M99,Diseases of the musculoskeletal system and connective tissue (M00-M99),M58
C0263660,M00-M99,Diseases of the musculoskeletal system and connective tissue (M00-M99),M59
C0263660,M00-M99,Diseases of the musculoskeletal system and connective tissue (M00-M99),M60
C0263660,M00-M99,Diseases of the musculoskeletal system and connective tissue (M00-M99),M61
C0263660,M00-M99,Diseases of the musculoskeletal system and connective tissue (M00-M99),M62
C0263660,M00-M99,Diseases of the musculoskeletal system and connective tissue (M00-M99),M63
C0263660,M00-M99,Diseases of the musculoskeletal system and connective tissue (M00-M99),M64
C0263660,M00-M99,Diseases of the musculoskeletal system and connective tissue (M00-M99),M65
C0263660,M00-M99,Diseases of the musculoskeletal system and connective tissue (M00-M99),M66
C0263660,M00-M99,Diseases of the musculoskeletal system and connective tissue (M00-M99),M67
C0263660,M00-M99,Diseases of the musculoskeletal system and connective tissue (M00-M99),M68
C0263660,M00-M99,Diseases of the musculoskeletal system and connective tissue (M00-M99),M69
C0263660,M00-M99,Diseases of the musculoskeletal system and connective tissue (M00-M99),M70
C0263660,M00-M99,Diseases of the musculoskeletal system and connective tissue (M00-M99),M71
C0263660,M00-M99,Diseases of the musculoskeletal system and connective tissue (M00-M99),M72
C0263660,M00-M99,Diseases of the musculoskeletal system and connective tissue (M00-M99),M73
C0263660,M00-M99,Diseases of the musculoskeletal system and connective tissue (M00-M99),M74
C0263660,M00-M99,Diseases of the musculoskeletal system and connective tissue (M00-M99),M75
C0263660,M00-M99,Diseases of the musculoskeletal system and connective tissue (M00-M99),M76
C0263660,M00-M99,Diseases of the musculoskeletal system and connective tissue (M00-M99),M77
C0263660,M00-M99,Diseases of the musculoskeletal system and connective tissue (M00-M99),M78
C0263660,M00-M99,Diseases of the musculoskeletal system and connective tissue (M00-M99),M79
C0263660,M00-M99,Diseases of the musculoskeletal system and connective tissue (M00-M99),M80
C0263660,M00-M99,Diseases of the musculoskeletal system and connective tissue (M00-M99),M81
C0263660,M00-M99,Diseases of the musculoskeletal system and connective tissue (M00-M99),M82
C0263660,M00-M99,Diseases of the musculoskeletal system and connective tissue (M00-M99),M83
C0263660,M00-M99,Diseases of the musculoskeletal system and connective tissue (M00-M99),M84
C0263660,M00-M99,Diseases of the musculoskeletal system and connective tissue (M00-M99),M85
C0263660,M00-M99,Diseases of the musculoskeletal system and connective tissue (M00-M99),M86
C0263660,M00-M99,Diseases of the musculoskeletal system and connective tissue (M00-M99),M87
C0263660,M00-M99,Diseases of the musculoskeletal system and connective tissue (M00-M99),M88
C0263660,M00-M99,Diseases of the musculoskeletal system and connective tissue (M00-M99),M89
C0263660,M00-M99,Diseases of the musculoskeletal system and connective tissue (M00-M99),M90
C0263660,M00-M99,Diseases of the musculoskeletal system and connective tissue (M00-M99),M91
C0263660,M00-M99,Diseases of the musculoskeletal system and connective tissue (M00-M99),M92
C0263660,M00-M99,Diseases of the musculoskeletal system and connective tissue (M00-M99),M93
C0263660,M00-M99,Diseases of the musculoskeletal system and connective tissue (M00-M99),M94
C0263660,M00-M99,Diseases of the musculoskeletal system and connective tissue (M00-M99),M95
C0263660,M00-M99,Diseases of the musculoskeletal system and connective tissue (M00-M99),M96
C0263660,M00-M99,Diseases of the musculoskeletal system and connective tissue (M00-M99),M97
C0263660,M00-M99,Diseases of the musculoskeletal system and connective tissue (M00-M99),M98
C0263660,M00-M99,Diseases of the musculoskeletal system and connective tissue (M00-M99),M99
C4268689,M04-M04,Autoinflammatory syndromes (M04),M04
C0162323,M05-M14,Inflammatory polyarthropathies (M05-M14),M05
C0162323,M05-M14,Inflammatory polyarthropathies (M05-M14),M06
C0162323,M05-M14,Inflammatory polyarthropathies (M05-M14),M07
C0162323,M05-M14,Inflammatory polyarthropathies (M05-M14),M08
C0162323,M05-M14,Inflammatory polyarthropathies (M05-M14),M09
C0162323,M05-M14,Inflammatory polyarthropathies (M05-M14),M10
C0162323,M05-M14,Inflammatory polyarthropathies (M05-M14),M11
C0162323,M05-M14,Inflammatory polyarthropathies (M05-M14),M12
C0162323,M05-M14,Inflammatory polyarthropathies (M05-M14),M13
C0162323,M05-M14,Inflammatory polyarthropathies (M05-M14),M14
C0029408,M15-M19,Osteoarthritis (M15-M19),M15
C0029408,M15-M19,Osteoarthritis (M15-M19),M16
C0029408,M15-M19,Osteoarthritis (M15-M19),M17
C0029408,M15-M19,Osteoarthritis (M15-M19),M18
C0029408,M15-M19,Osteoarthritis (M15-M19),M19
C1442831,M20-M25,Other joint disorders (M20-M25),M20
C1442831,M20-M25,Other joint disorders (M20-M25),M21
C1442831,M20-M25,Other joint disorders (M20-M25),M22
C1442831,M20-M25,Other joint disorders (M20-M25),M23
C1442831,M20-M25,Other joint disorders (M20-M25),M24
C1442831,M20-M25,Other joint disorders (M20-M25),M25
C2895129,M26-M27,Dentofacial anomalies [including malocclusion] and other disorders of jaw (M26-M27),M26
C2895129,M26-M27,Dentofacial anomalies [including malocclusion] and other disorders of jaw (M26-M27),M27
C0477583,M30-M36,Systemic connective tissue disorders (M30-M36),M30
C0477583,M30-M36,Systemic connective tissue disorders (M30-M36),M31
C0477583,M30-M36,Systemic connective tissue disorders (M30-M36),M32
C0477583,M30-M36,Systemic connective tissue disorders (M30-M36),M33
C0477583,M30-M36,Systemic connective tissue disorders (M30-M36),M34
C0477583,M30-M36,Systemic connective tissue disorders (M30-M36),M35
C0477583,M30-M36,Systemic connective tissue disorders (M30-M36),M36
C0477599,M40-M43,Deforming dorsopathies (M40-M43),M40
C0477599,M40-M43,Deforming dorsopathies (M40-M43),M41
C0477599,M40-M43,Deforming dorsopathies (M40-M43),M42
C0477599,M40-M43,Deforming dorsopathies (M40-M43),M43
C4268715,M40-M54,Dorsopathies (M40-M54),M40
C4268715,M40-M54,Dorsopathies (M40-M54),M41
C4268715,M40-M54,Dorsopathies (M40-M54),M42
C4268715,M40-M54,Dorsopathies (M40-M54),M43
C4268715,M40-M54,Dorsopathies (M40-M54),M44
C4268715,M40-M54,Dorsopathies (M40-M54),M45
C4268715,M40-M54,Dorsopathies (M40-M54),M46
C4268715,M40-M54,Dorsopathies (M40-M54),M47
C4268715,M40-M54,Dorsopathies (M40-M54),M48
C4268715,M40-M54,Dorsopathies (M40-M54),M49
C4268715,M40-M54,Dorsopathies (M40-M54),M50
C4268715,M40-M54,Dorsopathies (M40-M54),M51
C4268715,M40-M54,Dorsopathies (M40-M54),M52
C4268715,M40-M54,Dorsopathies (M40-M54),M53
C4268715,M40-M54,Dorsopathies (M40-M54),M54
C0037933,M45-M49,Spondylopathies (M45-M49),M45
C0037933,M45-M49,Spondylopathies (M45-M49),M46
C0037933,M45-M49,Spondylopathies (M45-M49),M47
C0037933,M45-M49,Spondylopathies (M45-M49),M48
C0037933,M45-M49,Spondylopathies (M45-M49),M49
C0477621,M50-M54,Other dorsopathies (M50-M54),M50
C0477621,M50-M54,Other dorsopathies (M50-M54),M51
C0477621,M50-M54,Other dorsopathies (M50-M54),M52
C0477621,M50-M54,Other dorsopathies (M50-M54),M53
C0477621,M50-M54,Other dorsopathies (M50-M54),M54
C0026848,M60-M63,Disorders of muscles (M60-M63),M60
C0026848,M60-M63,Disorders of muscles (M60-M63),M61
C0026848,M60-M63,Disorders of muscles (M60-M63),M62
C0026848,M60-M63,Disorders of muscles (M60-M63),M63
C4268740,M60-M79,Soft tissue disorders (M60-M79),M60
C4268740,M60-M79,Soft tissue disorders (M60-M79),M61
C4268740,M60-M79,Soft tissue disorders (M60-M79),M62
C4268740,M60-M79,Soft tissue disorders (M60-M79),M63
C4268740,M60-M79,Soft tissue disorders (M60-M79),M64
C4268740,M60-M79,Soft tissue disorders (M60-M79),M65
C4268740,M60-M79,Soft tissue disorders (M60-M79),M66
C4268740,M60-M79,Soft tissue disorders (M60-M79),M67
C4268740,M60-M79,Soft tissue disorders (M60-M79),M68
C4268740,M60-M79,Soft tissue disorders (M60-M79),M69
C4268740,M60-M79,Soft tissue disorders (M60-M79),M70
C4268740,M60-M79,Soft tissue disorders (M60-M79),M71
C4268740,M60-M79,Soft tissue disorders (M60-M79),M72
C4268740,M60-M79,Soft tissue disorders (M60-M79),M73
C4268740,M60-M79,Soft tissue disorders (M60-M79),M74
C4268740,M60-M79,Soft tissue disorders (M60-M79),M75
C4268740,M60-M79,Soft tissue disorders (M60-M79),M76
C4268740,M60-M79,Soft tissue disorders (M60-M79),M77
C4268740,M60-M79,Soft tissue disorders (M60-M79),M78
C4268740,M60-M79,Soft tissue disorders (M60-M79),M79
C0477645,M65-M67,Disorders of synovium and tendon (M65-M67),M65
C0477645,M65-M67,Disorders of synovium and tendon (M65-M67),M66
C0477645,M65-M67,Disorders of synovium and tendon (M65-M67),M67
C0158370,M70-M79,Other soft tissue disorders (M70-M79),M70
C0158370,M70-M79,Other soft tissue disorders (M70-M79),M71
C0158370,M70-M79,Other soft tissue disorders (M70-M79),M72
C0158370,M70-M79,Other soft tissue disorders (M70-M79),M73
C0158370,M70-M79,Other soft tissue disorders (M70-M79),M74
C0158370,M70-M79,Other soft tissue disorders (M70-M79),M75
C0158370,M70-M79,Other soft tissue disorders (M70-M79),M76
C0158370,M70-M79,Other soft tissue disorders (M70-M79),M77
C0158370,M70-M79,Other soft tissue disorders (M70-M79),M78
C0158370,M70-M79,Other soft tissue disorders (M70-M79),M79
C0477681,M80-M85,Disorders of bone density and structure (M80-M85),M80
C0477681,M80-M85,Disorders of bone density and structure (M80-M85),M81
C0477681,M80-M85,Disorders of bone density and structure (M80-M85),M82
C0477681,M80-M85,Disorders of bone density and structure (M80-M85),M83
C0477681,M80-M85,Disorders of bone density and structure (M80-M85),M84
C0477681,M80-M85,Disorders of bone density and structure (M80-M85),M85
C4268742,M80-M94,Osteopathies and chondropathies (M80-M94),M80
C4268742,M80-M94,Osteopathies and chondropathies (M80-M94),M81
C4268742,M80-M94,Osteopathies and chondropathies (M80-M94),M82
C4268742,M80-M94,Osteopathies and chondropathies (M80-M94),M83
C4268742,M80-M94,Osteopathies and chondropathies (M80-M94),M84
C4268742,M80-M94,Osteopathies and chondropathies (M80-M94),M85
C4268742,M80-M94,Osteopathies and chondropathies (M80-M94),M86
C4268742,M80-M94,Osteopathies and chondropathies (M80-M94),M87
C4268742,M80-M94,Osteopathies and chondropathies (M80-M94),M88
C4268742,M80-M94,Osteopathies and chondropathies (M80-M94),M89
C4268742,M80-M94,Osteopathies and chondropathies (M80-M94),M90
C4268742,M80-M94,Osteopathies and chondropathies (M80-M94),M91
C4268742,M80-M94,Osteopathies and chondropathies (M80-M94),M92
C4268742,M80-M94,Osteopathies and chondropathies (M80-M94),M93
C4268742,M80-M94,Osteopathies and chondropathies (M80-M94),M94
C0477682,M86-M90,Other osteopathies (M86-M90),M86
C0477682,M86-M90,Other osteopathies (M86-M90),M87
C0477682,M86-M90,Other osteopathies (M86-M90),M88
C0477682,M86-M90,Other osteopathies (M86-M90),M89
C0477682,M86-M90,Other osteopathies (M86-M90),M90
C0007302,M91-M94,Chondropathies (M91-M94),M91
C0007302,M91-M94,Chondropathies (M91-M94),M92
C0007302,M91-M94,Chondropathies (M91-M94),M93
C0007302,M91-M94,Chondropathies (M91-M94),M94
C0477705,M95-M95,Other disorders of the musculoskeletal system and connective tissue (M95),M95
C2902725,M96-M96,"Intraoperative and postprocedural complications and disorders of musculoskeletal system, not elsewhere classified (M96)",M96
C4268823,M97-M97,Periprosthetic fracture around internal prosthetic joint (M97),M97
C0868884,M99-M99,"Biomechanical lesions, not elsewhere classified (M99)",M99
C0268731,N00-N08,Glomerular diseases (N00-N08),N00
C0268731,N00-N08,Glomerular diseases (N00-N08),N01
C0268731,N00-N08,Glomerular diseases (N00-N08),N02
C0268731,N00-N08,Glomerular diseases (N00-N08),N03
C0268731,N00-N08,Glomerular diseases (N00-N08),N04
C0268731,N00-N08,Glomerular diseases (N00-N08),N05
C0268731,N00-N08,Glomerular diseases (N00-N08),N06
C0268731,N00-N08,Glomerular diseases (N00-N08),N07
C0268731,N00-N08,Glomerular diseases (N00-N08),N08
C0080276,N00-N99,Diseases of the genitourinary system (N00-N99),N00
C0080276,N00-N99,Diseases of the genitourinary system (N00-N99),N01
C0080276,N00-N99,Diseases of the genitourinary system (N00-N99),N02
C0080276,N00-N99,Diseases of the genitourinary system (N00-N99),N03
C0080276,N00-N99,Diseases of the genitourinary system (N00-N99),N04
C0080276,N00-N99,Diseases of the genitourinary system (N00-N99),N05
C0080276,N00-N99,Diseases of the genitourinary system (N00-N99),N06
C0080276,N00-N99,Diseases of the genitourinary system (N00-N99),N07
C0080276,N00-N99,Diseases of the genitourinary system (N00-N99),N08
C0080276,N00-N99,Diseases of the genitourinary system (N00-N99),N09
C0080276,N00-N99,Diseases of the genitourinary system (N00-N99),N10
C0080276,N00-N99,Diseases of the genitourinary system (N00-N99),N11
C0080276,N00-N99,Diseases of the genitourinary system (N00-N99),N12
C0080276,N00-N99,Diseases of the genitourinary system (N00-N99),N13
C0080276,N00-N99,Diseases of the genitourinary system (N00-N99),N14
C0080276,N00-N99,Diseases of the genitourinary system (N00-N99),N15
C0080276,N00-N99,Diseases of the genitourinary system (N00-N99),N16
C0080276,N00-N99,Diseases of the genitourinary system (N00-N99),N17
C0080276,N00-N99,Diseases of the genitourinary system (N00-N99),N18
C0080276,N00-N99,Diseases of the genitourinary system (N00-N99),N19
C0080276,N00-N99,Diseases of the genitourinary system (N00-N99),N20
C0080276,N00-N99,Diseases of the genitourinary system (N00-N99),N21
C0080276,N00-N99,Diseases of the genitourinary system (N00-N99),N22
C0080276,N00-N99,Diseases of the genitourinary system (N00-N99),N23
C0080276,N00-N99,Diseases of the genitourinary system (N00-N99),N24
C0080276,N00-N99,Diseases of the genitourinary system (N00-N99),N25
C0080276,N00-N99,Diseases of the genitourinary system (N00-N99),N26
C0080276,N00-N99,Diseases of the genitourinary system (N00-N99),N27
C0080276,N00-N99,Diseases of the genitourinary system (N00-N99),N28
C0080276,N00-N99,Diseases of the genitourinary system (N00-N99),N29
C0080276,N00-N99,Diseases of the genitourinary system (N00-N99),N30
C0080276,N00-N99,Diseases of the genitourinary system (N00-N99),N31
C0080276,N00-N99,Diseases of the genitourinary system (N00-N99),N32
C0080276,N00-N99,Diseases of the genitourinary system (N00-N99),N33
C0080276,N00-N99,Diseases of the genitourinary system (N00-N99),N34
C0080276,N00-N99,Diseases of the genitourinary system (N00-N99),N35
C0080276,N00-N99,Diseases of the genitourinary system (N00-N99),N36
C0080276,N00-N99,Diseases of the genitourinary system (N00-N99),N37
C0080276,N00-N99,Diseases of the genitourinary system (N00-N99),N38
C0080276,N00-N99,Diseases of the genitourinary system (N00-N99),N39
C0080276,N00-N99,Diseases of the genitourinary system (N00-N99),N40
C0080276,N00-N99,Diseases of the genitourinary system (N00-N99),N41
C0080276,N00-N99,Diseases of the genitourinary system (N00-N99),N42
C0080276,N00-N99,Diseases of the genitourinary system (N00-N99),N43
C0080276,N00-N99,Diseases of the genitourinary system (N00-N99),N44
C0080276,N00-N99,Diseases of the genitourinary system (N00-N99),N45
C0080276,N00-N99,Diseases of the genitourinary system (N00-N99),N46
C0080276,N00-N99,Diseases of the genitourinary system (N00-N99),N47
C0080276,N00-N99,Diseases of the genitourinary system (N00-N99),N48
C0080276,N00-N99,Diseases of the genitourinary system (N00-N99),N49
C0080276,N00-N99,Diseases of the genitourinary system (N00-N99),N50
C0080276,N00-N99,Diseases of the genitourinary system (N00-N99),N51
C0080276,N00-N99,Diseases of the genitourinary system (N00-N99),N52
C0080276,N00-N99,Diseases of the genitourinary system (N00-N99),N53
C0080276,N00-N99,Diseases of the genitourinary system (N00-N99),N54
C0080276,N00-N99,Diseases of the genitourinary system (N00-N99),N55
C0080276,N00-N99,Diseases of the genitourinary system (N00-N99),N56
C0080276,N00-N99,Diseases of the genitourinary system (N00-N99),N57
C0080276,N00-N99,Diseases of the genitourinary system (N00-N99),N58
C0080276,N00-N99,Diseases of the genitourinary system (N00-N99),N59
C0080276,N00-N99,Diseases of the genitourinary system (N00-N99),N60
C0080276,N00-N99,Diseases of the genitourinary system (N00-N99),N61
C0080276,N00-N99,Diseases of the genitourinary system (N00-N99),N62
C0080276,N00-N99,Diseases of the genitourinary system (N00-N99),N63
C0080276,N00-N99,Diseases of the genitourinary system (N00-N99),N64
C0080276,N00-N99,Diseases of the genitourinary system (N00-N99),N65
C0080276,N00-N99,Diseases of the genitourinary system (N00-N99),N66
C0080276,N00-N99,Diseases of the genitourinary system (N00-N99),N67
C0080276,N00-N99,Diseases of the genitourinary system (N00-N99),N68
C0080276,N00-N99,Diseases of the genitourinary system (N00-N99),N69
C0080276,N00-N99,Diseases of the genitourinary system (N00-N99),N70
C0080276,N00-N99,Diseases of the genitourinary system (N00-N99),N71
C0080276,N00-N99,Diseases of the genitourinary system (N00-N99),N72
C0080276,N00-N99,Diseases of the genitourinary system (N00-N99),N73
C0080276,N00-N99,Diseases of the genitourinary system (N00-N99),N74
C0080276,N00-N99,Diseases of the genitourinary system (N00-N99),N75
C0080276,N00-N99,Diseases of the genitourinary system (N00-N99),N76
C0080276,N00-N99,Diseases of the genitourinary system (N00-N99),N77
C0080276,N00-N99,Diseases of the genitourinary system (N00-N99),N78
C0080276,N00-N99,Diseases of the genitourinary system (N00-N99),N79
C0080276,N00-N99,Diseases of the genitourinary system (N00-N99),N80
C0080276,N00-N99,Diseases of the genitourinary system (N00-N99),N81
C0080276,N00-N99,Diseases of the genitourinary system (N00-N99),N82
C0080276,N00-N99,Diseases of the genitourinary system (N00-N99),N83
C0080276,N00-N99,Diseases of the genitourinary system (N00-N99),N84
C0080276,N00-N99,Diseases of the genitourinary system (N00-N99),N85
C0080276,N00-N99,Diseases of the genitourinary system (N00-N99),N86
C0080276,N00-N99,Diseases of the genitourinary system (N00-N99),N87
C0080276,N00-N99,Diseases of the genitourinary system (N00-N99),N88
C0080276,N00-N99,Diseases of the genitourinary system (N00-N99),N89
C0080276,N00-N99,Diseases of the genitourinary system (N00-N99),N90
C0080276,N00-N99,Diseases of the genitourinary system (N00-N99),N91
C0080276,N00-N99,Diseases of the genitourinary system (N00-N99),N92
C0080276,N00-N99,Diseases of the genitourinary system (N00-N99),N93
C0080276,N00-N99,Diseases of the genitourinary system (N00-N99),N94
C0080276,N00-N99,Diseases of the genitourinary system (N00-N99),N95
C0080276,N00-N99,Diseases of the genitourinary system (N00-N99),N96
C0080276,N00-N99,Diseases of the genitourinary system (N00-N99),N97
C0080276,N00-N99,Diseases of the genitourinary system (N00-N99),N98
C0080276,N00-N99,Diseases of the genitourinary system (N00-N99),N99
C0041349,N10-N16,Renal tubulo-interstitial diseases (N10-N16),N10
C0041349,N10-N16,Renal tubulo-interstitial diseases (N10-N16),N11
C0041349,N10-N16,Renal tubulo-interstitial diseases (N10-N16),N12
C0041349,N10-N16,Renal tubulo-interstitial diseases (N10-N16),N13
C0041349,N10-N16,Renal tubulo-interstitial diseases (N10-N16),N14
C0041349,N10-N16,Renal tubulo-interstitial diseases (N10-N16),N15
C0041349,N10-N16,Renal tubulo-interstitial diseases (N10-N16),N16
C2902950,N17-N19,Acute kidney failure and chronic kidney disease (N17-N19),N17
C2902950,N17-N19,Acute kidney failure and chronic kidney disease (N17-N19),N18
C2902950,N17-N19,Acute kidney failure and chronic kidney disease (N17-N19),N19
C0451641,N20-N23,Urolithiasis (N20-N23),N20
C0451641,N20-N23,Urolithiasis (N20-N23),N21
C0451641,N20-N23,Urolithiasis (N20-N23),N22
C0451641,N20-N23,Urolithiasis (N20-N23),N23
C0156258,N25-N29,Other disorders of kidney and ureter (N25-N29),N25
C0156258,N25-N29,Other disorders of kidney and ureter (N25-N29),N26
C0156258,N25-N29,Other disorders of kidney and ureter (N25-N29),N27
C0156258,N25-N29,Other disorders of kidney and ureter (N25-N29),N28
C0156258,N25-N29,Other disorders of kidney and ureter (N25-N29),N29
C0178288,N30-N39,Other diseases of the urinary system (N30-N39),N30
C0178288,N30-N39,Other diseases of the urinary system (N30-N39),N31
C0178288,N30-N39,Other diseases of the urinary system (N30-N39),N32
C0178288,N30-N39,Other diseases of the urinary system (N30-N39),N33
C0178288,N30-N39,Other diseases of the urinary system (N30-N39),N34
C0178288,N30-N39,Other diseases of the urinary system (N30-N39),N35
C0178288,N30-N39,Other diseases of the urinary system (N30-N39),N36
C0178288,N30-N39,Other diseases of the urinary system (N30-N39),N37
C0178288,N30-N39,Other diseases of the urinary system (N30-N39),N38
C0178288,N30-N39,Other diseases of the urinary system (N30-N39),N39
C2977265,N40-N53,Diseases of male genital organs (N40-N53),N40
C2977265,N40-N53,Diseases of male genital organs (N40-N53),N41
C2977265,N40-N53,Diseases of male genital organs (N40-N53),N42
C2977265,N40-N53,Diseases of male genital organs (N40-N53),N43
C2977265,N40-N53,Diseases of male genital organs (N40-N53),N44
C2977265,N40-N53,Diseases of male genital organs (N40-N53),N45
C2977265,N40-N53,Diseases of male genital organs (N40-N53),N46
C2977265,N40-N53,Diseases of male genital organs (N40-N53),N47
C2977265,N40-N53,Diseases of male genital organs (N40-N53),N48
C2977265,N40-N53,Diseases of male genital organs (N40-N53),N49
C2977265,N40-N53,Diseases of male genital organs (N40-N53),N50
C2977265,N40-N53,Diseases of male genital organs (N40-N53),N51
C2977265,N40-N53,Diseases of male genital organs (N40-N53),N52
C2977265,N40-N53,Diseases of male genital organs (N40-N53),N53
C0006145,N60-N65,Disorders of breast (N60-N65),N60
C0006145,N60-N65,Disorders of breast (N60-N65),N61
C0006145,N60-N65,Disorders of breast (N60-N65),N62
C0006145,N60-N65,Disorders of breast (N60-N65),N63
C0006145,N60-N65,Disorders of breast (N60-N65),N64
C0006145,N60-N65,Disorders of breast (N60-N65),N65
C0242172,N70-N77,Inflammatory diseases of female pelvic organs (N70-N77),N70
C0242172,N70-N77,Inflammatory diseases of female pelvic organs (N70-N77),N71
C0242172,N70-N77,Inflammatory diseases of female pelvic organs (N70-N77),N72
C0242172,N70-N77,Inflammatory diseases of female pelvic organs (N70-N77),N73
C0242172,N70-N77,Inflammatory diseases of female pelvic organs (N70-N77),N74
C0242172,N70-N77,Inflammatory diseases of female pelvic organs (N70-N77),N75
C0242172,N70-N77,Inflammatory diseases of female pelvic organs (N70-N77),N76
C0242172,N70-N77,Inflammatory diseases of female pelvic organs (N70-N77),N77
C0269150,N80-N98,Noninflammatory disorders of female genital tract (N80-N98),N80
C0269150,N80-N98,Noninflammatory disorders of female genital tract (N80-N98),N81
C0269150,N80-N98,Noninflammatory disorders of female genital tract (N80-N98),N82
C0269150,N80-N98,Noninflammatory disorders of female genital tract (N80-N98),N83
C0269150,N80-N98,Noninflammatory disorders of female genital tract (N80-N98),N84
C0269150,N80-N98,Noninflammatory disorders of female genital tract (N80-N98),N85
C0269150,N80-N98,Noninflammatory disorders of female genital tract (N80-N98),N86
C0269150,N80-N98,Noninflammatory disorders of female genital tract (N80-N98),N87
C0269150,N80-N98,Noninflammatory disorders of female genital tract (N80-N98),N88
C0269150,N80-N98,Noninflammatory disorders of female genital tract (N80-N98),N89
C0269150,N80-N98,Noninflammatory disorders of female genital tract (N80-N98),N90
C0269150,N80-N98,Noninflammatory disorders of female genital tract (N80-N98),N91
C0269150,N80-N98,Noninflammatory disorders of female genital tract (N80-N98),N92
C0269150,N80-N98,Noninflammatory disorders of female genital tract (N80-N98),N93
C0269150,N80-N98,Noninflammatory disorders of female genital tract (N80-N98),N94
C0269150,N80-N98,Noninflammatory disorders of female genital tract (N80-N98),N95
C0269150,N80-N98,Noninflammatory disorders of female genital tract (N80-N98),N96
C0269150,N80-N98,Noninflammatory disorders of female genital tract (N80-N98),N97
C0269150,N80-N98,Noninflammatory disorders of female genital tract (N80-N98),N98
C2903153,N99-N99,"Intraoperative and postprocedural complications and disorders of genitourinary system, not elsewhere classified (N99)",N99
C0156543,O00-O08,Pregnancy with abortive outcome (O00-O08),O00
C0156543,O00-O08,Pregnancy with abortive outcome (O00-O08),O01
C0156543,O00-O08,Pregnancy with abortive outcome (O00-O08),O02
C0156543,O00-O08,Pregnancy with abortive outcome (O00-O08),O03
C0156543,O00-O08,Pregnancy with abortive outcome (O00-O08),O04
C0156543,O00-O08,Pregnancy with abortive outcome (O00-O08),O05
C0156543,O00-O08,Pregnancy with abortive outcome (O00-O08),O06
C0156543,O00-O08,Pregnancy with abortive outcome (O00-O08),O07
C0156543,O00-O08,Pregnancy with abortive outcome (O00-O08),O08
C3264513,O00-O9A,"Pregnancy, childbirth and the puerperium (O00-O9A)",O00
C3264513,O00-O9A,"Pregnancy, childbirth and the puerperium (O00-O9A)",O9A
C2977268,O09-O09,Supervision of high risk pregnancy (O09),O09
C0477811,O10-O16,"Edema, proteinuria and hypertensive disorders in pregnancy, childbirth and the puerperium (O10-O16)",O10
C0477811,O10-O16,"Edema, proteinuria and hypertensive disorders in pregnancy, childbirth and the puerperium (O10-O16)",O11
C0477811,O10-O16,"Edema, proteinuria and hypertensive disorders in pregnancy, childbirth and the puerperium (O10-O16)",O12
C0477811,O10-O16,"Edema, proteinuria and hypertensive disorders in pregnancy, childbirth and the puerperium (O10-O16)",O13
C0477811,O10-O16,"Edema, proteinuria and hypertensive disorders in pregnancy, childbirth and the puerperium (O10-O16)",O14
C0477811,O10-O16,"Edema, proteinuria and hypertensive disorders in pregnancy, childbirth and the puerperium (O10-O16)",O15
C0477811,O10-O16,"Edema, proteinuria and hypertensive disorders in pregnancy, childbirth and the puerperium (O10-O16)",O16
C0477812,O20-O29,Other maternal disorders predominantly related to pregnancy (O20-O29),O20
C0477812,O20-O29,Other maternal disorders predominantly related to pregnancy (O20-O29),O21
C0477812,O20-O29,Other maternal disorders predominantly related to pregnancy (O20-O29),O22
C0477812,O20-O29,Other maternal disorders predominantly related to pregnancy (O20-O29),O23
C0477812,O20-O29,Other maternal disorders predominantly related to pregnancy (O20-O29),O24
C0477812,O20-O29,Other maternal disorders predominantly related to pregnancy (O20-O29),O25
C0477812,O20-O29,Other maternal disorders predominantly related to pregnancy (O20-O29),O26
C0477812,O20-O29,Other maternal disorders predominantly related to pregnancy (O20-O29),O27
C0477812,O20-O29,Other maternal disorders predominantly related to pregnancy (O20-O29),O28
C0477812,O20-O29,Other maternal disorders predominantly related to pregnancy (O20-O29),O29
C0477822,O30-O48,Maternal care related to the fetus and amniotic cavity and possible delivery problems (O30-O48),O30
C0477822,O30-O48,Maternal care related to the fetus and amniotic cavity and possible delivery problems (O30-O48),O31
C0477822,O30-O48,Maternal care related to the fetus and amniotic cavity and possible delivery problems (O30-O48),O32
C0477822,O30-O48,Maternal care related to the fetus and amniotic cavity and possible delivery problems (O30-O48),O33
C0477822,O30-O48,Maternal care related to the fetus and amniotic cavity and possible delivery problems (O30-O48),O34
C0477822,O30-O48,Maternal care related to the fetus and amniotic cavity and possible delivery problems (O30-O48),O35
C0477822,O30-O48,Maternal care related to the fetus and amniotic cavity and possible delivery problems (O30-O48),O36
C0477822,O30-O48,Maternal care related to the fetus and amniotic cavity and possible delivery problems (O30-O48),O37
C0477822,O30-O48,Maternal care related to the fetus and amniotic cavity and possible delivery problems (O30-O48),O38
C0477822,O30-O48,Maternal care related to the fetus and amniotic cavity and possible delivery problems (O30-O48),O39
C0477822,O30-O48,Maternal care related to the fetus and amniotic cavity and possible delivery problems (O30-O48),O40
C0477822,O30-O48,Maternal care related to the fetus and amniotic cavity and possible delivery problems (O30-O48),O41
C0477822,O30-O48,Maternal care related to the fetus and amniotic cavity and possible delivery problems (O30-O48),O42
C0477822,O30-O48,Maternal care related to the fetus and amniotic cavity and possible delivery problems (O30-O48),O43
C0477822,O30-O48,Maternal care related to the fetus and amniotic cavity and possible delivery problems (O30-O48),O44
C0477822,O30-O48,Maternal care related to the fetus and amniotic cavity and possible delivery problems (O30-O48),O45
C0477822,O30-O48,Maternal care related to the fetus and amniotic cavity and possible delivery problems (O30-O48),O46
C0477822,O30-O48,Maternal care related to the fetus and amniotic cavity and possible delivery problems (O30-O48),O47
C0477822,O30-O48,Maternal care related to the fetus and amniotic cavity and possible delivery problems (O30-O48),O48
C0269815,O60-O77,Complications of labor and delivery (O60-O77),O60
C0269815,O60-O77,Complications of labor and delivery (O60-O77),O61
C0269815,O60-O77,Complications of labor and delivery (O60-O77),O62
C0269815,O60-O77,Complications of labor and delivery (O60-O77),O63
C0269815,O60-O77,Complications of labor and delivery (O60-O77),O64
C0269815,O60-O77,Complications of labor and delivery (O60-O77),O65
C0269815,O60-O77,Complications of labor and delivery (O60-O77),O66
C0269815,O60-O77,Complications of labor and delivery (O60-O77),O67
C0269815,O60-O77,Complications of labor and delivery (O60-O77),O68
C0269815,O60-O77,Complications of labor and delivery (O60-O77),O69
C0269815,O60-O77,Complications of labor and delivery (O60-O77),O70
C0269815,O60-O77,Complications of labor and delivery (O60-O77),O71
C0269815,O60-O77,Complications of labor and delivery (O60-O77),O72
C0269815,O60-O77,Complications of labor and delivery (O60-O77),O73
C0269815,O60-O77,Complications of labor and delivery (O60-O77),O74
C0269815,O60-O77,Complications of labor and delivery (O60-O77),O75
C0269815,O60-O77,Complications of labor and delivery (O60-O77),O76
C0269815,O60-O77,Complications of labor and delivery (O60-O77),O77
C2977483,O80-O82,Encounter for delivery (O80-O82),O80
C2977483,O80-O82,Encounter for delivery (O80-O82),O81
C2977483,O80-O82,Encounter for delivery (O80-O82),O82
C0477865,O85-O92,Complications predominantly related to the puerperium (O85-O92),O85
C0477865,O85-O92,Complications predominantly related to the puerperium (O85-O92),O86
C0477865,O85-O92,Complications predominantly related to the puerperium (O85-O92),O87
C0477865,O85-O92,Complications predominantly related to the puerperium (O85-O92),O88
C0477865,O85-O92,Complications predominantly related to the puerperium (O85-O92),O89
C0477865,O85-O92,Complications predominantly related to the puerperium (O85-O92),O90
C0477865,O85-O92,Complications predominantly related to the puerperium (O85-O92),O91
C0477865,O85-O92,Complications predominantly related to the puerperium (O85-O92),O92
C0869075,O94-O9A,"Other obstetric conditions, not elsewhere classified (O94-O9A)",O94
C0869075,O94-O9A,"Other obstetric conditions, not elsewhere classified (O94-O9A)",O9A
C2909775,P00-P04,"Newborn affected by maternal factors and by complications of pregnancy, labor, and delivery (P00-P04)",P00
C2909775,P00-P04,"Newborn affected by maternal factors and by complications of pregnancy, labor, and delivery (P00-P04)",P01
C2909775,P00-P04,"Newborn affected by maternal factors and by complications of pregnancy, labor, and delivery (P00-P04)",P02
C2909775,P00-P04,"Newborn affected by maternal factors and by complications of pregnancy, labor, and delivery (P00-P04)",P03
C2909775,P00-P04,"Newborn affected by maternal factors and by complications of pregnancy, labor, and delivery (P00-P04)",P04
C0178307,P00-P96,Certain conditions originating in the perinatal period (P00-P96),P00
C0178307,P00-P96,Certain conditions originating in the perinatal period (P00-P96),P01
C0178307,P00-P96,Certain conditions originating in the perinatal period (P00-P96),P02
C0178307,P00-P96,Certain conditions originating in the perinatal period (P00-P96),P03
C0178307,P00-P96,Certain conditions originating in the perinatal period (P00-P96),P04
C0178307,P00-P96,Certain conditions originating in the perinatal period (P00-P96),P05
C0178307,P00-P96,Certain conditions originating in the perinatal period (P00-P96),P06
C0178307,P00-P96,Certain conditions originating in the perinatal period (P00-P96),P07
C0178307,P00-P96,Certain conditions originating in the perinatal period (P00-P96),P08
C0178307,P00-P96,Certain conditions originating in the perinatal period (P00-P96),P09
C0178307,P00-P96,Certain conditions originating in the perinatal period (P00-P96),P10
C0178307,P00-P96,Certain conditions originating in the perinatal period (P00-P96),P11
C0178307,P00-P96,Certain conditions originating in the perinatal period (P00-P96),P12
C0178307,P00-P96,Certain conditions originating in the perinatal period (P00-P96),P13
C0178307,P00-P96,Certain conditions originating in the perinatal period (P00-P96),P14
C0178307,P00-P96,Certain conditions originating in the perinatal period (P00-P96),P15
C0178307,P00-P96,Certain conditions originating in the perinatal period (P00-P96),P16
C0178307,P00-P96,Certain conditions originating in the perinatal period (P00-P96),P17
C0178307,P00-P96,Certain conditions originating in the perinatal period (P00-P96),P18
C0178307,P00-P96,Certain conditions originating in the perinatal period (P00-P96),P19
C0178307,P00-P96,Certain conditions originating in the perinatal period (P00-P96),P20
C0178307,P00-P96,Certain conditions originating in the perinatal period (P00-P96),P21
C0178307,P00-P96,Certain conditions originating in the perinatal period (P00-P96),P22
C0178307,P00-P96,Certain conditions originating in the perinatal period (P00-P96),P23
C0178307,P00-P96,Certain conditions originating in the perinatal period (P00-P96),P24
C0178307,P00-P96,Certain conditions originating in the perinatal period (P00-P96),P25
C0178307,P00-P96,Certain conditions originating in the perinatal period (P00-P96),P26
C0178307,P00-P96,Certain conditions originating in the perinatal period (P00-P96),P27
C0178307,P00-P96,Certain conditions originating in the perinatal period (P00-P96),P28
C0178307,P00-P96,Certain conditions originating in the perinatal period (P00-P96),P29
C0178307,P00-P96,Certain conditions originating in the perinatal period (P00-P96),P30
C0178307,P00-P96,Certain conditions originating in the perinatal period (P00-P96),P31
C0178307,P00-P96,Certain conditions originating in the perinatal period (P00-P96),P32
C0178307,P00-P96,Certain conditions originating in the perinatal period (P00-P96),P33
C0178307,P00-P96,Certain conditions originating in the perinatal period (P00-P96),P34
C0178307,P00-P96,Certain conditions originating in the perinatal period (P00-P96),P35
C0178307,P00-P96,Certain conditions originating in the perinatal period (P00-P96),P36
C0178307,P00-P96,Certain conditions originating in the perinatal period (P00-P96),P37
C0178307,P00-P96,Certain conditions originating in the perinatal period (P00-P96),P38
C0178307,P00-P96,Certain conditions originating in the perinatal period (P00-P96),P39
C0178307,P00-P96,Certain conditions originating in the perinatal period (P00-P96),P40
C0178307,P00-P96,Certain conditions originating in the perinatal period (P00-P96),P41
C0178307,P00-P96,Certain conditions originating in the perinatal period (P00-P96),P42
C0178307,P00-P96,Certain conditions originating in the perinatal period (P00-P96),P43
C0178307,P00-P96,Certain conditions originating in the perinatal period (P00-P96),P44
C0178307,P00-P96,Certain conditions originating in the perinatal period (P00-P96),P45
C0178307,P00-P96,Certain conditions originating in the perinatal period (P00-P96),P46
C0178307,P00-P96,Certain conditions originating in the perinatal period (P00-P96),P47
C0178307,P00-P96,Certain conditions originating in the perinatal period (P00-P96),P48
C0178307,P00-P96,Certain conditions originating in the perinatal period (P00-P96),P49
C0178307,P00-P96,Certain conditions originating in the perinatal period (P00-P96),P50
C0178307,P00-P96,Certain conditions originating in the perinatal period (P00-P96),P51
C0178307,P00-P96,Certain conditions originating in the perinatal period (P00-P96),P52
C0178307,P00-P96,Certain conditions originating in the perinatal period (P00-P96),P53
C0178307,P00-P96,Certain conditions originating in the perinatal period (P00-P96),P54
C0178307,P00-P96,Certain conditions originating in the perinatal period (P00-P96),P55
C0178307,P00-P96,Certain conditions originating in the perinatal period (P00-P96),P56
C0178307,P00-P96,Certain conditions originating in the perinatal period (P00-P96),P57
C0178307,P00-P96,Certain conditions originating in the perinatal period (P00-P96),P58
C0178307,P00-P96,Certain conditions originating in the perinatal period (P00-P96),P59
C0178307,P00-P96,Certain conditions originating in the perinatal period (P00-P96),P60
C0178307,P00-P96,Certain conditions originating in the perinatal period (P00-P96),P61
C0178307,P00-P96,Certain conditions originating in the perinatal period (P00-P96),P62
C0178307,P00-P96,Certain conditions originating in the perinatal period (P00-P96),P63
C0178307,P00-P96,Certain conditions originating in the perinatal period (P00-P96),P64
C0178307,P00-P96,Certain conditions originating in the perinatal period (P00-P96),P65
C0178307,P00-P96,Certain conditions originating in the perinatal period (P00-P96),P66
C0178307,P00-P96,Certain conditions originating in the perinatal period (P00-P96),P67
C0178307,P00-P96,Certain conditions originating in the perinatal period (P00-P96),P68
C0178307,P00-P96,Certain conditions originating in the perinatal period (P00-P96),P69
C0178307,P00-P96,Certain conditions originating in the perinatal period (P00-P96),P70
C0178307,P00-P96,Certain conditions originating in the perinatal period (P00-P96),P71
C0178307,P00-P96,Certain conditions originating in the perinatal period (P00-P96),P72
C0178307,P00-P96,Certain conditions originating in the perinatal period (P00-P96),P73
C0178307,P00-P96,Certain conditions originating in the perinatal period (P00-P96),P74
C0178307,P00-P96,Certain conditions originating in the perinatal period (P00-P96),P75
C0178307,P00-P96,Certain conditions originating in the perinatal period (P00-P96),P76
C0178307,P00-P96,Certain conditions originating in the perinatal period (P00-P96),P77
C0178307,P00-P96,Certain conditions originating in the perinatal period (P00-P96),P78
C0178307,P00-P96,Certain conditions originating in the perinatal period (P00-P96),P79
C0178307,P00-P96,Certain conditions originating in the perinatal period (P00-P96),P80
C0178307,P00-P96,Certain conditions originating in the perinatal period (P00-P96),P81
C0178307,P00-P96,Certain conditions originating in the perinatal period (P00-P96),P82
C0178307,P00-P96,Certain conditions originating in the perinatal period (P00-P96),P83
C0178307,P00-P96,Certain conditions originating in the perinatal period (P00-P96),P84
C0178307,P00-P96,Certain conditions originating in the perinatal period (P00-P96),P85
C0178307,P00-P96,Certain conditions originating in the perinatal period (P00-P96),P86
C0178307,P00-P96,Certain conditions originating in the perinatal period (P00-P96),P87
C0178307,P00-P96,Certain conditions originating in the perinatal period (P00-P96),P88
C0178307,P00-P96,Certain conditions originating in the perinatal period (P00-P96),P89
C0178307,P00-P96,Certain conditions originating in the perinatal period (P00-P96),P90
C0178307,P00-P96,Certain conditions originating in the perinatal period (P00-P96),P91
C0178307,P00-P96,Certain conditions originating in the perinatal period (P00-P96),P92
C0178307,P00-P96,Certain conditions originating in the perinatal period (P00-P96),P93
C0178307,P00-P96,Certain conditions originating in the perinatal period (P00-P96),P94
C0178307,P00-P96,Certain conditions originating in the perinatal period (P00-P96),P95
C0178307,P00-P96,Certain conditions originating in the perinatal period (P00-P96),P96
C2909896,P05-P08,Disorders of newborn related to length of gestation and fetal growth (P05-P08),P05
C2909896,P05-P08,Disorders of newborn related to length of gestation and fetal growth (P05-P08),P06
C2909896,P05-P08,Disorders of newborn related to length of gestation and fetal growth (P05-P08),P07
C2909896,P05-P08,Disorders of newborn related to length of gestation and fetal growth (P05-P08),P08
C2909961,P09-P09,Abnormal findings on neonatal screening (P09),P09
C0005604,P10-P15,Birth trauma (P10-P15),P10
C0005604,P10-P15,Birth trauma (P10-P15),P11
C0005604,P10-P15,Birth trauma (P10-P15),P12
C0005604,P10-P15,Birth trauma (P10-P15),P13
C0005604,P10-P15,Birth trauma (P10-P15),P14
C0005604,P10-P15,Birth trauma (P10-P15),P15
C0477906,P19-P29,Respiratory and cardiovascular disorders specific to the perinatal period (P19-P29),P19
C0477906,P19-P29,Respiratory and cardiovascular disorders specific to the perinatal period (P19-P29),P20
C0477906,P19-P29,Respiratory and cardiovascular disorders specific to the perinatal period (P19-P29),P21
C0477906,P19-P29,Respiratory and cardiovascular disorders specific to the perinatal period (P19-P29),P22
C0477906,P19-P29,Respiratory and cardiovascular disorders specific to the perinatal period (P19-P29),P23
C0477906,P19-P29,Respiratory and cardiovascular disorders specific to the perinatal period (P19-P29),P24
C0477906,P19-P29,Respiratory and cardiovascular disorders specific to the perinatal period (P19-P29),P25
C0477906,P19-P29,Respiratory and cardiovascular disorders specific to the perinatal period (P19-P29),P26
C0477906,P19-P29,Respiratory and cardiovascular disorders specific to the perinatal period (P19-P29),P27
C0477906,P19-P29,Respiratory and cardiovascular disorders specific to the perinatal period (P19-P29),P28
C0477906,P19-P29,Respiratory and cardiovascular disorders specific to the perinatal period (P19-P29),P29
C0158944,P35-P39,Infections specific to the perinatal period (P35-P39),P35
C0158944,P35-P39,Infections specific to the perinatal period (P35-P39),P36
C0158944,P35-P39,Infections specific to the perinatal period (P35-P39),P37
C0158944,P35-P39,Infections specific to the perinatal period (P35-P39),P38
C0158944,P35-P39,Infections specific to the perinatal period (P35-P39),P39
C2910026,P50-P61,Hemorrhagic and hematological disorders of newborn (P50-P61),P50
C2910026,P50-P61,Hemorrhagic and hematological disorders of newborn (P50-P61),P51
C2910026,P50-P61,Hemorrhagic and hematological disorders of newborn (P50-P61),P52
C2910026,P50-P61,Hemorrhagic and hematological disorders of newborn (P50-P61),P53
C2910026,P50-P61,Hemorrhagic and hematological disorders of newborn (P50-P61),P54
C2910026,P50-P61,Hemorrhagic and hematological disorders of newborn (P50-P61),P55
C2910026,P50-P61,Hemorrhagic and hematological disorders of newborn (P50-P61),P56
C2910026,P50-P61,Hemorrhagic and hematological disorders of newborn (P50-P61),P57
C2910026,P50-P61,Hemorrhagic and hematological disorders of newborn (P50-P61),P58
C2910026,P50-P61,Hemorrhagic and hematological disorders of newborn (P50-P61),P59
C2910026,P50-P61,Hemorrhagic and hematological disorders of newborn (P50-P61),P60
C2910026,P50-P61,Hemorrhagic and hematological disorders of newborn (P50-P61),P61
C2910066,P70-P74,Transitory endocrine and metabolic disorders specific to newborn (P70-P74),P70
C2910066,P70-P74,Transitory endocrine and metabolic disorders specific to newborn (P70-P74),P71
C2910066,P70-P74,Transitory endocrine and metabolic disorders specific to newborn (P70-P74),P72
C2910066,P70-P74,Transitory endocrine and metabolic disorders specific to newborn (P70-P74),P73
C2910066,P70-P74,Transitory endocrine and metabolic disorders specific to newborn (P70-P74),P74
C2910075,P76-P78,Digestive system disorders of newborn (P76-P78),P76
C2910075,P76-P78,Digestive system disorders of newborn (P76-P78),P77
C2910075,P76-P78,Digestive system disorders of newborn (P76-P78),P78
C2910081,P80-P83,Conditions involving the integument and temperature regulation of newborn (P80-P83),P80
C2910081,P80-P83,Conditions involving the integument and temperature regulation of newborn (P80-P83),P81
C2910081,P80-P83,Conditions involving the integument and temperature regulation of newborn (P80-P83),P82
C2910081,P80-P83,Conditions involving the integument and temperature regulation of newborn (P80-P83),P83
C2910092,P84-P84,Other problems with newborn (P84),P84
C0477962,P90-P96,Other disorders originating in the perinatal period (P90-P96),P90
C0477962,P90-P96,Other disorders originating in the perinatal period (P90-P96),P91
C0477962,P90-P96,Other disorders originating in the perinatal period (P90-P96),P92
C0477962,P90-P96,Other disorders originating in the perinatal period (P90-P96),P93
C0477962,P90-P96,Other disorders originating in the perinatal period (P90-P96),P94
C0477962,P90-P96,Other disorders originating in the perinatal period (P90-P96),P95
C0477962,P90-P96,Other disorders originating in the perinatal period (P90-P96),P96
C0497552,Q00-Q07,Congenital malformations of the nervous system (Q00-Q07),Q00
C0497552,Q00-Q07,Congenital malformations of the nervous system (Q00-Q07),Q01
C0497552,Q00-Q07,Congenital malformations of the nervous system (Q00-Q07),Q02
C0497552,Q00-Q07,Congenital malformations of the nervous system (Q00-Q07),Q03
C0497552,Q00-Q07,Congenital malformations of the nervous system (Q00-Q07),Q04
C0497552,Q00-Q07,Congenital malformations of the nervous system (Q00-Q07),Q05
C0497552,Q00-Q07,Congenital malformations of the nervous system (Q00-Q07),Q06
C0497552,Q00-Q07,Congenital malformations of the nervous system (Q00-Q07),Q07
C0694457,Q00-Q99,"Congenital malformations, deformations and chromosomal abnormalities (Q00-Q99)",Q00
C0694457,Q00-Q99,"Congenital malformations, deformations and chromosomal abnormalities (Q00-Q99)",Q01
C0694457,Q00-Q99,"Congenital malformations, deformations and chromosomal abnormalities (Q00-Q99)",Q02
C0694457,Q00-Q99,"Congenital malformations, deformations and chromosomal abnormalities (Q00-Q99)",Q03
C0694457,Q00-Q99,"Congenital malformations, deformations and chromosomal abnormalities (Q00-Q99)",Q04
C0694457,Q00-Q99,"Congenital malformations, deformations and chromosomal abnormalities (Q00-Q99)",Q05
C0694457,Q00-Q99,"Congenital malformations, deformations and chromosomal abnormalities (Q00-Q99)",Q06
C0694457,Q00-Q99,"Congenital malformations, deformations and chromosomal abnormalities (Q00-Q99)",Q07
C0694457,Q00-Q99,"Congenital malformations, deformations and chromosomal abnormalities (Q00-Q99)",Q08
C0694457,Q00-Q99,"Congenital malformations, deformations and chromosomal abnormalities (Q00-Q99)",Q09
C0694457,Q00-Q99,"Congenital malformations, deformations and chromosomal abnormalities (Q00-Q99)",Q10
C0694457,Q00-Q99,"Congenital malformations, deformations and chromosomal abnormalities (Q00-Q99)",Q11
C0694457,Q00-Q99,"Congenital malformations, deformations and chromosomal abnormalities (Q00-Q99)",Q12
C0694457,Q00-Q99,"Congenital malformations, deformations and chromosomal abnormalities (Q00-Q99)",Q13
C0694457,Q00-Q99,"Congenital malformations, deformations and chromosomal abnormalities (Q00-Q99)",Q14
C0694457,Q00-Q99,"Congenital malformations, deformations and chromosomal abnormalities (Q00-Q99)",Q15
C0694457,Q00-Q99,"Congenital malformations, deformations and chromosomal abnormalities (Q00-Q99)",Q16
C0694457,Q00-Q99,"Congenital malformations, deformations and chromosomal abnormalities (Q00-Q99)",Q17
C0694457,Q00-Q99,"Congenital malformations, deformations and chromosomal abnormalities (Q00-Q99)",Q18
C0694457,Q00-Q99,"Congenital malformations, deformations and chromosomal abnormalities (Q00-Q99)",Q19
C0694457,Q00-Q99,"Congenital malformations, deformations and chromosomal abnormalities (Q00-Q99)",Q20
C0694457,Q00-Q99,"Congenital malformations, deformations and chromosomal abnormalities (Q00-Q99)",Q21
C0694457,Q00-Q99,"Congenital malformations, deformations and chromosomal abnormalities (Q00-Q99)",Q22
C0694457,Q00-Q99,"Congenital malformations, deformations and chromosomal abnormalities (Q00-Q99)",Q23
C0694457,Q00-Q99,"Congenital malformations, deformations and chromosomal abnormalities (Q00-Q99)",Q24
C0694457,Q00-Q99,"Congenital malformations, deformations and chromosomal abnormalities (Q00-Q99)",Q25
C0694457,Q00-Q99,"Congenital malformations, deformations and chromosomal abnormalities (Q00-Q99)",Q26
C0694457,Q00-Q99,"Congenital malformations, deformations and chromosomal abnormalities (Q00-Q99)",Q27
C0694457,Q00-Q99,"Congenital malformations, deformations and chromosomal abnormalities (Q00-Q99)",Q28
C0694457,Q00-Q99,"Congenital malformations, deformations and chromosomal abnormalities (Q00-Q99)",Q29
C0694457,Q00-Q99,"Congenital malformations, deformations and chromosomal abnormalities (Q00-Q99)",Q30
C0694457,Q00-Q99,"Congenital malformations, deformations and chromosomal abnormalities (Q00-Q99)",Q31
C0694457,Q00-Q99,"Congenital malformations, deformations and chromosomal abnormalities (Q00-Q99)",Q32
C0694457,Q00-Q99,"Congenital malformations, deformations and chromosomal abnormalities (Q00-Q99)",Q33
C0694457,Q00-Q99,"Congenital malformations, deformations and chromosomal abnormalities (Q00-Q99)",Q34
C0694457,Q00-Q99,"Congenital malformations, deformations and chromosomal abnormalities (Q00-Q99)",Q35
C0694457,Q00-Q99,"Congenital malformations, deformations and chromosomal abnormalities (Q00-Q99)",Q36
C0694457,Q00-Q99,"Congenital malformations, deformations and chromosomal abnormalities (Q00-Q99)",Q37
C0694457,Q00-Q99,"Congenital malformations, deformations and chromosomal abnormalities (Q00-Q99)",Q38
C0694457,Q00-Q99,"Congenital malformations, deformations and chromosomal abnormalities (Q00-Q99)",Q39
C0694457,Q00-Q99,"Congenital malformations, deformations and chromosomal abnormalities (Q00-Q99)",Q40
C0694457,Q00-Q99,"Congenital malformations, deformations and chromosomal abnormalities (Q00-Q99)",Q41
C0694457,Q00-Q99,"Congenital malformations, deformations and chromosomal abnormalities (Q00-Q99)",Q42
C0694457,Q00-Q99,"Congenital malformations, deformations and chromosomal abnormalities (Q00-Q99)",Q43
C0694457,Q00-Q99,"Congenital malformations, deformations and chromosomal abnormalities (Q00-Q99)",Q44
C0694457,Q00-Q99,"Congenital malformations, deformations and chromosomal abnormalities (Q00-Q99)",Q45
C0694457,Q00-Q99,"Congenital malformations, deformations and chromosomal abnormalities (Q00-Q99)",Q46
C0694457,Q00-Q99,"Congenital malformations, deformations and chromosomal abnormalities (Q00-Q99)",Q47
C0694457,Q00-Q99,"Congenital malformations, deformations and chromosomal abnormalities (Q00-Q99)",Q48
C0694457,Q00-Q99,"Congenital malformations, deformations and chromosomal abnormalities (Q00-Q99)",Q49
C0694457,Q00-Q99,"Congenital malformations, deformations and chromosomal abnormalities (Q00-Q99)",Q50
C0694457,Q00-Q99,"Congenital malformations, deformations and chromosomal abnormalities (Q00-Q99)",Q51
C0694457,Q00-Q99,"Congenital malformations, deformations and chromosomal abnormalities (Q00-Q99)",Q52
C0694457,Q00-Q99,"Congenital malformations, deformations and chromosomal abnormalities (Q00-Q99)",Q53
C0694457,Q00-Q99,"Congenital malformations, deformations and chromosomal abnormalities (Q00-Q99)",Q54
C0694457,Q00-Q99,"Congenital malformations, deformations and chromosomal abnormalities (Q00-Q99)",Q55
C0694457,Q00-Q99,"Congenital malformations, deformations and chromosomal abnormalities (Q00-Q99)",Q56
C0694457,Q00-Q99,"Congenital malformations, deformations and chromosomal abnormalities (Q00-Q99)",Q57
C0694457,Q00-Q99,"Congenital malformations, deformations and chromosomal abnormalities (Q00-Q99)",Q58
C0694457,Q00-Q99,"Congenital malformations, deformations and chromosomal abnormalities (Q00-Q99)",Q59
C0694457,Q00-Q99,"Congenital malformations, deformations and chromosomal abnormalities (Q00-Q99)",Q60
C0694457,Q00-Q99,"Congenital malformations, deformations and chromosomal abnormalities (Q00-Q99)",Q61
C0694457,Q00-Q99,"Congenital malformations, deformations and chromosomal abnormalities (Q00-Q99)",Q62
C0694457,Q00-Q99,"Congenital malformations, deformations and chromosomal abnormalities (Q00-Q99)",Q63
C0694457,Q00-Q99,"Congenital malformations, deformations and chromosomal abnormalities (Q00-Q99)",Q64
C0694457,Q00-Q99,"Congenital malformations, deformations and chromosomal abnormalities (Q00-Q99)",Q65
C0694457,Q00-Q99,"Congenital malformations, deformations and chromosomal abnormalities (Q00-Q99)",Q66
C0694457,Q00-Q99,"Congenital malformations, deformations and chromosomal abnormalities (Q00-Q99)",Q67
C0694457,Q00-Q99,"Congenital malformations, deformations and chromosomal abnormalities (Q00-Q99)",Q68
C0694457,Q00-Q99,"Congenital malformations, deformations and chromosomal abnormalities (Q00-Q99)",Q69
C0694457,Q00-Q99,"Congenital malformations, deformations and chromosomal abnormalities (Q00-Q99)",Q70
C0694457,Q00-Q99,"Congenital malformations, deformations and chromosomal abnormalities (Q00-Q99)",Q71
C0694457,Q00-Q99,"Congenital malformations, deformations and chromosomal abnormalities (Q00-Q99)",Q72
C0694457,Q00-Q99,"Congenital malformations, deformations and chromosomal abnormalities (Q00-Q99)",Q73
C0694457,Q00-Q99,"Congenital malformations, deformations and chromosomal abnormalities (Q00-Q99)",Q74
C0694457,Q00-Q99,"Congenital malformations, deformations and chromosomal abnormalities (Q00-Q99)",Q75
C0694457,Q00-Q99,"Congenital malformations, deformations and chromosomal abnormalities (Q00-Q99)",Q76
C0694457,Q00-Q99,"Congenital malformations, deformations and chromosomal abnormalities (Q00-Q99)",Q77
C0694457,Q00-Q99,"Congenital malformations, deformations and chromosomal abnormalities (Q00-Q99)",Q78
C0694457,Q00-Q99,"Congenital malformations, deformations and chromosomal abnormalities (Q00-Q99)",Q79
C0694457,Q00-Q99,"Congenital malformations, deformations and chromosomal abnormalities (Q00-Q99)",Q80
C0694457,Q00-Q99,"Congenital malformations, deformations and chromosomal abnormalities (Q00-Q99)",Q81
C0694457,Q00-Q99,"Congenital malformations, deformations and chromosomal abnormalities (Q00-Q99)",Q82
C0694457,Q00-Q99,"Congenital malformations, deformations and chromosomal abnormalities (Q00-Q99)",Q83
C0694457,Q00-Q99,"Congenital malformations, deformations and chromosomal abnormalities (Q00-Q99)",Q84
C0694457,Q00-Q99,"Congenital malformations, deformations and chromosomal abnormalities (Q00-Q99)",Q85
C0694457,Q00-Q99,"Congenital malformations, deformations and chromosomal abnormalities (Q00-Q99)",Q86
C0694457,Q00-Q99,"Congenital malformations, deformations and chromosomal abnormalities (Q00-Q99)",Q87
C0694457,Q00-Q99,"Congenital malformations, deformations and chromosomal abnormalities (Q00-Q99)",Q88
C0694457,Q00-Q99,"Congenital malformations, deformations and chromosomal abnormalities (Q00-Q99)",Q89
C0694457,Q00-Q99,"Congenital malformations, deformations and chromosomal abnormalities (Q00-Q99)",Q90
C0694457,Q00-Q99,"Congenital malformations, deformations and chromosomal abnormalities (Q00-Q99)",Q91
C0694457,Q00-Q99,"Congenital malformations, deformations and chromosomal abnormalities (Q00-Q99)",Q92
C0694457,Q00-Q99,"Congenital malformations, deformations and chromosomal abnormalities (Q00-Q99)",Q93
C0694457,Q00-Q99,"Congenital malformations, deformations and chromosomal abnormalities (Q00-Q99)",Q94
C0694457,Q00-Q99,"Congenital malformations, deformations and chromosomal abnormalities (Q00-Q99)",Q95
C0694457,Q00-Q99,"Congenital malformations, deformations and chromosomal abnormalities (Q00-Q99)",Q96
C0694457,Q00-Q99,"Congenital malformations, deformations and chromosomal abnormalities (Q00-Q99)",Q97
C0694457,Q00-Q99,"Congenital malformations, deformations and chromosomal abnormalities (Q00-Q99)",Q98
C0694457,Q00-Q99,"Congenital malformations, deformations and chromosomal abnormalities (Q00-Q99)",Q99
C0477977,Q10-Q18,"Congenital malformations of eye, ear, face and neck (Q10-Q18)",Q10
C0477977,Q10-Q18,"Congenital malformations of eye, ear, face and neck (Q10-Q18)",Q11
C0477977,Q10-Q18,"Congenital malformations of eye, ear, face and neck (Q10-Q18)",Q12
C0477977,Q10-Q18,"Congenital malformations of eye, ear, face and neck (Q10-Q18)",Q13
C0477977,Q10-Q18,"Congenital malformations of eye, ear, face and neck (Q10-Q18)",Q14
C0477977,Q10-Q18,"Congenital malformations of eye, ear, face and neck (Q10-Q18)",Q15
C0477977,Q10-Q18,"Congenital malformations of eye, ear, face and neck (Q10-Q18)",Q16
C0477977,Q10-Q18,"Congenital malformations of eye, ear, face and neck (Q10-Q18)",Q17
C0477977,Q10-Q18,"Congenital malformations of eye, ear, face and neck (Q10-Q18)",Q18
C0478013,Q20-Q28,Congenital malformations of the circulatory system (Q20-Q28),Q20
C0478013,Q20-Q28,Congenital malformations of the circulatory system (Q20-Q28),Q21
C0478013,Q20-Q28,Congenital malformations of the circulatory system (Q20-Q28),Q22
C0478013,Q20-Q28,Congenital malformations of the circulatory system (Q20-Q28),Q23
C0478013,Q20-Q28,Congenital malformations of the circulatory system (Q20-Q28),Q24
C0478013,Q20-Q28,Congenital malformations of the circulatory system (Q20-Q28),Q25
C0478013,Q20-Q28,Congenital malformations of the circulatory system (Q20-Q28),Q26
C0478013,Q20-Q28,Congenital malformations of the circulatory system (Q20-Q28),Q27
C0478013,Q20-Q28,Congenital malformations of the circulatory system (Q20-Q28),Q28
C0035238,Q30-Q34,Congenital malformations of the respiratory system (Q30-Q34),Q30
C0035238,Q30-Q34,Congenital malformations of the respiratory system (Q30-Q34),Q31
C0035238,Q30-Q34,Congenital malformations of the respiratory system (Q30-Q34),Q32
C0035238,Q30-Q34,Congenital malformations of the respiratory system (Q30-Q34),Q33
C0035238,Q30-Q34,Congenital malformations of the respiratory system (Q30-Q34),Q34
C0158646,Q35-Q37,Cleft lip and cleft palate (Q35-Q37),Q35
C0158646,Q35-Q37,Cleft lip and cleft palate (Q35-Q37),Q36
C0158646,Q35-Q37,Cleft lip and cleft palate (Q35-Q37),Q37
C0158678,Q38-Q45,Other congenital malformations of the digestive system (Q38-Q45),Q38
C0158678,Q38-Q45,Other congenital malformations of the digestive system (Q38-Q45),Q39
C0158678,Q38-Q45,Other congenital malformations of the digestive system (Q38-Q45),Q40
C0158678,Q38-Q45,Other congenital malformations of the digestive system (Q38-Q45),Q41
C0158678,Q38-Q45,Other congenital malformations of the digestive system (Q38-Q45),Q42
C0158678,Q38-Q45,Other congenital malformations of the digestive system (Q38-Q45),Q43
C0158678,Q38-Q45,Other congenital malformations of the digestive system (Q38-Q45),Q44
C0158678,Q38-Q45,Other congenital malformations of the digestive system (Q38-Q45),Q45
C0158687,Q50-Q56,Congenital malformations of genital organs (Q50-Q56),Q50
C0158687,Q50-Q56,Congenital malformations of genital organs (Q50-Q56),Q51
C0158687,Q50-Q56,Congenital malformations of genital organs (Q50-Q56),Q52
C0158687,Q50-Q56,Congenital malformations of genital organs (Q50-Q56),Q53
C0158687,Q50-Q56,Congenital malformations of genital organs (Q50-Q56),Q54
C0158687,Q50-Q56,Congenital malformations of genital organs (Q50-Q56),Q55
C0158687,Q50-Q56,Congenital malformations of genital organs (Q50-Q56),Q56
C0158698,Q60-Q64,Congenital malformations of the urinary system (Q60-Q64),Q60
C0158698,Q60-Q64,Congenital malformations of the urinary system (Q60-Q64),Q61
C0158698,Q60-Q64,Congenital malformations of the urinary system (Q60-Q64),Q62
C0158698,Q60-Q64,Congenital malformations of the urinary system (Q60-Q64),Q63
C0158698,Q60-Q64,Congenital malformations of the urinary system (Q60-Q64),Q64
C0151491,Q65-Q79,Congenital malformations and deformations of the musculoskeletal system (Q65-Q79),Q65
C0151491,Q65-Q79,Congenital malformations and deformations of the musculoskeletal system (Q65-Q79),Q66
C0151491,Q65-Q79,Congenital malformations and deformations of the musculoskeletal system (Q65-Q79),Q67
C0151491,Q65-Q79,Congenital malformations and deformations of the musculoskeletal system (Q65-Q79),Q68
C0151491,Q65-Q79,Congenital malformations and deformations of the musculoskeletal system (Q65-Q79),Q69
C0151491,Q65-Q79,Congenital malformations and deformations of the musculoskeletal system (Q65-Q79),Q70
C0151491,Q65-Q79,Congenital malformations and deformations of the musculoskeletal system (Q65-Q79),Q71
C0151491,Q65-Q79,Congenital malformations and deformations of the musculoskeletal system (Q65-Q79),Q72
C0151491,Q65-Q79,Congenital malformations and deformations of the musculoskeletal system (Q65-Q79),Q73
C0151491,Q65-Q79,Congenital malformations and deformations of the musculoskeletal system (Q65-Q79),Q74
C0151491,Q65-Q79,Congenital malformations and deformations of the musculoskeletal system (Q65-Q79),Q75
C0151491,Q65-Q79,Congenital malformations and deformations of the musculoskeletal system (Q65-Q79),Q76
C0151491,Q65-Q79,Congenital malformations and deformations of the musculoskeletal system (Q65-Q79),Q77
C0151491,Q65-Q79,Congenital malformations and deformations of the musculoskeletal system (Q65-Q79),Q78
C0151491,Q65-Q79,Congenital malformations and deformations of the musculoskeletal system (Q65-Q79),Q79
C0158795,Q80-Q89,Other congenital malformations (Q80-Q89),Q80
C0158795,Q80-Q89,Other congenital malformations (Q80-Q89),Q81
C0158795,Q80-Q89,Other congenital malformations (Q80-Q89),Q82
C0158795,Q80-Q89,Other congenital malformations (Q80-Q89),Q83
C0158795,Q80-Q89,Other congenital malformations (Q80-Q89),Q84
C0158795,Q80-Q89,Other congenital malformations (Q80-Q89),Q85
C0158795,Q80-Q89,Other congenital malformations (Q80-Q89),Q86
C0158795,Q80-Q89,Other congenital malformations (Q80-Q89),Q87
C0158795,Q80-Q89,Other congenital malformations (Q80-Q89),Q88
C0158795,Q80-Q89,Other congenital malformations (Q80-Q89),Q89
C0694458,Q90-Q99,"Chromosomal abnormalities, not elsewhere classified (Q90-Q99)",Q90
C0694458,Q90-Q99,"Chromosomal abnormalities, not elsewhere classified (Q90-Q99)",Q91
C0694458,Q90-Q99,"Chromosomal abnormalities, not elsewhere classified (Q90-Q99)",Q92
C0694458,Q90-Q99,"Chromosomal abnormalities, not elsewhere classified (Q90-Q99)",Q93
C0694458,Q90-Q99,"Chromosomal abnormalities, not elsewhere classified (Q90-Q99)",Q94
C0694458,Q90-Q99,"Chromosomal abnormalities, not elsewhere classified (Q90-Q99)",Q95
C0694458,Q90-Q99,"Chromosomal abnormalities, not elsewhere classified (Q90-Q99)",Q96
C0694458,Q90-Q99,"Chromosomal abnormalities, not elsewhere classified (Q90-Q99)",Q97
C0694458,Q90-Q99,"Chromosomal abnormalities, not elsewhere classified (Q90-Q99)",Q98
C0694458,Q90-Q99,"Chromosomal abnormalities, not elsewhere classified (Q90-Q99)",Q99
C0478110,R00-R09,Symptoms and signs involving the circulatory and respiratory systems (R00-R09),R00
C0478110,R00-R09,Symptoms and signs involving the circulatory and respiratory systems (R00-R09),R01
C0478110,R00-R09,Symptoms and signs involving the circulatory and respiratory systems (R00-R09),R02
C0478110,R00-R09,Symptoms and signs involving the circulatory and respiratory systems (R00-R09),R03
C0478110,R00-R09,Symptoms and signs involving the circulatory and respiratory systems (R00-R09),R04
C0478110,R00-R09,Symptoms and signs involving the circulatory and respiratory systems (R00-R09),R05
C0478110,R00-R09,Symptoms and signs involving the circulatory and respiratory systems (R00-R09),R06
C0478110,R00-R09,Symptoms and signs involving the circulatory and respiratory systems (R00-R09),R07
C0478110,R00-R09,Symptoms and signs involving the circulatory and respiratory systems (R00-R09),R08
C0478110,R00-R09,Symptoms and signs involving the circulatory and respiratory systems (R00-R09),R09
C0694459,R00-R99,"Symptoms, signs and abnormal clinical and laboratory findings, not elsewhere classified (R00-R99)",R00
C0694459,R00-R99,"Symptoms, signs and abnormal clinical and laboratory findings, not elsewhere classified (R00-R99)",R01
C0694459,R00-R99,"Symptoms, signs and abnormal clinical and laboratory findings, not elsewhere classified (R00-R99)",R02
C0694459,R00-R99,"Symptoms, signs and abnormal clinical and laboratory findings, not elsewhere classified (R00-R99)",R03
C0694459,R00-R99,"Symptoms, signs and abnormal clinical and laboratory findings, not elsewhere classified (R00-R99)",R04
C0694459,R00-R99,"Symptoms, signs and abnormal clinical and laboratory findings, not elsewhere classified (R00-R99)",R05
C0694459,R00-R99,"Symptoms, signs and abnormal clinical and laboratory findings, not elsewhere classified (R00-R99)",R06
C0694459,R00-R99,"Symptoms, signs and abnormal clinical and laboratory findings, not elsewhere classified (R00-R99)",R07
C0694459,R00-R99,"Symptoms, signs and abnormal clinical and laboratory findings, not elsewhere classified (R00-R99)",R08
C0694459,R00-R99,"Symptoms, signs and abnormal clinical and laboratory findings, not elsewhere classified (R00-R99)",R09
C0694459,R00-R99,"Symptoms, signs and abnormal clinical and laboratory findings, not elsewhere classified (R00-R99)",R10
C0694459,R00-R99,"Symptoms, signs and abnormal clinical and laboratory findings, not elsewhere classified (R00-R99)",R11
C0694459,R00-R99,"Symptoms, signs and abnormal clinical and laboratory findings, not elsewhere classified (R00-R99)",R12
C0694459,R00-R99,"Symptoms, signs and abnormal clinical and laboratory findings, not elsewhere classified (R00-R99)",R13
C0694459,R00-R99,"Symptoms, signs and abnormal clinical and laboratory findings, not elsewhere classified (R00-R99)",R14
C0694459,R00-R99,"Symptoms, signs and abnormal clinical and laboratory findings, not elsewhere classified (R00-R99)",R15
C0694459,R00-R99,"Symptoms, signs and abnormal clinical and laboratory findings, not elsewhere classified (R00-R99)",R16
C0694459,R00-R99,"Symptoms, signs and abnormal clinical and laboratory findings, not elsewhere classified (R00-R99)",R17
C0694459,R00-R99,"Symptoms, signs and abnormal clinical and laboratory findings, not elsewhere classified (R00-R99)",R18
C0694459,R00-R99,"Symptoms, signs and abnormal clinical and laboratory findings, not elsewhere classified (R00-R99)",R19
C0694459,R00-R99,"Symptoms, signs and abnormal clinical and laboratory findings, not elsewhere classified (R00-R99)",R20
C0694459,R00-R99,"Symptoms, signs and abnormal clinical and laboratory findings, not elsewhere classified (R00-R99)",R21
C0694459,R00-R99,"Symptoms, signs and abnormal clinical and laboratory findings, not elsewhere classified (R00-R99)",R22
C0694459,R00-R99,"Symptoms, signs and abnormal clinical and laboratory findings, not elsewhere classified (R00-R99)",R23
C0694459,R00-R99,"Symptoms, signs and abnormal clinical and laboratory findings, not elsewhere classified (R00-R99)",R24
C0694459,R00-R99,"Symptoms, signs and abnormal clinical and laboratory findings, not elsewhere classified (R00-R99)",R25
C0694459,R00-R99,"Symptoms, signs and abnormal clinical and laboratory findings, not elsewhere classified (R00-R99)",R26
C0694459,R00-R99,"Symptoms, signs and abnormal clinical and laboratory findings, not elsewhere classified (R00-R99)",R27
C0694459,R00-R99,"Symptoms, signs and abnormal clinical and laboratory findings, not elsewhere classified (R00-R99)",R28
C0694459,R00-R99,"Symptoms, signs and abnormal clinical and laboratory findings, not elsewhere classified (R00-R99)",R29
C0694459,R00-R99,"Symptoms, signs and abnormal clinical and laboratory findings, not elsewhere classified (R00-R99)",R30
C0694459,R00-R99,"Symptoms, signs and abnormal clinical and laboratory findings, not elsewhere classified (R00-R99)",R31
C0694459,R00-R99,"Symptoms, signs and abnormal clinical and laboratory findings, not elsewhere classified (R00-R99)",R32
C0694459,R00-R99,"Symptoms, signs and abnormal clinical and laboratory findings, not elsewhere classified (R00-R99)",R33
C0694459,R00-R99,"Symptoms, signs and abnormal clinical and laboratory findings, not elsewhere classified (R00-R99)",R34
C0694459,R00-R99,"Symptoms, signs and abnormal clinical and laboratory findings, not elsewhere classified (R00-R99)",R35
C0694459,R00-R99,"Symptoms, signs and abnormal clinical and laboratory findings, not elsewhere classified (R00-R99)",R36
C0694459,R00-R99,"Symptoms, signs and abnormal clinical and laboratory findings, not elsewhere classified (R00-R99)",R37
C0694459,R00-R99,"Symptoms, signs and abnormal clinical and laboratory findings, not elsewhere classified (R00-R99)",R38
C0694459,R00-R99,"Symptoms, signs and abnormal clinical and laboratory findings, not elsewhere classified (R00-R99)",R39
C0694459,R00-R99,"Symptoms, signs and abnormal clinical and laboratory findings, not elsewhere classified (R00-R99)",R40
C0694459,R00-R99,"Symptoms, signs and abnormal clinical and laboratory findings, not elsewhere classified (R00-R99)",R41
C0694459,R00-R99,"Symptoms, signs and abnormal clinical and laboratory findings, not elsewhere classified (R00-R99)",R42
C0694459,R00-R99,"Symptoms, signs and abnormal clinical and laboratory findings, not elsewhere classified (R00-R99)",R43
C0694459,R00-R99,"Symptoms, signs and abnormal clinical and laboratory findings, not elsewhere classified (R00-R99)",R44
C0694459,R00-R99,"Symptoms, signs and abnormal clinical and laboratory findings, not elsewhere classified (R00-R99)",R45
C0694459,R00-R99,"Symptoms, signs and abnormal clinical and laboratory findings, not elsewhere classified (R00-R99)",R46
C0694459,R00-R99,"Symptoms, signs and abnormal clinical and laboratory findings, not elsewhere classified (R00-R99)",R47
C0694459,R00-R99,"Symptoms, signs and abnormal clinical and laboratory findings, not elsewhere classified (R00-R99)",R48
C0694459,R00-R99,"Symptoms, signs and abnormal clinical and laboratory findings, not elsewhere classified (R00-R99)",R49
C0694459,R00-R99,"Symptoms, signs and abnormal clinical and laboratory findings, not elsewhere classified (R00-R99)",R50
C0694459,R00-R99,"Symptoms, signs and abnormal clinical and laboratory findings, not elsewhere classified (R00-R99)",R51
C0694459,R00-R99,"Symptoms, signs and abnormal clinical and laboratory findings, not elsewhere classified (R00-R99)",R52
C0694459,R00-R99,"Symptoms, signs and abnormal clinical and laboratory findings, not elsewhere classified (R00-R99)",R53
C0694459,R00-R99,"Symptoms, signs and abnormal clinical and laboratory findings, not elsewhere classified (R00-R99)",R54
C0694459,R00-R99,"Symptoms, signs and abnormal clinical and laboratory findings, not elsewhere classified (R00-R99)",R55
C0694459,R00-R99,"Symptoms, signs and abnormal clinical and laboratory findings, not elsewhere classified (R00-R99)",R56
C0694459,R00-R99,"Symptoms, signs and abnormal clinical and laboratory findings, not elsewhere classified (R00-R99)",R57
C0694459,R00-R99,"Symptoms, signs and abnormal clinical and laboratory findings, not elsewhere classified (R00-R99)",R58
C0694459,R00-R99,"Symptoms, signs and abnormal clinical and laboratory findings, not elsewhere classified (R00-R99)",R59
C0694459,R00-R99,"Symptoms, signs and abnormal clinical and laboratory findings, not elsewhere classified (R00-R99)",R60
C0694459,R00-R99,"Symptoms, signs and abnormal clinical and laboratory findings, not elsewhere classified (R00-R99)",R61
C0694459,R00-R99,"Symptoms, signs and abnormal clinical and laboratory findings, not elsewhere classified (R00-R99)",R62
C0694459,R00-R99,"Symptoms, signs and abnormal clinical and laboratory findings, not elsewhere classified (R00-R99)",R63
C0694459,R00-R99,"Symptoms, signs and abnormal clinical and laboratory findings, not elsewhere classified (R00-R99)",R64
C0694459,R00-R99,"Symptoms, signs and abnormal clinical and laboratory findings, not elsewhere classified (R00-R99)",R65
C0694459,R00-R99,"Symptoms, signs and abnormal clinical and laboratory findings, not elsewhere classified (R00-R99)",R66
C0694459,R00-R99,"Symptoms, signs and abnormal clinical and laboratory findings, not elsewhere classified (R00-R99)",R67
C0694459,R00-R99,"Symptoms, signs and abnormal clinical and laboratory findings, not elsewhere classified (R00-R99)",R68
C0694459,R00-R99,"Symptoms, signs and abnormal clinical and laboratory findings, not elsewhere classified (R00-R99)",R69
C0694459,R00-R99,"Symptoms, signs and abnormal clinical and laboratory findings, not elsewhere classified (R00-R99)",R70
C0694459,R00-R99,"Symptoms, signs and abnormal clinical and laboratory findings, not elsewhere classified (R00-R99)",R71
C0694459,R00-R99,"Symptoms, signs and abnormal clinical and laboratory findings, not elsewhere classified (R00-R99)",R72
C0694459,R00-R99,"Symptoms, signs and abnormal clinical and laboratory findings, not elsewhere classified (R00-R99)",R73
C0694459,R00-R99,"Symptoms, signs and abnormal clinical and laboratory findings, not elsewhere classified (R00-R99)",R74
C0694459,R00-R99,"Symptoms, signs and abnormal clinical and laboratory findings, not elsewhere classified (R00-R99)",R75
C0694459,R00-R99,"Symptoms, signs and abnormal clinical and laboratory findings, not elsewhere classified (R00-R99)",R76
C0694459,R00-R99,"Symptoms, signs and abnormal clinical and laboratory findings, not elsewhere classified (R00-R99)",R77
C0694459,R00-R99,"Symptoms, signs and abnormal clinical and laboratory findings, not elsewhere classified (R00-R99)",R78
C0694459,R00-R99,"Symptoms, signs and abnormal clinical and laboratory findings, not elsewhere classified (R00-R99)",R79
C0694459,R00-R99,"Symptoms, signs and abnormal clinical and laboratory findings, not elsewhere classified (R00-R99)",R80
C0694459,R00-R99,"Symptoms, signs and abnormal clinical and laboratory findings, not elsewhere classified (R00-R99)",R81
C0694459,R00-R99,"Symptoms, signs and abnormal clinical and laboratory findings, not elsewhere classified (R00-R99)",R82
C0694459,R00-R99,"Symptoms, signs and abnormal clinical and laboratory findings, not elsewhere classified (R00-R99)",R83
C0694459,R00-R99,"Symptoms, signs and abnormal clinical and laboratory findings, not elsewhere classified (R00-R99)",R84
C0694459,R00-R99,"Symptoms, signs and abnormal clinical and laboratory findings, not elsewhere classified (R00-R99)",R85
C0694459,R00-R99,"Symptoms, signs and abnormal clinical and laboratory findings, not elsewhere classified (R00-R99)",R86
C0694459,R00-R99,"Symptoms, signs and abnormal clinical and laboratory findings, not elsewhere classified (R00-R99)",R87
C0694459,R00-R99,"Symptoms, signs and abnormal clinical and laboratory findings, not elsewhere classified (R00-R99)",R88
C0694459,R00-R99,"Symptoms, signs and abnormal clinical and laboratory findings, not elsewhere classified (R00-R99)",R89
C0694459,R00-R99,"Symptoms, signs and abnormal clinical and laboratory findings, not elsewhere classified (R00-R99)",R90
C0694459,R00-R99,"Symptoms, signs and abnormal clinical and laboratory findings, not elsewhere classified (R00-R99)",R91
C0694459,R00-R99,"Symptoms, signs and abnormal clinical and laboratory findings, not elsewhere classified (R00-R99)",R92
C0694459,R00-R99,"Symptoms, signs and abnormal clinical and laboratory findings, not elsewhere classified (R00-R99)",R93
C0694459,R00-R99,"Symptoms, signs and abnormal clinical and laboratory findings, not elsewhere classified (R00-R99)",R94
C0694459,R00-R99,"Symptoms, signs and abnormal clinical and laboratory findings, not elsewhere classified (R00-R99)",R95
C0694459,R00-R99,"Symptoms, signs and abnormal clinical and laboratory findings, not elsewhere classified (R00-R99)",R96
C0694459,R00-R99,"Symptoms, signs and abnormal clinical and laboratory findings, not elsewhere classified (R00-R99)",R97
C0694459,R00-R99,"Symptoms, signs and abnormal clinical and laboratory findings, not elsewhere classified (R00-R99)",R98
C0694459,R00-R99,"Symptoms, signs and abnormal clinical and laboratory findings, not elsewhere classified (R00-R99)",R99
C0478117,R10-R19,Symptoms and signs involving the digestive system and abdomen (R10-R19),R10
C0478117,R10-R19,Symptoms and signs involving the digestive system and abdomen (R10-R19),R11
C0478117,R10-R19,Symptoms and signs involving the digestive system and abdomen (R10-R19),R12
C0478117,R10-R19,Symptoms and signs involving the digestive system and abdomen (R10-R19),R13
C0478117,R10-R19,Symptoms and signs involving the digestive system and abdomen (R10-R19),R14
C0478117,R10-R19,Symptoms and signs involving the digestive system and abdomen (R10-R19),R15
C0478117,R10-R19,Symptoms and signs involving the digestive system and abdomen (R10-R19),R16
C0478117,R10-R19,Symptoms and signs involving the digestive system and abdomen (R10-R19),R17
C0478117,R10-R19,Symptoms and signs involving the digestive system and abdomen (R10-R19),R18
C0478117,R10-R19,Symptoms and signs involving the digestive system and abdomen (R10-R19),R19
C0478122,R20-R23,Symptoms and signs involving the skin and subcutaneous tissue (R20-R23),R20
C0478122,R20-R23,Symptoms and signs involving the skin and subcutaneous tissue (R20-R23),R21
C0478122,R20-R23,Symptoms and signs involving the skin and subcutaneous tissue (R20-R23),R22
C0478122,R20-R23,Symptoms and signs involving the skin and subcutaneous tissue (R20-R23),R23
C0478125,R25-R29,Symptoms and signs involving the nervous and musculoskeletal systems (R25-R29),R25
C0478125,R25-R29,Symptoms and signs involving the nervous and musculoskeletal systems (R25-R29),R26
C0478125,R25-R29,Symptoms and signs involving the nervous and musculoskeletal systems (R25-R29),R27
C0478125,R25-R29,Symptoms and signs involving the nervous and musculoskeletal systems (R25-R29),R28
C0478125,R25-R29,Symptoms and signs involving the nervous and musculoskeletal systems (R25-R29),R29
C2830334,R30-R39,Symptoms and signs involving the genitourinary system (R30-R39),R30
C2830334,R30-R39,Symptoms and signs involving the genitourinary system (R30-R39),R31
C2830334,R30-R39,Symptoms and signs involving the genitourinary system (R30-R39),R32
C2830334,R30-R39,Symptoms and signs involving the genitourinary system (R30-R39),R33
C2830334,R30-R39,Symptoms and signs involving the genitourinary system (R30-R39),R34
C2830334,R30-R39,Symptoms and signs involving the genitourinary system (R30-R39),R35
C2830334,R30-R39,Symptoms and signs involving the genitourinary system (R30-R39),R36
C2830334,R30-R39,Symptoms and signs involving the genitourinary system (R30-R39),R37
C2830334,R30-R39,Symptoms and signs involving the genitourinary system (R30-R39),R38
C2830334,R30-R39,Symptoms and signs involving the genitourinary system (R30-R39),R39
C0478134,R40-R46,"Symptoms and signs involving cognition, perception, emotional state and behavior (R40-R46)",R40
C0478134,R40-R46,"Symptoms and signs involving cognition, perception, emotional state and behavior (R40-R46)",R41
C0478134,R40-R46,"Symptoms and signs involving cognition, perception, emotional state and behavior (R40-R46)",R42
C0478134,R40-R46,"Symptoms and signs involving cognition, perception, emotional state and behavior (R40-R46)",R43
C0478134,R40-R46,"Symptoms and signs involving cognition, perception, emotional state and behavior (R40-R46)",R44
C0478134,R40-R46,"Symptoms and signs involving cognition, perception, emotional state and behavior (R40-R46)",R45
C0478134,R40-R46,"Symptoms and signs involving cognition, perception, emotional state and behavior (R40-R46)",R46
C0478143,R47-R49,Symptoms and signs involving speech and voice (R47-R49),R47
C0478143,R47-R49,Symptoms and signs involving speech and voice (R47-R49),R48
C0478143,R47-R49,Symptoms and signs involving speech and voice (R47-R49),R49
C0478147,R50-R69,General symptoms and signs (R50-R69),R50
C0478147,R50-R69,General symptoms and signs (R50-R69),R51
C0478147,R50-R69,General symptoms and signs (R50-R69),R52
C0478147,R50-R69,General symptoms and signs (R50-R69),R53
C0478147,R50-R69,General symptoms and signs (R50-R69),R54
C0478147,R50-R69,General symptoms and signs (R50-R69),R55
C0478147,R50-R69,General symptoms and signs (R50-R69),R56
C0478147,R50-R69,General symptoms and signs (R50-R69),R57
C0478147,R50-R69,General symptoms and signs (R50-R69),R58
C0478147,R50-R69,General symptoms and signs (R50-R69),R59
C0478147,R50-R69,General symptoms and signs (R50-R69),R60
C0478147,R50-R69,General symptoms and signs (R50-R69),R61
C0478147,R50-R69,General symptoms and signs (R50-R69),R62
C0478147,R50-R69,General symptoms and signs (R50-R69),R63
C0478147,R50-R69,General symptoms and signs (R50-R69),R64
C0478147,R50-R69,General symptoms and signs (R50-R69),R65
C0478147,R50-R69,General symptoms and signs (R50-R69),R66
C0478147,R50-R69,General symptoms and signs (R50-R69),R67
C0478147,R50-R69,General symptoms and signs (R50-R69),R68
C0478147,R50-R69,General symptoms and signs (R50-R69),R69
C0478158,R70-R79,"Abnormal findings on examination of blood, without diagnosis (R70-R79)",R70
C0478158,R70-R79,"Abnormal findings on examination of blood, without diagnosis (R70-R79)",R71
C0478158,R70-R79,"Abnormal findings on examination of blood, without diagnosis (R70-R79)",R72
C0478158,R70-R79,"Abnormal findings on examination of blood, without diagnosis (R70-R79)",R73
C0478158,R70-R79,"Abnormal findings on examination of blood, without diagnosis (R70-R79)",R74
C0478158,R70-R79,"Abnormal findings on examination of blood, without diagnosis (R70-R79)",R75
C0478158,R70-R79,"Abnormal findings on examination of blood, without diagnosis (R70-R79)",R76
C0478158,R70-R79,"Abnormal findings on examination of blood, without diagnosis (R70-R79)",R77
C0478158,R70-R79,"Abnormal findings on examination of blood, without diagnosis (R70-R79)",R78
C0478158,R70-R79,"Abnormal findings on examination of blood, without diagnosis (R70-R79)",R79
C0478169,R80-R82,"Abnormal findings on examination of urine, without diagnosis (R80-R82)",R80
C0478169,R80-R82,"Abnormal findings on examination of urine, without diagnosis (R80-R82)",R81
C0478169,R80-R82,"Abnormal findings on examination of urine, without diagnosis (R80-R82)",R82
C0478171,R83-R89,"Abnormal findings on examination of other body fluids, substances and tissues, without diagnosis (R83-R89)",R83
C0478171,R83-R89,"Abnormal findings on examination of other body fluids, substances and tissues, without diagnosis (R83-R89)",R84
C0478171,R83-R89,"Abnormal findings on examination of other body fluids, substances and tissues, without diagnosis (R83-R89)",R85
C0478171,R83-R89,"Abnormal findings on examination of other body fluids, substances and tissues, without diagnosis (R83-R89)",R86
C0478171,R83-R89,"Abnormal findings on examination of other body fluids, substances and tissues, without diagnosis (R83-R89)",R87
C0478171,R83-R89,"Abnormal findings on examination of other body fluids, substances and tissues, without diagnosis (R83-R89)",R88
C0478171,R83-R89,"Abnormal findings on examination of other body fluids, substances and tissues, without diagnosis (R83-R89)",R89
C0478186,R90-R94,"Abnormal findings on diagnostic imaging and in function studies, without diagnosis (R90-R94)",R90
C0478186,R90-R94,"Abnormal findings on diagnostic imaging and in function studies, without diagnosis (R90-R94)",R91
C0478186,R90-R94,"Abnormal findings on diagnostic imaging and in function studies, without diagnosis (R90-R94)",R92
C0478186,R90-R94,"Abnormal findings on diagnostic imaging and in function studies, without diagnosis (R90-R94)",R93
C0478186,R90-R94,"Abnormal findings on diagnostic imaging and in function studies, without diagnosis (R90-R94)",R94
C1719651,R97-R97,Abnormal tumor markers (R97),R97
C0478195,R99-R99,Ill-defined and unknown cause of mortality (R99),R99
C0018674,S00-S09,Injuries to the head (S00-S09),S00
C0018674,S00-S09,Injuries to the head (S00-S09),S01
C0018674,S00-S09,Injuries to the head (S00-S09),S02
C0018674,S00-S09,Injuries to the head (S00-S09),S03
C0018674,S00-S09,Injuries to the head (S00-S09),S04
C0018674,S00-S09,Injuries to the head (S00-S09),S05
C0018674,S00-S09,Injuries to the head (S00-S09),S06
C0018674,S00-S09,Injuries to the head (S00-S09),S07
C0018674,S00-S09,Injuries to the head (S00-S09),S08
C0018674,S00-S09,Injuries to the head (S00-S09),S09
C2977675,S00-T88,"Injury, poisoning and certain other consequences of external causes (S00-T88)",S00
C2977675,S00-T88,"Injury, poisoning and certain other consequences of external causes (S00-T88)",S01
C2977675,S00-T88,"Injury, poisoning and certain other consequences of external causes (S00-T88)",S02
C2977675,S00-T88,"Injury, poisoning and certain other consequences of external causes (S00-T88)",S03
C2977675,S00-T88,"Injury, poisoning and certain other consequences of external causes (S00-T88)",S04
C2977675,S00-T88,"Injury, poisoning and certain other consequences of external causes (S00-T88)",S05
C2977675,S00-T88,"Injury, poisoning and certain other consequences of external causes (S00-T88)",S06
C2977675,S00-T88,"Injury, poisoning and certain other consequences of external causes (S00-T88)",S07
C2977675,S00-T88,"Injury, poisoning and certain other consequences of external causes (S00-T88)",S08
C2977675,S00-T88,"Injury, poisoning and certain other consequences of external causes (S00-T88)",S09
C2977675,S00-T88,"Injury, poisoning and certain other consequences of external causes (S00-T88)",S10
C2977675,S00-T88,"Injury, poisoning and certain other consequences of external causes (S00-T88)",S11
C2977675,S00-T88,"Injury, poisoning and certain other consequences of external causes (S00-T88)",S12
C2977675,S00-T88,"Injury, poisoning and certain other consequences of external causes (S00-T88)",S13
C2977675,S00-T88,"Injury, poisoning and certain other consequences of external causes (S00-T88)",S14
C2977675,S00-T88,"Injury, poisoning and certain other consequences of external causes (S00-T88)",S15
C2977675,S00-T88,"Injury, poisoning and certain other consequences of external causes (S00-T88)",S16
C2977675,S00-T88,"Injury, poisoning and certain other consequences of external causes (S00-T88)",S17
C2977675,S00-T88,"Injury, poisoning and certain other consequences of external causes (S00-T88)",S18
C2977675,S00-T88,"Injury, poisoning and certain other consequences of external causes (S00-T88)",S19
C2977675,S00-T88,"Injury, poisoning and certain other consequences of external causes (S00-T88)",S20
C2977675,S00-T88,"Injury, poisoning and certain other consequences of external causes (S00-T88)",S21
C2977675,S00-T88,"Injury, poisoning and certain other consequences of external causes (S00-T88)",S22
C2977675,S00-T88,"Injury, poisoning and certain other consequences of external causes (S00-T88)",S23
C2977675,S00-T88,"Injury, poisoning and certain other consequences of external causes (S00-T88)",S24
C2977675,S00-T88,"Injury, poisoning and certain other consequences of external causes (S00-T88)",S25
C2977675,S00-T88,"Injury, poisoning and certain other consequences of external causes (S00-T88)",S26
C2977675,S00-T88,"Injury, poisoning and certain other consequences of external causes (S00-T88)",S27
C2977675,S00-T88,"Injury, poisoning and certain other consequences of external causes (S00-T88)",S28
C2977675,S00-T88,"Injury, poisoning and certain other consequences of external causes (S00-T88)",S29
C2977675,S00-T88,"Injury, poisoning and certain other consequences of external causes (S00-T88)",S30
C2977675,S00-T88,"Injury, poisoning and certain other consequences of external causes (S00-T88)",S31
C2977675,S00-T88,"Injury, poisoning and certain other consequences of external causes (S00-T88)",S32
C2977675,S00-T88,"Injury, poisoning and certain other consequences of external causes (S00-T88)",S33
C2977675,S00-T88,"Injury, poisoning and certain other consequences of external causes (S00-T88)",S34
C2977675,S00-T88,"Injury, poisoning and certain other consequences of external causes (S00-T88)",S35
C2977675,S00-T88,"Injury, poisoning and certain other consequences of external causes (S00-T88)",S36
C2977675,S00-T88,"Injury, poisoning and certain other consequences of external causes (S00-T88)",S37
C2977675,S00-T88,"Injury, poisoning and certain other consequences of external causes (S00-T88)",S38
C2977675,S00-T88,"Injury, poisoning and certain other consequences of external causes (S00-T88)",S39
C2977675,S00-T88,"Injury, poisoning and certain other consequences of external causes (S00-T88)",S40
C2977675,S00-T88,"Injury, poisoning and certain other consequences of external causes (S00-T88)",S41
C2977675,S00-T88,"Injury, poisoning and certain other consequences of external causes (S00-T88)",S42
C2977675,S00-T88,"Injury, poisoning and certain other consequences of external causes (S00-T88)",S43
C2977675,S00-T88,"Injury, poisoning and certain other consequences of external causes (S00-T88)",S44
C2977675,S00-T88,"Injury, poisoning and certain other consequences of external causes (S00-T88)",S45
C2977675,S00-T88,"Injury, poisoning and certain other consequences of external causes (S00-T88)",S46
C2977675,S00-T88,"Injury, poisoning and certain other consequences of external causes (S00-T88)",S47
C2977675,S00-T88,"Injury, poisoning and certain other consequences of external causes (S00-T88)",S48
C2977675,S00-T88,"Injury, poisoning and certain other consequences of external causes (S00-T88)",S49
C2977675,S00-T88,"Injury, poisoning and certain other consequences of external causes (S00-T88)",S50
C2977675,S00-T88,"Injury, poisoning and certain other consequences of external causes (S00-T88)",S51
C2977675,S00-T88,"Injury, poisoning and certain other consequences of external causes (S00-T88)",S52
C2977675,S00-T88,"Injury, poisoning and certain other consequences of external causes (S00-T88)",S53
C2977675,S00-T88,"Injury, poisoning and certain other consequences of external causes (S00-T88)",S54
C2977675,S00-T88,"Injury, poisoning and certain other consequences of external causes (S00-T88)",S55
C2977675,S00-T88,"Injury, poisoning and certain other consequences of external causes (S00-T88)",S56
C2977675,S00-T88,"Injury, poisoning and certain other consequences of external causes (S00-T88)",S57
C2977675,S00-T88,"Injury, poisoning and certain other consequences of external causes (S00-T88)",S58
C2977675,S00-T88,"Injury, poisoning and certain other consequences of external causes (S00-T88)",S59
C2977675,S00-T88,"Injury, poisoning and certain other consequences of external causes (S00-T88)",S60
C2977675,S00-T88,"Injury, poisoning and certain other consequences of external causes (S00-T88)",S61
C2977675,S00-T88,"Injury, poisoning and certain other consequences of external causes (S00-T88)",S62
C2977675,S00-T88,"Injury, poisoning and certain other consequences of external causes (S00-T88)",S63
C2977675,S00-T88,"Injury, poisoning and certain other consequences of external causes (S00-T88)",S64
C2977675,S00-T88,"Injury, poisoning and certain other consequences of external causes (S00-T88)",S65
C2977675,S00-T88,"Injury, poisoning and certain other consequences of external causes (S00-T88)",S66
C2977675,S00-T88,"Injury, poisoning and certain other consequences of external causes (S00-T88)",S67
C2977675,S00-T88,"Injury, poisoning and certain other consequences of external causes (S00-T88)",S68
C2977675,S00-T88,"Injury, poisoning and certain other consequences of external causes (S00-T88)",S69
C2977675,S00-T88,"Injury, poisoning and certain other consequences of external causes (S00-T88)",S70
C2977675,S00-T88,"Injury, poisoning and certain other consequences of external causes (S00-T88)",S71
C2977675,S00-T88,"Injury, poisoning and certain other consequences of external causes (S00-T88)",S72
C2977675,S00-T88,"Injury, poisoning and certain other consequences of external causes (S00-T88)",S73
C2977675,S00-T88,"Injury, poisoning and certain other consequences of external causes (S00-T88)",S74
C2977675,S00-T88,"Injury, poisoning and certain other consequences of external causes (S00-T88)",S75
C2977675,S00-T88,"Injury, poisoning and certain other consequences of external causes (S00-T88)",S76
C2977675,S00-T88,"Injury, poisoning and certain other consequences of external causes (S00-T88)",S77
C2977675,S00-T88,"Injury, poisoning and certain other consequences of external causes (S00-T88)",S78
C2977675,S00-T88,"Injury, poisoning and certain other consequences of external causes (S00-T88)",S79
C2977675,S00-T88,"Injury, poisoning and certain other consequences of external causes (S00-T88)",S80
C2977675,S00-T88,"Injury, poisoning and certain other consequences of external causes (S00-T88)",S81
C2977675,S00-T88,"Injury, poisoning and certain other consequences of external causes (S00-T88)",S82
C2977675,S00-T88,"Injury, poisoning and certain other consequences of external causes (S00-T88)",S83
C2977675,S00-T88,"Injury, poisoning and certain other consequences of external causes (S00-T88)",S84
C2977675,S00-T88,"Injury, poisoning and certain other consequences of external causes (S00-T88)",S85
C2977675,S00-T88,"Injury, poisoning and certain other consequences of external causes (S00-T88)",S86
C2977675,S00-T88,"Injury, poisoning and certain other consequences of external causes (S00-T88)",S87
C2977675,S00-T88,"Injury, poisoning and certain other consequences of external causes (S00-T88)",S88
C2977675,S00-T88,"Injury, poisoning and certain other consequences of external causes (S00-T88)",S89
C2977675,S00-T88,"Injury, poisoning and certain other consequences of external causes (S00-T88)",S90
C2977675,S00-T88,"Injury, poisoning and certain other consequences of external causes (S00-T88)",S91
C2977675,S00-T88,"Injury, poisoning and certain other consequences of external causes (S00-T88)",S92
C2977675,S00-T88,"Injury, poisoning and certain other consequences of external causes (S00-T88)",S93
C2977675,S00-T88,"Injury, poisoning and certain other consequences of external causes (S00-T88)",S94
C2977675,S00-T88,"Injury, poisoning and certain other consequences of external causes (S00-T88)",S95
C2977675,S00-T88,"Injury, poisoning and certain other consequences of external causes (S00-T88)",S96
C2977675,S00-T88,"Injury, poisoning and certain other consequences of external causes (S00-T88)",S97
C2977675,S00-T88,"Injury, poisoning and certain other consequences of external causes (S00-T88)",S98
C2977675,S00-T88,"Injury, poisoning and certain other consequences of external causes (S00-T88)",S99
C2977675,S00-T88,"Injury, poisoning and certain other consequences of external causes (S00-T88)",T00
C2977675,S00-T88,"Injury, poisoning and certain other consequences of external causes (S00-T88)",T01
C2977675,S00-T88,"Injury, poisoning and certain other consequences of external causes (S00-T88)",T02
C2977675,S00-T88,"Injury, poisoning and certain other consequences of external causes (S00-T88)",T03
C2977675,S00-T88,"Injury, poisoning and certain other consequences of external causes (S00-T88)",T04
C2977675,S00-T88,"Injury, poisoning and certain other consequences of external causes (S00-T88)",T05
C2977675,S00-T88,"Injury, poisoning and certain other consequences of external causes (S00-T88)",T06
C2977675,S00-T88,"Injury, poisoning and certain other consequences of external causes (S00-T88)",T07
C2977675,S00-T88,"Injury, poisoning and certain other consequences of external causes (S00-T88)",T08
C2977675,S00-T88,"Injury, poisoning and certain other consequences of external causes (S00-T88)",T09
C2977675,S00-T88,"Injury, poisoning and certain other consequences of external causes (S00-T88)",T10
C2977675,S00-T88,"Injury, poisoning and certain other consequences of external causes (S00-T88)",T11
C2977675,S00-T88,"Injury, poisoning and certain other consequences of external causes (S00-T88)",T12
C2977675,S00-T88,"Injury, poisoning and certain other consequences of external causes (S00-T88)",T13
C2977675,S00-T88,"Injury, poisoning and certain other consequences of external causes (S00-T88)",T14
C2977675,S00-T88,"Injury, poisoning and certain other consequences of external causes (S00-T88)",T15
C2977675,S00-T88,"Injury, poisoning and certain other consequences of external causes (S00-T88)",T16
C2977675,S00-T88,"Injury, poisoning and certain other consequences of external causes (S00-T88)",T17
C2977675,S00-T88,"Injury, poisoning and certain other consequences of external causes (S00-T88)",T18
C2977675,S00-T88,"Injury, poisoning and certain other consequences of external causes (S00-T88)",T19
C2977675,S00-T88,"Injury, poisoning and certain other consequences of external causes (S00-T88)",T20
C2977675,S00-T88,"Injury, poisoning and certain other consequences of external causes (S00-T88)",T21
C2977675,S00-T88,"Injury, poisoning and certain other consequences of external causes (S00-T88)",T22
C2977675,S00-T88,"Injury, poisoning and certain other consequences of external causes (S00-T88)",T23
C2977675,S00-T88,"Injury, poisoning and certain other consequences of external causes (S00-T88)",T24
C2977675,S00-T88,"Injury, poisoning and certain other consequences of external causes (S00-T88)",T25
C2977675,S00-T88,"Injury, poisoning and certain other consequences of external causes (S00-T88)",T26
C2977675,S00-T88,"Injury, poisoning and certain other consequences of external causes (S00-T88)",T27
C2977675,S00-T88,"Injury, poisoning and certain other consequences of external causes (S00-T88)",T28
C2977675,S00-T88,"Injury, poisoning and certain other consequences of external causes (S00-T88)",T29
C2977675,S00-T88,"Injury, poisoning and certain other consequences of external causes (S00-T88)",T30
C2977675,S00-T88,"Injury, poisoning and certain other consequences of external causes (S00-T88)",T31
C2977675,S00-T88,"Injury, poisoning and certain other consequences of external causes (S00-T88)",T32
C2977675,S00-T88,"Injury, poisoning and certain other consequences of external causes (S00-T88)",T33
C2977675,S00-T88,"Injury, poisoning and certain other consequences of external causes (S00-T88)",T34
C2977675,S00-T88,"Injury, poisoning and certain other consequences of external causes (S00-T88)",T35
C2977675,S00-T88,"Injury, poisoning and certain other consequences of external causes (S00-T88)",T36
C2977675,S00-T88,"Injury, poisoning and certain other consequences of external causes (S00-T88)",T37
C2977675,S00-T88,"Injury, poisoning and certain other consequences of external causes (S00-T88)",T38
C2977675,S00-T88,"Injury, poisoning and certain other consequences of external causes (S00-T88)",T39
C2977675,S00-T88,"Injury, poisoning and certain other consequences of external causes (S00-T88)",T40
C2977675,S00-T88,"Injury, poisoning and certain other consequences of external causes (S00-T88)",T41
C2977675,S00-T88,"Injury, poisoning and certain other consequences of external causes (S00-T88)",T42
C2977675,S00-T88,"Injury, poisoning and certain other consequences of external causes (S00-T88)",T43
C2977675,S00-T88,"Injury, poisoning and certain other consequences of external causes (S00-T88)",T44
C2977675,S00-T88,"Injury, poisoning and certain other consequences of external causes (S00-T88)",T45
C2977675,S00-T88,"Injury, poisoning and certain other consequences of external causes (S00-T88)",T46
C2977675,S00-T88,"Injury, poisoning and certain other consequences of external causes (S00-T88)",T47
C2977675,S00-T88,"Injury, poisoning and certain other consequences of external causes (S00-T88)",T48
C2977675,S00-T88,"Injury, poisoning and certain other consequences of external causes (S00-T88)",T49
C2977675,S00-T88,"Injury, poisoning and certain other consequences of external causes (S00-T88)",T50
C2977675,S00-T88,"Injury, poisoning and certain other consequences of external causes (S00-T88)",T51
C2977675,S00-T88,"Injury, poisoning and certain other consequences of external causes (S00-T88)",T52
C2977675,S00-T88,"Injury, poisoning and certain other consequences of external causes (S00-T88)",T53
C2977675,S00-T88,"Injury, poisoning and certain other consequences of external causes (S00-T88)",T54
C2977675,S00-T88,"Injury, poisoning and certain other consequences of external causes (S00-T88)",T55
C2977675,S00-T88,"Injury, poisoning and certain other consequences of external causes (S00-T88)",T56
C2977675,S00-T88,"Injury, poisoning and certain other consequences of external causes (S00-T88)",T57
C2977675,S00-T88,"Injury, poisoning and certain other consequences of external causes (S00-T88)",T58
C2977675,S00-T88,"Injury, poisoning and certain other consequences of external causes (S00-T88)",T59
C2977675,S00-T88,"Injury, poisoning and certain other consequences of external causes (S00-T88)",T60
C2977675,S00-T88,"Injury, poisoning and certain other consequences of external causes (S00-T88)",T61
C2977675,S00-T88,"Injury, poisoning and certain other consequences of external causes (S00-T88)",T62
C2977675,S00-T88,"Injury, poisoning and certain other consequences of external causes (S00-T88)",T63
C2977675,S00-T88,"Injury, poisoning and certain other consequences of external causes (S00-T88)",T64
C2977675,S00-T88,"Injury, poisoning and certain other consequences of external causes (S00-T88)",T65
C2977675,S00-T88,"Injury, poisoning and certain other consequences of external causes (S00-T88)",T66
C2977675,S00-T88,"Injury, poisoning and certain other consequences of external causes (S00-T88)",T67
C2977675,S00-T88,"Injury, poisoning and certain other consequences of external causes (S00-T88)",T68
C2977675,S00-T88,"Injury, poisoning and certain other consequences of external causes (S00-T88)",T69
C2977675,S00-T88,"Injury, poisoning and certain other consequences of external causes (S00-T88)",T70
C2977675,S00-T88,"Injury, poisoning and certain other consequences of external causes (S00-T88)",T71
C2977675,S00-T88,"Injury, poisoning and certain other consequences of external causes (S00-T88)",T72
C2977675,S00-T88,"Injury, poisoning and certain other consequences of external causes (S00-T88)",T73
C2977675,S00-T88,"Injury, poisoning and certain other consequences of external causes (S00-T88)",T74
C2977675,S00-T88,"Injury, poisoning and certain other consequences of external causes (S00-T88)",T75
C2977675,S00-T88,"Injury, poisoning and certain other consequences of external causes (S00-T88)",T76
C2977675,S00-T88,"Injury, poisoning and certain other consequences of external causes (S00-T88)",T77
C2977675,S00-T88,"Injury, poisoning and certain other consequences of external causes (S00-T88)",T78
C2977675,S00-T88,"Injury, poisoning and certain other consequences of external causes (S00-T88)",T79
C2977675,S00-T88,"Injury, poisoning and certain other consequences of external causes (S00-T88)",T80
C2977675,S00-T88,"Injury, poisoning and certain other consequences of external causes (S00-T88)",T81
C2977675,S00-T88,"Injury, poisoning and certain other consequences of external causes (S00-T88)",T82
C2977675,S00-T88,"Injury, poisoning and certain other consequences of external causes (S00-T88)",T83
C2977675,S00-T88,"Injury, poisoning and certain other consequences of external causes (S00-T88)",T84
C2977675,S00-T88,"Injury, poisoning and certain other consequences of external causes (S00-T88)",T85
C2977675,S00-T88,"Injury, poisoning and certain other consequences of external causes (S00-T88)",T86
C2977675,S00-T88,"Injury, poisoning and certain other consequences of external causes (S00-T88)",T87
C2977675,S00-T88,"Injury, poisoning and certain other consequences of external causes (S00-T88)",T88
C0027531,S10-S19,Injuries to the neck (S10-S19),S10
C0027531,S10-S19,Injuries to the neck (S10-S19),S11
C0027531,S10-S19,Injuries to the neck (S10-S19),S12
C0027531,S10-S19,Injuries to the neck (S10-S19),S13
C0027531,S10-S19,Injuries to the neck (S10-S19),S14
C0027531,S10-S19,Injuries to the neck (S10-S19),S15
C0027531,S10-S19,Injuries to the neck (S10-S19),S16
C0027531,S10-S19,Injuries to the neck (S10-S19),S17
C0027531,S10-S19,Injuries to the neck (S10-S19),S18
C0027531,S10-S19,Injuries to the neck (S10-S19),S19
C0039980,S20-S29,Injuries to the thorax (S20-S29),S20
C0039980,S20-S29,Injuries to the thorax (S20-S29),S21
C0039980,S20-S29,Injuries to the thorax (S20-S29),S22
C0039980,S20-S29,Injuries to the thorax (S20-S29),S23
C0039980,S20-S29,Injuries to the thorax (S20-S29),S24
C0039980,S20-S29,Injuries to the thorax (S20-S29),S25
C0039980,S20-S29,Injuries to the thorax (S20-S29),S26
C0039980,S20-S29,Injuries to the thorax (S20-S29),S27
C0039980,S20-S29,Injuries to the thorax (S20-S29),S28
C0039980,S20-S29,Injuries to the thorax (S20-S29),S29
C2836548,S30-S39,"Injuries to the abdomen, lower back, lumbar spine, pelvis and external genitals (S30-S39)",S30
C2836548,S30-S39,"Injuries to the abdomen, lower back, lumbar spine, pelvis and external genitals (S30-S39)",S31
C2836548,S30-S39,"Injuries to the abdomen, lower back, lumbar spine, pelvis and external genitals (S30-S39)",S32
C2836548,S30-S39,"Injuries to the abdomen, lower back, lumbar spine, pelvis and external genitals (S30-S39)",S33
C2836548,S30-S39,"Injuries to the abdomen, lower back, lumbar spine, pelvis and external genitals (S30-S39)",S34
C2836548,S30-S39,"Injuries to the abdomen, lower back, lumbar spine, pelvis and external genitals (S30-S39)",S35
C2836548,S30-S39,"Injuries to the abdomen, lower back, lumbar spine, pelvis and external genitals (S30-S39)",S36
C2836548,S30-S39,"Injuries to the abdomen, lower back, lumbar spine, pelvis and external genitals (S30-S39)",S37
C2836548,S30-S39,"Injuries to the abdomen, lower back, lumbar spine, pelvis and external genitals (S30-S39)",S38
C2836548,S30-S39,"Injuries to the abdomen, lower back, lumbar spine, pelvis and external genitals (S30-S39)",S39
C0272440,S40-S49,Injuries to the shoulder and upper arm (S40-S49),S40
C0272440,S40-S49,Injuries to the shoulder and upper arm (S40-S49),S41
C0272440,S40-S49,Injuries to the shoulder and upper arm (S40-S49),S42
C0272440,S40-S49,Injuries to the shoulder and upper arm (S40-S49),S43
C0272440,S40-S49,Injuries to the shoulder and upper arm (S40-S49),S44
C0272440,S40-S49,Injuries to the shoulder and upper arm (S40-S49),S45
C0272440,S40-S49,Injuries to the shoulder and upper arm (S40-S49),S46
C0272440,S40-S49,Injuries to the shoulder and upper arm (S40-S49),S47
C0272440,S40-S49,Injuries to the shoulder and upper arm (S40-S49),S48
C0272440,S40-S49,Injuries to the shoulder and upper arm (S40-S49),S49
C0348771,S50-S59,Injuries to the elbow and forearm (S50-S59),S50
C0348771,S50-S59,Injuries to the elbow and forearm (S50-S59),S51
C0348771,S50-S59,Injuries to the elbow and forearm (S50-S59),S52
C0348771,S50-S59,Injuries to the elbow and forearm (S50-S59),S53
C0348771,S50-S59,Injuries to the elbow and forearm (S50-S59),S54
C0348771,S50-S59,Injuries to the elbow and forearm (S50-S59),S55
C0348771,S50-S59,Injuries to the elbow and forearm (S50-S59),S56
C0348771,S50-S59,Injuries to the elbow and forearm (S50-S59),S57
C0348771,S50-S59,Injuries to the elbow and forearm (S50-S59),S58
C0348771,S50-S59,Injuries to the elbow and forearm (S50-S59),S59
C2848916,S60-S69,"Injuries to the wrist, hand and fingers (S60-S69)",S60
C2848916,S60-S69,"Injuries to the wrist, hand and fingers (S60-S69)",S61
C2848916,S60-S69,"Injuries to the wrist, hand and fingers (S60-S69)",S62
C2848916,S60-S69,"Injuries to the wrist, hand and fingers (S60-S69)",S63
C2848916,S60-S69,"Injuries to the wrist, hand and fingers (S60-S69)",S64
C2848916,S60-S69,"Injuries to the wrist, hand and fingers (S60-S69)",S65
C2848916,S60-S69,"Injuries to the wrist, hand and fingers (S60-S69)",S66
C2848916,S60-S69,"Injuries to the wrist, hand and fingers (S60-S69)",S67
C2848916,S60-S69,"Injuries to the wrist, hand and fingers (S60-S69)",S68
C2848916,S60-S69,"Injuries to the wrist, hand and fingers (S60-S69)",S69
C0272445,S70-S79,Injuries to the hip and thigh (S70-S79),S70
C0272445,S70-S79,Injuries to the hip and thigh (S70-S79),S71
C0272445,S70-S79,Injuries to the hip and thigh (S70-S79),S72
C0272445,S70-S79,Injuries to the hip and thigh (S70-S79),S73
C0272445,S70-S79,Injuries to the hip and thigh (S70-S79),S74
C0272445,S70-S79,Injuries to the hip and thigh (S70-S79),S75
C0272445,S70-S79,Injuries to the hip and thigh (S70-S79),S76
C0272445,S70-S79,Injuries to the hip and thigh (S70-S79),S77
C0272445,S70-S79,Injuries to the hip and thigh (S70-S79),S78
C0272445,S70-S79,Injuries to the hip and thigh (S70-S79),S79
C0478332,S80-S89,Injuries to the knee and lower leg (S80-S89),S80
C0478332,S80-S89,Injuries to the knee and lower leg (S80-S89),S81
C0478332,S80-S89,Injuries to the knee and lower leg (S80-S89),S82
C0478332,S80-S89,Injuries to the knee and lower leg (S80-S89),S83
C0478332,S80-S89,Injuries to the knee and lower leg (S80-S89),S84
C0478332,S80-S89,Injuries to the knee and lower leg (S80-S89),S85
C0478332,S80-S89,Injuries to the knee and lower leg (S80-S89),S86
C0478332,S80-S89,Injuries to the knee and lower leg (S80-S89),S87
C0478332,S80-S89,Injuries to the knee and lower leg (S80-S89),S88
C0478332,S80-S89,Injuries to the knee and lower leg (S80-S89),S89
C0348772,S90-S99,Injuries to the ankle and foot (S90-S99),S90
C0348772,S90-S99,Injuries to the ankle and foot (S90-S99),S91
C0348772,S90-S99,Injuries to the ankle and foot (S90-S99),S92
C0348772,S90-S99,Injuries to the ankle and foot (S90-S99),S93
C0348772,S90-S99,Injuries to the ankle and foot (S90-S99),S94
C0348772,S90-S99,Injuries to the ankle and foot (S90-S99),S95
C0348772,S90-S99,Injuries to the ankle and foot (S90-S99),S96
C0348772,S90-S99,Injuries to the ankle and foot (S90-S99),S97
C0348772,S90-S99,Injuries to the ankle and foot (S90-S99),S98
C0348772,S90-S99,Injuries to the ankle and foot (S90-S99),S99
C0478365,T07-T07,Injuries involving multiple body regions (T07),T07
C4270110,T07-T88,"Injury, poisoning and certain other consequences of external causes (T07-T88)",T07
C4270110,T07-T88,"Injury, poisoning and certain other consequences of external causes (T07-T88)",T08
C4270110,T07-T88,"Injury, poisoning and certain other consequences of external causes (T07-T88)",T09
C4270110,T07-T88,"Injury, poisoning and certain other consequences of external causes (T07-T88)",T10
C4270110,T07-T88,"Injury, poisoning and certain other consequences of external causes (T07-T88)",T11
C4270110,T07-T88,"Injury, poisoning and certain other consequences of external causes (T07-T88)",T12
C4270110,T07-T88,"Injury, poisoning and certain other consequences of external causes (T07-T88)",T13
C4270110,T07-T88,"Injury, poisoning and certain other consequences of external causes (T07-T88)",T14
C4270110,T07-T88,"Injury, poisoning and certain other consequences of external causes (T07-T88)",T15
C4270110,T07-T88,"Injury, poisoning and certain other consequences of external causes (T07-T88)",T16
C4270110,T07-T88,"Injury, poisoning and certain other consequences of external causes (T07-T88)",T17
C4270110,T07-T88,"Injury, poisoning and certain other consequences of external causes (T07-T88)",T18
C4270110,T07-T88,"Injury, poisoning and certain other consequences of external causes (T07-T88)",T19
C4270110,T07-T88,"Injury, poisoning and certain other consequences of external causes (T07-T88)",T20
C4270110,T07-T88,"Injury, poisoning and certain other consequences of external causes (T07-T88)",T21
C4270110,T07-T88,"Injury, poisoning and certain other consequences of external causes (T07-T88)",T22
C4270110,T07-T88,"Injury, poisoning and certain other consequences of external causes (T07-T88)",T23
C4270110,T07-T88,"Injury, poisoning and certain other consequences of external causes (T07-T88)",T24
C4270110,T07-T88,"Injury, poisoning and certain other consequences of external causes (T07-T88)",T25
C4270110,T07-T88,"Injury, poisoning and certain other consequences of external causes (T07-T88)",T26
C4270110,T07-T88,"Injury, poisoning and certain other consequences of external causes (T07-T88)",T27
C4270110,T07-T88,"Injury, poisoning and certain other consequences of external causes (T07-T88)",T28
C4270110,T07-T88,"Injury, poisoning and certain other consequences of external causes (T07-T88)",T29
C4270110,T07-T88,"Injury, poisoning and certain other consequences of external causes (T07-T88)",T30
C4270110,T07-T88,"Injury, poisoning and certain other consequences of external causes (T07-T88)",T31
C4270110,T07-T88,"Injury, poisoning and certain other consequences of external causes (T07-T88)",T32
C4270110,T07-T88,"Injury, poisoning and certain other consequences of external causes (T07-T88)",T33
C4270110,T07-T88,"Injury, poisoning and certain other consequences of external causes (T07-T88)",T34
C4270110,T07-T88,"Injury, poisoning and certain other consequences of external causes (T07-T88)",T35
C4270110,T07-T88,"Injury, poisoning and certain other consequences of external causes (T07-T88)",T36
C4270110,T07-T88,"Injury, poisoning and certain other consequences of external causes (T07-T88)",T37
C4270110,T07-T88,"Injury, poisoning and certain other consequences of external causes (T07-T88)",T38
C4270110,T07-T88,"Injury, poisoning and certain other consequences of external causes (T07-T88)",T39
C4270110,T07-T88,"Injury, poisoning and certain other consequences of external causes (T07-T88)",T40
C4270110,T07-T88,"Injury, poisoning and certain other consequences of external causes (T07-T88)",T41
C4270110,T07-T88,"Injury, poisoning and certain other consequences of external causes (T07-T88)",T42
C4270110,T07-T88,"Injury, poisoning and certain other consequences of external causes (T07-T88)",T43
C4270110,T07-T88,"Injury, poisoning and certain other consequences of external causes (T07-T88)",T44
C4270110,T07-T88,"Injury, poisoning and certain other consequences of external causes (T07-T88)",T45
C4270110,T07-T88,"Injury, poisoning and certain other consequences of external causes (T07-T88)",T46
C4270110,T07-T88,"Injury, poisoning and certain other consequences of external causes (T07-T88)",T47
C4270110,T07-T88,"Injury, poisoning and certain other consequences of external causes (T07-T88)",T48
C4270110,T07-T88,"Injury, poisoning and certain other consequences of external causes (T07-T88)",T49
C4270110,T07-T88,"Injury, poisoning and certain other consequences of external causes (T07-T88)",T50
C4270110,T07-T88,"Injury, poisoning and certain other consequences of external causes (T07-T88)",T51
C4270110,T07-T88,"Injury, poisoning and certain other consequences of external causes (T07-T88)",T52
C4270110,T07-T88,"Injury, poisoning and certain other consequences of external causes (T07-T88)",T53
C4270110,T07-T88,"Injury, poisoning and certain other consequences of external causes (T07-T88)",T54
C4270110,T07-T88,"Injury, poisoning and certain other consequences of external causes (T07-T88)",T55
C4270110,T07-T88,"Injury, poisoning and certain other consequences of external causes (T07-T88)",T56
C4270110,T07-T88,"Injury, poisoning and certain other consequences of external causes (T07-T88)",T57
C4270110,T07-T88,"Injury, poisoning and certain other consequences of external causes (T07-T88)",T58
C4270110,T07-T88,"Injury, poisoning and certain other consequences of external causes (T07-T88)",T59
C4270110,T07-T88,"Injury, poisoning and certain other consequences of external causes (T07-T88)",T60
C4270110,T07-T88,"Injury, poisoning and certain other consequences of external causes (T07-T88)",T61
C4270110,T07-T88,"Injury, poisoning and certain other consequences of external causes (T07-T88)",T62
C4270110,T07-T88,"Injury, poisoning and certain other consequences of external causes (T07-T88)",T63
C4270110,T07-T88,"Injury, poisoning and certain other consequences of external causes (T07-T88)",T64
C4270110,T07-T88,"Injury, poisoning and certain other consequences of external causes (T07-T88)",T65
C4270110,T07-T88,"Injury, poisoning and certain other consequences of external causes (T07-T88)",T66
C4270110,T07-T88,"Injury, poisoning and certain other consequences of external causes (T07-T88)",T67
C4270110,T07-T88,"Injury, poisoning and certain other consequences of external causes (T07-T88)",T68
C4270110,T07-T88,"Injury, poisoning and certain other consequences of external causes (T07-T88)",T69
C4270110,T07-T88,"Injury, poisoning and certain other consequences of external causes (T07-T88)",T70
C4270110,T07-T88,"Injury, poisoning and certain other consequences of external causes (T07-T88)",T71
C4270110,T07-T88,"Injury, poisoning and certain other consequences of external causes (T07-T88)",T72
C4270110,T07-T88,"Injury, poisoning and certain other consequences of external causes (T07-T88)",T73
C4270110,T07-T88,"Injury, poisoning and certain other consequences of external causes (T07-T88)",T74
C4270110,T07-T88,"Injury, poisoning and certain other consequences of external causes (T07-T88)",T75
C4270110,T07-T88,"Injury, poisoning and certain other consequences of external causes (T07-T88)",T76
C4270110,T07-T88,"Injury, poisoning and certain other consequences of external causes (T07-T88)",T77
C4270110,T07-T88,"Injury, poisoning and certain other consequences of external causes (T07-T88)",T78
C4270110,T07-T88,"Injury, poisoning and certain other consequences of external causes (T07-T88)",T79
C4270110,T07-T88,"Injury, poisoning and certain other consequences of external causes (T07-T88)",T80
C4270110,T07-T88,"Injury, poisoning and certain other consequences of external causes (T07-T88)",T81
C4270110,T07-T88,"Injury, poisoning and certain other consequences of external causes (T07-T88)",T82
C4270110,T07-T88,"Injury, poisoning and certain other consequences of external causes (T07-T88)",T83
C4270110,T07-T88,"Injury, poisoning and certain other consequences of external causes (T07-T88)",T84
C4270110,T07-T88,"Injury, poisoning and certain other consequences of external causes (T07-T88)",T85
C4270110,T07-T88,"Injury, poisoning and certain other consequences of external causes (T07-T88)",T86
C4270110,T07-T88,"Injury, poisoning and certain other consequences of external causes (T07-T88)",T87
C4270110,T07-T88,"Injury, poisoning and certain other consequences of external causes (T07-T88)",T88
C0496020,T14-T14,Injury of unspecified body region (T14),T14
C0478399,T15-T19,Effects of foreign body entering through natural orifice (T15-T19),T15
C0478399,T15-T19,Effects of foreign body entering through natural orifice (T15-T19),T16
C0478399,T15-T19,Effects of foreign body entering through natural orifice (T15-T19),T17
C0478399,T15-T19,Effects of foreign body entering through natural orifice (T15-T19),T18
C0478399,T15-T19,Effects of foreign body entering through natural orifice (T15-T19),T19
C0694461,T20-T25,"Burns and corrosions of external body surface, specified by site (T20-T25)",T20
C0694461,T20-T25,"Burns and corrosions of external body surface, specified by site (T20-T25)",T21
C0694461,T20-T25,"Burns and corrosions of external body surface, specified by site (T20-T25)",T22
C0694461,T20-T25,"Burns and corrosions of external body surface, specified by site (T20-T25)",T23
C0694461,T20-T25,"Burns and corrosions of external body surface, specified by site (T20-T25)",T24
C0694461,T20-T25,"Burns and corrosions of external body surface, specified by site (T20-T25)",T25
C4270112,T20-T32,Burns and corrosions (T20-T32),T20
C4270112,T20-T32,Burns and corrosions (T20-T32),T21
C4270112,T20-T32,Burns and corrosions (T20-T32),T22
C4270112,T20-T32,Burns and corrosions (T20-T32),T23
C4270112,T20-T32,Burns and corrosions (T20-T32),T24
C4270112,T20-T32,Burns and corrosions (T20-T32),T25
C4270112,T20-T32,Burns and corrosions (T20-T32),T26
C4270112,T20-T32,Burns and corrosions (T20-T32),T27
C4270112,T20-T32,Burns and corrosions (T20-T32),T28
C4270112,T20-T32,Burns and corrosions (T20-T32),T29
C4270112,T20-T32,Burns and corrosions (T20-T32),T30
C4270112,T20-T32,Burns and corrosions (T20-T32),T31
C4270112,T20-T32,Burns and corrosions (T20-T32),T32
C0694462,T26-T28,Burns and corrosions confined to eye and internal organs (T26-T28),T26
C0694462,T26-T28,Burns and corrosions confined to eye and internal organs (T26-T28),T27
C0694462,T26-T28,Burns and corrosions confined to eye and internal organs (T26-T28),T28
C0694463,T30-T32,Burns and corrosions of multiple and unspecified body regions (T30-T32),T30
C0694463,T30-T32,Burns and corrosions of multiple and unspecified body regions (T30-T32),T31
C0694463,T30-T32,Burns and corrosions of multiple and unspecified body regions (T30-T32),T32
C0016736,T33-T34,Frostbite (T33-T34),T33
C0016736,T33-T34,Frostbite (T33-T34),T34
C2876538,T36-T50,"Poisoning by, adverse effects of and underdosing of drugs, medicaments and biological substances (T36-T50)",T36
C2876538,T36-T50,"Poisoning by, adverse effects of and underdosing of drugs, medicaments and biological substances (T36-T50)",T37
C2876538,T36-T50,"Poisoning by, adverse effects of and underdosing of drugs, medicaments and biological substances (T36-T50)",T38
C2876538,T36-T50,"Poisoning by, adverse effects of and underdosing of drugs, medicaments and biological substances (T36-T50)",T39
C2876538,T36-T50,"Poisoning by, adverse effects of and underdosing of drugs, medicaments and biological substances (T36-T50)",T40
C2876538,T36-T50,"Poisoning by, adverse effects of and underdosing of drugs, medicaments and biological substances (T36-T50)",T41
C2876538,T36-T50,"Poisoning by, adverse effects of and underdosing of drugs, medicaments and biological substances (T36-T50)",T42
C2876538,T36-T50,"Poisoning by, adverse effects of and underdosing of drugs, medicaments and biological substances (T36-T50)",T43
C2876538,T36-T50,"Poisoning by, adverse effects of and underdosing of drugs, medicaments and biological substances (T36-T50)",T44
C2876538,T36-T50,"Poisoning by, adverse effects of and underdosing of drugs, medicaments and biological substances (T36-T50)",T45
C2876538,T36-T50,"Poisoning by, adverse effects of and underdosing of drugs, medicaments and biological substances (T36-T50)",T46
C2876538,T36-T50,"Poisoning by, adverse effects of and underdosing of drugs, medicaments and biological substances (T36-T50)",T47
C2876538,T36-T50,"Poisoning by, adverse effects of and underdosing of drugs, medicaments and biological substances (T36-T50)",T48
C2876538,T36-T50,"Poisoning by, adverse effects of and underdosing of drugs, medicaments and biological substances (T36-T50)",T49
C2876538,T36-T50,"Poisoning by, adverse effects of and underdosing of drugs, medicaments and biological substances (T36-T50)",T50
C0274829,T51-T65,Toxic effects of substances chiefly nonmedicinal as to source (T51-T65),T51
C0274829,T51-T65,Toxic effects of substances chiefly nonmedicinal as to source (T51-T65),T52
C0274829,T51-T65,Toxic effects of substances chiefly nonmedicinal as to source (T51-T65),T53
C0274829,T51-T65,Toxic effects of substances chiefly nonmedicinal as to source (T51-T65),T54
C0274829,T51-T65,Toxic effects of substances chiefly nonmedicinal as to source (T51-T65),T55
C0274829,T51-T65,Toxic effects of substances chiefly nonmedicinal as to source (T51-T65),T56
C0274829,T51-T65,Toxic effects of substances chiefly nonmedicinal as to source (T51-T65),T57
C0274829,T51-T65,Toxic effects of substances chiefly nonmedicinal as to source (T51-T65),T58
C0274829,T51-T65,Toxic effects of substances chiefly nonmedicinal as to source (T51-T65),T59
C0274829,T51-T65,Toxic effects of substances chiefly nonmedicinal as to source (T51-T65),T60
C0274829,T51-T65,Toxic effects of substances chiefly nonmedicinal as to source (T51-T65),T61
C0274829,T51-T65,Toxic effects of substances chiefly nonmedicinal as to source (T51-T65),T62
C0274829,T51-T65,Toxic effects of substances chiefly nonmedicinal as to source (T51-T65),T63
C0274829,T51-T65,Toxic effects of substances chiefly nonmedicinal as to source (T51-T65),T64
C0274829,T51-T65,Toxic effects of substances chiefly nonmedicinal as to source (T51-T65),T65
C0013679,T66-T78,Other and unspecified effects of external causes (T66-T78),T66
C0013679,T66-T78,Other and unspecified effects of external causes (T66-T78),T67
C0013679,T66-T78,Other and unspecified effects of external causes (T66-T78),T68
C0013679,T66-T78,Other and unspecified effects of external causes (T66-T78),T69
C0013679,T66-T78,Other and unspecified effects of external causes (T66-T78),T70
C0013679,T66-T78,Other and unspecified effects of external causes (T66-T78),T71
C0013679,T66-T78,Other and unspecified effects of external causes (T66-T78),T72
C0013679,T66-T78,Other and unspecified effects of external causes (T66-T78),T73
C0013679,T66-T78,Other and unspecified effects of external causes (T66-T78),T74
C0013679,T66-T78,Other and unspecified effects of external causes (T66-T78),T75
C0013679,T66-T78,Other and unspecified effects of external causes (T66-T78),T76
C0013679,T66-T78,Other and unspecified effects of external causes (T66-T78),T77
C0013679,T66-T78,Other and unspecified effects of external causes (T66-T78),T78
C0161480,T79-T79,Certain early complications of trauma (T79),T79
C0869272,T80-T88,"Complications of surgical and medical care, not elsewhere classified (T80-T88)",T80
C0869272,T80-T88,"Complications of surgical and medical care, not elsewhere classified (T80-T88)",T81
C0869272,T80-T88,"Complications of surgical and medical care, not elsewhere classified (T80-T88)",T82
C0869272,T80-T88,"Complications of surgical and medical care, not elsewhere classified (T80-T88)",T83
C0869272,T80-T88,"Complications of surgical and medical care, not elsewhere classified (T80-T88)",T84
C0869272,T80-T88,"Complications of surgical and medical care, not elsewhere classified (T80-T88)",T85
C0869272,T80-T88,"Complications of surgical and medical care, not elsewhere classified (T80-T88)",T86
C0869272,T80-T88,"Complications of surgical and medical care, not elsewhere classified (T80-T88)",T87
C0869272,T80-T88,"Complications of surgical and medical care, not elsewhere classified (T80-T88)",T88
C5385370,U00-U49,Provisional assignment of new diseases of uncertain etiology or emergency use (U00-U49),U00
C5385370,U00-U49,Provisional assignment of new diseases of uncertain etiology or emergency use (U00-U49),U01
C5385370,U00-U49,Provisional assignment of new diseases of uncertain etiology or emergency use (U00-U49),U02
C5385370,U00-U49,Provisional assignment of new diseases of uncertain etiology or emergency use (U00-U49),U03
C5385370,U00-U49,Provisional assignment of new diseases of uncertain etiology or emergency use (U00-U49),U04
C5385370,U00-U49,Provisional assignment of new diseases of uncertain etiology or emergency use (U00-U49),U05
C5385370,U00-U49,Provisional assignment of new diseases of uncertain etiology or emergency use (U00-U49),U06
C5385370,U00-U49,Provisional assignment of new diseases of uncertain etiology or emergency use (U00-U49),U07
C5385370,U00-U49,Provisional assignment of new diseases of uncertain etiology or emergency use (U00-U49),U08
C5385370,U00-U49,Provisional assignment of new diseases of uncertain etiology or emergency use (U00-U49),U09
C5385370,U00-U49,Provisional assignment of new diseases of uncertain etiology or emergency use (U00-U49),U10
C5385370,U00-U49,Provisional assignment of new diseases of uncertain etiology or emergency use (U00-U49),U11
C5385370,U00-U49,Provisional assignment of new diseases of uncertain etiology or emergency use (U00-U49),U12
C5385370,U00-U49,Provisional assignment of new diseases of uncertain etiology or emergency use (U00-U49),U13
C5385370,U00-U49,Provisional assignment of new diseases of uncertain etiology or emergency use (U00-U49),U14
C5385370,U00-U49,Provisional assignment of new diseases of uncertain etiology or emergency use (U00-U49),U15
C5385370,U00-U49,Provisional assignment of new diseases of uncertain etiology or emergency use (U00-U49),U16
C5385370,U00-U49,Provisional assignment of new diseases of uncertain etiology or emergency use (U00-U49),U17
C5385370,U00-U49,Provisional assignment of new diseases of uncertain etiology or emergency use (U00-U49),U18
C5385370,U00-U49,Provisional assignment of new diseases of uncertain etiology or emergency use (U00-U49),U19
C5385370,U00-U49,Provisional assignment of new diseases of uncertain etiology or emergency use (U00-U49),U20
C5385370,U00-U49,Provisional assignment of new diseases of uncertain etiology or emergency use (U00-U49),U21
C5385370,U00-U49,Provisional assignment of new diseases of uncertain etiology or emergency use (U00-U49),U22
C5385370,U00-U49,Provisional assignment of new diseases of uncertain etiology or emergency use (U00-U49),U23
C5385370,U00-U49,Provisional assignment of new diseases of uncertain etiology or emergency use (U00-U49),U24
C5385370,U00-U49,Provisional assignment of new diseases of uncertain etiology or emergency use (U00-U49),U25
C5385370,U00-U49,Provisional assignment of new diseases of uncertain etiology or emergency use (U00-U49),U26
C5385370,U00-U49,Provisional assignment of new diseases of uncertain etiology or emergency use (U00-U49),U27
C5385370,U00-U49,Provisional assignment of new diseases of uncertain etiology or emergency use (U00-U49),U28
C5385370,U00-U49,Provisional assignment of new diseases of uncertain etiology or emergency use (U00-U49),U29
C5385370,U00-U49,Provisional assignment of new diseases of uncertain etiology or emergency use (U00-U49),U30
C5385370,U00-U49,Provisional assignment of new diseases of uncertain etiology or emergency use (U00-U49),U31
C5385370,U00-U49,Provisional assignment of new diseases of uncertain etiology or emergency use (U00-U49),U32
C5385370,U00-U49,Provisional assignment of new diseases of uncertain etiology or emergency use (U00-U49),U33
C5385370,U00-U49,Provisional assignment of new diseases of uncertain etiology or emergency use (U00-U49),U34
C5385370,U00-U49,Provisional assignment of new diseases of uncertain etiology or emergency use (U00-U49),U35
C5385370,U00-U49,Provisional assignment of new diseases of uncertain etiology or emergency use (U00-U49),U36
C5385370,U00-U49,Provisional assignment of new diseases of uncertain etiology or emergency use (U00-U49),U37
C5385370,U00-U49,Provisional assignment of new diseases of uncertain etiology or emergency use (U00-U49),U38
C5385370,U00-U49,Provisional assignment of new diseases of uncertain etiology or emergency use (U00-U49),U39
C5385370,U00-U49,Provisional assignment of new diseases of uncertain etiology or emergency use (U00-U49),U40
C5385370,U00-U49,Provisional assignment of new diseases of uncertain etiology or emergency use (U00-U49),U41
C5385370,U00-U49,Provisional assignment of new diseases of uncertain etiology or emergency use (U00-U49),U42
C5385370,U00-U49,Provisional assignment of new diseases of uncertain etiology or emergency use (U00-U49),U43
C5385370,U00-U49,Provisional assignment of new diseases of uncertain etiology or emergency use (U00-U49),U44
C5385370,U00-U49,Provisional assignment of new diseases of uncertain etiology or emergency use (U00-U49),U45
C5385370,U00-U49,Provisional assignment of new diseases of uncertain etiology or emergency use (U00-U49),U46
C5385370,U00-U49,Provisional assignment of new diseases of uncertain etiology or emergency use (U00-U49),U47
C5385370,U00-U49,Provisional assignment of new diseases of uncertain etiology or emergency use (U00-U49),U48
C5385370,U00-U49,Provisional assignment of new diseases of uncertain etiology or emergency use (U00-U49),U49
C5385369,U00-U85,Codes for special purposes (U00-U85),U00
C5385369,U00-U85,Codes for special purposes (U00-U85),U01
C5385369,U00-U85,Codes for special purposes (U00-U85),U02
C5385369,U00-U85,Codes for special purposes (U00-U85),U03
C5385369,U00-U85,Codes for special purposes (U00-U85),U04
C5385369,U00-U85,Codes for special purposes (U00-U85),U05
C5385369,U00-U85,Codes for special purposes (U00-U85),U06
C5385369,U00-U85,Codes for special purposes (U00-U85),U07
C5385369,U00-U85,Codes for special purposes (U00-U85),U08
C5385369,U00-U85,Codes for special purposes (U00-U85),U09
C5385369,U00-U85,Codes for special purposes (U00-U85),U10
C5385369,U00-U85,Codes for special purposes (U00-U85),U11
C5385369,U00-U85,Codes for special purposes (U00-U85),U12
C5385369,U00-U85,Codes for special purposes (U00-U85),U13
C5385369,U00-U85,Codes for special purposes (U00-U85),U14
C5385369,U00-U85,Codes for special purposes (U00-U85),U15
C5385369,U00-U85,Codes for special purposes (U00-U85),U16
C5385369,U00-U85,Codes for special purposes (U00-U85),U17
C5385369,U00-U85,Codes for special purposes (U00-U85),U18
C5385369,U00-U85,Codes for special purposes (U00-U85),U19
C5385369,U00-U85,Codes for special purposes (U00-U85),U20
C5385369,U00-U85,Codes for special purposes (U00-U85),U21
C5385369,U00-U85,Codes for special purposes (U00-U85),U22
C5385369,U00-U85,Codes for special purposes (U00-U85),U23
C5385369,U00-U85,Codes for special purposes (U00-U85),U24
C5385369,U00-U85,Codes for special purposes (U00-U85),U25
C5385369,U00-U85,Codes for special purposes (U00-U85),U26
C5385369,U00-U85,Codes for special purposes (U00-U85),U27
C5385369,U00-U85,Codes for special purposes (U00-U85),U28
C5385369,U00-U85,Codes for special purposes (U00-U85),U29
C5385369,U00-U85,Codes for special purposes (U00-U85),U30
C5385369,U00-U85,Codes for special purposes (U00-U85),U31
C5385369,U00-U85,Codes for special purposes (U00-U85),U32
C5385369,U00-U85,Codes for special purposes (U00-U85),U33
C5385369,U00-U85,Codes for special purposes (U00-U85),U34
C5385369,U00-U85,Codes for special purposes (U00-U85),U35
C5385369,U00-U85,Codes for special purposes (U00-U85),U36
C5385369,U00-U85,Codes for special purposes (U00-U85),U37
C5385369,U00-U85,Codes for special purposes (U00-U85),U38
C5385369,U00-U85,Codes for special purposes (U00-U85),U39
C5385369,U00-U85,Codes for special purposes (U00-U85),U40
C5385369,U00-U85,Codes for special purposes (U00-U85),U41
C5385369,U00-U85,Codes for special purposes (U00-U85),U42
C5385369,U00-U85,Codes for special purposes (U00-U85),U43
C5385369,U00-U85,Codes for special purposes (U00-U85),U44
C5385369,U00-U85,Codes for special purposes (U00-U85),U45
C5385369,U00-U85,Codes for special purposes (U00-U85),U46
C5385369,U00-U85,Codes for special purposes (U00-U85),U47
C5385369,U00-U85,Codes for special purposes (U00-U85),U48
C5385369,U00-U85,Codes for special purposes (U00-U85),U49
C5385369,U00-U85,Codes for special purposes (U00-U85),U50
C5385369,U00-U85,Codes for special purposes (U00-U85),U51
C5385369,U00-U85,Codes for special purposes (U00-U85),U52
C5385369,U00-U85,Codes for special purposes (U00-U85),U53
C5385369,U00-U85,Codes for special purposes (U00-U85),U54
C5385369,U00-U85,Codes for special purposes (U00-U85),U55
C5385369,U00-U85,Codes for special purposes (U00-U85),U56
C5385369,U00-U85,Codes for special purposes (U00-U85),U57
C5385369,U00-U85,Codes for special purposes (U00-U85),U58
C5385369,U00-U85,Codes for special purposes (U00-U85),U59
C5385369,U00-U85,Codes for special purposes (U00-U85),U60
C5385369,U00-U85,Codes for special purposes (U00-U85),U61
C5385369,U00-U85,Codes for special purposes (U00-U85),U62
C5385369,U00-U85,Codes for special purposes (U00-U85),U63
C5385369,U00-U85,Codes for special purposes (U00-U85),U64
C5385369,U00-U85,Codes for special purposes (U00-U85),U65
C5385369,U00-U85,Codes for special purposes (U00-U85),U66
C5385369,U00-U85,Codes for special purposes (U00-U85),U67
C5385369,U00-U85,Codes for special purposes (U00-U85),U68
C5385369,U00-U85,Codes for special purposes (U00-U85),U69
C5385369,U00-U85,Codes for special purposes (U00-U85),U70
C5385369,U00-U85,Codes for special purposes (U00-U85),U71
C5385369,U00-U85,Codes for special purposes (U00-U85),U72
C5385369,U00-U85,Codes for special purposes (U00-U85),U73
C5385369,U00-U85,Codes for special purposes (U00-U85),U74
C5385369,U00-U85,Codes for special purposes (U00-U85),U75
C5385369,U00-U85,Codes for special purposes (U00-U85),U76
C5385369,U00-U85,Codes for special purposes (U00-U85),U77
C5385369,U00-U85,Codes for special purposes (U00-U85),U78
C5385369,U00-U85,Codes for special purposes (U00-U85),U79
C5385369,U00-U85,Codes for special purposes (U00-U85),U80
C5385369,U00-U85,Codes for special purposes (U00-U85),U81
C5385369,U00-U85,Codes for special purposes (U00-U85),U82
C5385369,U00-U85,Codes for special purposes (U00-U85),U83
C5385369,U00-U85,Codes for special purposes (U00-U85),U84
C5385369,U00-U85,Codes for special purposes (U00-U85),U85
C0476747,V00-V09,Pedestrian injured in transport accident (V00-V09),V00
C0476747,V00-V09,Pedestrian injured in transport accident (V00-V09),V01
C0476747,V00-V09,Pedestrian injured in transport accident (V00-V09),V02
C0476747,V00-V09,Pedestrian injured in transport accident (V00-V09),V03
C0476747,V00-V09,Pedestrian injured in transport accident (V00-V09),V04
C0476747,V00-V09,Pedestrian injured in transport accident (V00-V09),V05
C0476747,V00-V09,Pedestrian injured in transport accident (V00-V09),V06
C0476747,V00-V09,Pedestrian injured in transport accident (V00-V09),V07
C0476747,V00-V09,Pedestrian injured in transport accident (V00-V09),V08
C0476747,V00-V09,Pedestrian injured in transport accident (V00-V09),V09
C4270668,V00-V99,Transport accidents (V00-V99),V00
C4270668,V00-V99,Transport accidents (V00-V99),V01
C4270668,V00-V99,Transport accidents (V00-V99),V02
C4270668,V00-V99,Transport accidents (V00-V99),V03
C4270668,V00-V99,Transport accidents (V00-V99),V04
C4270668,V00-V99,Transport accidents (V00-V99),V05
C4270668,V00-V99,Transport accidents (V00-V99),V06
C4270668,V00-V99,Transport accidents (V00-V99),V07
C4270668,V00-V99,Transport accidents (V00-V99),V08
C4270668,V00-V99,Transport accidents (V00-V99),V09
C4270668,V00-V99,Transport accidents (V00-V99),V10
C4270668,V00-V99,Transport accidents (V00-V99),V11
C4270668,V00-V99,Transport accidents (V00-V99),V12
C4270668,V00-V99,Transport accidents (V00-V99),V13
C4270668,V00-V99,Transport accidents (V00-V99),V14
C4270668,V00-V99,Transport accidents (V00-V99),V15
C4270668,V00-V99,Transport accidents (V00-V99),V16
C4270668,V00-V99,Transport accidents (V00-V99),V17
C4270668,V00-V99,Transport accidents (V00-V99),V18
C4270668,V00-V99,Transport accidents (V00-V99),V19
C4270668,V00-V99,Transport accidents (V00-V99),V20
C4270668,V00-V99,Transport accidents (V00-V99),V21
C4270668,V00-V99,Transport accidents (V00-V99),V22
C4270668,V00-V99,Transport accidents (V00-V99),V23
C4270668,V00-V99,Transport accidents (V00-V99),V24
C4270668,V00-V99,Transport accidents (V00-V99),V25
C4270668,V00-V99,Transport accidents (V00-V99),V26
C4270668,V00-V99,Transport accidents (V00-V99),V27
C4270668,V00-V99,Transport accidents (V00-V99),V28
C4270668,V00-V99,Transport accidents (V00-V99),V29
C4270668,V00-V99,Transport accidents (V00-V99),V30
C4270668,V00-V99,Transport accidents (V00-V99),V31
C4270668,V00-V99,Transport accidents (V00-V99),V32
C4270668,V00-V99,Transport accidents (V00-V99),V33
C4270668,V00-V99,Transport accidents (V00-V99),V34
C4270668,V00-V99,Transport accidents (V00-V99),V35
C4270668,V00-V99,Transport accidents (V00-V99),V36
C4270668,V00-V99,Transport accidents (V00-V99),V37
C4270668,V00-V99,Transport accidents (V00-V99),V38
C4270668,V00-V99,Transport accidents (V00-V99),V39
C4270668,V00-V99,Transport accidents (V00-V99),V40
C4270668,V00-V99,Transport accidents (V00-V99),V41
C4270668,V00-V99,Transport accidents (V00-V99),V42
C4270668,V00-V99,Transport accidents (V00-V99),V43
C4270668,V00-V99,Transport accidents (V00-V99),V44
C4270668,V00-V99,Transport accidents (V00-V99),V45
C4270668,V00-V99,Transport accidents (V00-V99),V46
C4270668,V00-V99,Transport accidents (V00-V99),V47
C4270668,V00-V99,Transport accidents (V00-V99),V48
C4270668,V00-V99,Transport accidents (V00-V99),V49
C4270668,V00-V99,Transport accidents (V00-V99),V50
C4270668,V00-V99,Transport accidents (V00-V99),V51
C4270668,V00-V99,Transport accidents (V00-V99),V52
C4270668,V00-V99,Transport accidents (V00-V99),V53
C4270668,V00-V99,Transport accidents (V00-V99),V54
C4270668,V00-V99,Transport accidents (V00-V99),V55
C4270668,V00-V99,Transport accidents (V00-V99),V56
C4270668,V00-V99,Transport accidents (V00-V99),V57
C4270668,V00-V99,Transport accidents (V00-V99),V58
C4270668,V00-V99,Transport accidents (V00-V99),V59
C4270668,V00-V99,Transport accidents (V00-V99),V60
C4270668,V00-V99,Transport accidents (V00-V99),V61
C4270668,V00-V99,Transport accidents (V00-V99),V62
C4270668,V00-V99,Transport accidents (V00-V99),V63
C4270668,V00-V99,Transport accidents (V00-V99),V64
C4270668,V00-V99,Transport accidents (V00-V99),V65
C4270668,V00-V99,Transport accidents (V00-V99),V66
C4270668,V00-V99,Transport accidents (V00-V99),V67
C4270668,V00-V99,Transport accidents (V00-V99),V68
C4270668,V00-V99,Transport accidents (V00-V99),V69
C4270668,V00-V99,Transport accidents (V00-V99),V70
C4270668,V00-V99,Transport accidents (V00-V99),V71
C4270668,V00-V99,Transport accidents (V00-V99),V72
C4270668,V00-V99,Transport accidents (V00-V99),V73
C4270668,V00-V99,Transport accidents (V00-V99),V74
C4270668,V00-V99,Transport accidents (V00-V99),V75
C4270668,V00-V99,Transport accidents (V00-V99),V76
C4270668,V00-V99,Transport accidents (V00-V99),V77
C4270668,V00-V99,Transport accidents (V00-V99),V78
C4270668,V00-V99,Transport accidents (V00-V99),V79
C4270668,V00-V99,Transport accidents (V00-V99),V80
C4270668,V00-V99,Transport accidents (V00-V99),V81
C4270668,V00-V99,Transport accidents (V00-V99),V82
C4270668,V00-V99,Transport accidents (V00-V99),V83
C4270668,V00-V99,Transport accidents (V00-V99),V84
C4270668,V00-V99,Transport accidents (V00-V99),V85
C4270668,V00-V99,Transport accidents (V00-V99),V86
C4270668,V00-V99,Transport accidents (V00-V99),V87
C4270668,V00-V99,Transport accidents (V00-V99),V88
C4270668,V00-V99,Transport accidents (V00-V99),V89
C4270668,V00-V99,Transport accidents (V00-V99),V90
C4270668,V00-V99,Transport accidents (V00-V99),V91
C4270668,V00-V99,Transport accidents (V00-V99),V92
C4270668,V00-V99,Transport accidents (V00-V99),V93
C4270668,V00-V99,Transport accidents (V00-V99),V94
C4270668,V00-V99,Transport accidents (V00-V99),V95
C4270668,V00-V99,Transport accidents (V00-V99),V96
C4270668,V00-V99,Transport accidents (V00-V99),V97
C4270668,V00-V99,Transport accidents (V00-V99),V98
C4270668,V00-V99,Transport accidents (V00-V99),V99
C4270667,V00-X58,Accidents (V00-X58),V00
C4270667,V00-X58,Accidents (V00-X58),V01
C4270667,V00-X58,Accidents (V00-X58),V02
C4270667,V00-X58,Accidents (V00-X58),V03
C4270667,V00-X58,Accidents (V00-X58),V04
C4270667,V00-X58,Accidents (V00-X58),V05
C4270667,V00-X58,Accidents (V00-X58),V06
C4270667,V00-X58,Accidents (V00-X58),V07
C4270667,V00-X58,Accidents (V00-X58),V08
C4270667,V00-X58,Accidents (V00-X58),V09
C4270667,V00-X58,Accidents (V00-X58),V10
C4270667,V00-X58,Accidents (V00-X58),V11
C4270667,V00-X58,Accidents (V00-X58),V12
C4270667,V00-X58,Accidents (V00-X58),V13
C4270667,V00-X58,Accidents (V00-X58),V14
C4270667,V00-X58,Accidents (V00-X58),V15
C4270667,V00-X58,Accidents (V00-X58),V16
C4270667,V00-X58,Accidents (V00-X58),V17
C4270667,V00-X58,Accidents (V00-X58),V18
C4270667,V00-X58,Accidents (V00-X58),V19
C4270667,V00-X58,Accidents (V00-X58),V20
C4270667,V00-X58,Accidents (V00-X58),V21
C4270667,V00-X58,Accidents (V00-X58),V22
C4270667,V00-X58,Accidents (V00-X58),V23
C4270667,V00-X58,Accidents (V00-X58),V24
C4270667,V00-X58,Accidents (V00-X58),V25
C4270667,V00-X58,Accidents (V00-X58),V26
C4270667,V00-X58,Accidents (V00-X58),V27
C4270667,V00-X58,Accidents (V00-X58),V28
C4270667,V00-X58,Accidents (V00-X58),V29
C4270667,V00-X58,Accidents (V00-X58),V30
C4270667,V00-X58,Accidents (V00-X58),V31
C4270667,V00-X58,Accidents (V00-X58),V32
C4270667,V00-X58,Accidents (V00-X58),V33
C4270667,V00-X58,Accidents (V00-X58),V34
C4270667,V00-X58,Accidents (V00-X58),V35
C4270667,V00-X58,Accidents (V00-X58),V36
C4270667,V00-X58,Accidents (V00-X58),V37
C4270667,V00-X58,Accidents (V00-X58),V38
C4270667,V00-X58,Accidents (V00-X58),V39
C4270667,V00-X58,Accidents (V00-X58),V40
C4270667,V00-X58,Accidents (V00-X58),V41
C4270667,V00-X58,Accidents (V00-X58),V42
C4270667,V00-X58,Accidents (V00-X58),V43
C4270667,V00-X58,Accidents (V00-X58),V44
C4270667,V00-X58,Accidents (V00-X58),V45
C4270667,V00-X58,Accidents (V00-X58),V46
C4270667,V00-X58,Accidents (V00-X58),V47
C4270667,V00-X58,Accidents (V00-X58),V48
C4270667,V00-X58,Accidents (V00-X58),V49
C4270667,V00-X58,Accidents (V00-X58),V50
C4270667,V00-X58,Accidents (V00-X58),V51
C4270667,V00-X58,Accidents (V00-X58),V52
C4270667,V00-X58,Accidents (V00-X58),V53
C4270667,V00-X58,Accidents (V00-X58),V54
C4270667,V00-X58,Accidents (V00-X58),V55
C4270667,V00-X58,Accidents (V00-X58),V56
C4270667,V00-X58,Accidents (V00-X58),V57
C4270667,V00-X58,Accidents (V00-X58),V58
C4270667,V00-X58,Accidents (V00-X58),V59
C4270667,V00-X58,Accidents (V00-X58),V60
C4270667,V00-X58,Accidents (V00-X58),V61
C4270667,V00-X58,Accidents (V00-X58),V62
C4270667,V00-X58,Accidents (V00-X58),V63
C4270667,V00-X58,Accidents (V00-X58),V64
C4270667,V00-X58,Accidents (V00-X58),V65
C4270667,V00-X58,Accidents (V00-X58),V66
C4270667,V00-X58,Accidents (V00-X58),V67
C4270667,V00-X58,Accidents (V00-X58),V68
C4270667,V00-X58,Accidents (V00-X58),V69
C4270667,V00-X58,Accidents (V00-X58),V70
C4270667,V00-X58,Accidents (V00-X58),V71
C4270667,V00-X58,Accidents (V00-X58),V72
C4270667,V00-X58,Accidents (V00-X58),V73
C4270667,V00-X58,Accidents (V00-X58),V74
C4270667,V00-X58,Accidents (V00-X58),V75
C4270667,V00-X58,Accidents (V00-X58),V76
C4270667,V00-X58,Accidents (V00-X58),V77
C4270667,V00-X58,Accidents (V00-X58),V78
C4270667,V00-X58,Accidents (V00-X58),V79
C4270667,V00-X58,Accidents (V00-X58),V80
C4270667,V00-X58,Accidents (V00-X58),V81
C4270667,V00-X58,Accidents (V00-X58),V82
C4270667,V00-X58,Accidents (V00-X58),V83
C4270667,V00-X58,Accidents (V00-X58),V84
C4270667,V00-X58,Accidents (V00-X58),V85
C4270667,V00-X58,Accidents (V00-X58),V86
C4270667,V00-X58,Accidents (V00-X58),V87
C4270667,V00-X58,Accidents (V00-X58),V88
C4270667,V00-X58,Accidents (V00-X58),V89
C4270667,V00-X58,Accidents (V00-X58),V90
C4270667,V00-X58,Accidents (V00-X58),V91
C4270667,V00-X58,Accidents (V00-X58),V92
C4270667,V00-X58,Accidents (V00-X58),V93
C4270667,V00-X58,Accidents (V00-X58),V94
C4270667,V00-X58,Accidents (V00-X58),V95
C4270667,V00-X58,Accidents (V00-X58),V96
C4270667,V00-X58,Accidents (V00-X58),V97
C4270667,V00-X58,Accidents (V00-X58),V98
C4270667,V00-X58,Accidents (V00-X58),V99
C4270667,V00-X58,Accidents (V00-X58),W00
C4270667,V00-X58,Accidents (V00-X58),W01
C4270667,V00-X58,Accidents (V00-X58),W02
C4270667,V00-X58,Accidents (V00-X58),W03
C4270667,V00-X58,Accidents (V00-X58),W04
C4270667,V00-X58,Accidents (V00-X58),W05
C4270667,V00-X58,Accidents (V00-X58),W06
C4270667,V00-X58,Accidents (V00-X58),W07
C4270667,V00-X58,Accidents (V00-X58),W08
C4270667,V00-X58,Accidents (V00-X58),W09
C4270667,V00-X58,Accidents (V00-X58),W10
C4270667,V00-X58,Accidents (V00-X58),W11
C4270667,V00-X58,Accidents (V00-X58),W12
C4270667,V00-X58,Accidents (V00-X58),W13
C4270667,V00-X58,Accidents (V00-X58),W14
C4270667,V00-X58,Accidents (V00-X58),W15
C4270667,V00-X58,Accidents (V00-X58),W16
C4270667,V00-X58,Accidents (V00-X58),W17
C4270667,V00-X58,Accidents (V00-X58),W18
C4270667,V00-X58,Accidents (V00-X58),W19
C4270667,V00-X58,Accidents (V00-X58),W20
C4270667,V00-X58,Accidents (V00-X58),W21
C4270667,V00-X58,Accidents (V00-X58),W22
C4270667,V00-X58,Accidents (V00-X58),W23
C4270667,V00-X58,Accidents (V00-X58),W24
C4270667,V00-X58,Accidents (V00-X58),W25
C4270667,V00-X58,Accidents (V00-X58),W26
C4270667,V00-X58,Accidents (V00-X58),W27
C4270667,V00-X58,Accidents (V00-X58),W28
C4270667,V00-X58,Accidents (V00-X58),W29
C4270667,V00-X58,Accidents (V00-X58),W30
C4270667,V00-X58,Accidents (V00-X58),W31
C4270667,V00-X58,Accidents (V00-X58),W32
C4270667,V00-X58,Accidents (V00-X58),W33
C4270667,V00-X58,Accidents (V00-X58),W34
C4270667,V00-X58,Accidents (V00-X58),W35
C4270667,V00-X58,Accidents (V00-X58),W36
C4270667,V00-X58,Accidents (V00-X58),W37
C4270667,V00-X58,Accidents (V00-X58),W38
C4270667,V00-X58,Accidents (V00-X58),W39
C4270667,V00-X58,Accidents (V00-X58),W40
C4270667,V00-X58,Accidents (V00-X58),W41
C4270667,V00-X58,Accidents (V00-X58),W42
C4270667,V00-X58,Accidents (V00-X58),W43
C4270667,V00-X58,Accidents (V00-X58),W44
C4270667,V00-X58,Accidents (V00-X58),W45
C4270667,V00-X58,Accidents (V00-X58),W46
C4270667,V00-X58,Accidents (V00-X58),W47
C4270667,V00-X58,Accidents (V00-X58),W48
C4270667,V00-X58,Accidents (V00-X58),W49
C4270667,V00-X58,Accidents (V00-X58),W50
C4270667,V00-X58,Accidents (V00-X58),W51
C4270667,V00-X58,Accidents (V00-X58),W52
C4270667,V00-X58,Accidents (V00-X58),W53
C4270667,V00-X58,Accidents (V00-X58),W54
C4270667,V00-X58,Accidents (V00-X58),W55
C4270667,V00-X58,Accidents (V00-X58),W56
C4270667,V00-X58,Accidents (V00-X58),W57
C4270667,V00-X58,Accidents (V00-X58),W58
C4270667,V00-X58,Accidents (V00-X58),W59
C4270667,V00-X58,Accidents (V00-X58),W60
C4270667,V00-X58,Accidents (V00-X58),W61
C4270667,V00-X58,Accidents (V00-X58),W62
C4270667,V00-X58,Accidents (V00-X58),W63
C4270667,V00-X58,Accidents (V00-X58),W64
C4270667,V00-X58,Accidents (V00-X58),W65
C4270667,V00-X58,Accidents (V00-X58),W66
C4270667,V00-X58,Accidents (V00-X58),W67
C4270667,V00-X58,Accidents (V00-X58),W68
C4270667,V00-X58,Accidents (V00-X58),W69
C4270667,V00-X58,Accidents (V00-X58),W70
C4270667,V00-X58,Accidents (V00-X58),W71
C4270667,V00-X58,Accidents (V00-X58),W72
C4270667,V00-X58,Accidents (V00-X58),W73
C4270667,V00-X58,Accidents (V00-X58),W74
C4270667,V00-X58,Accidents (V00-X58),W75
C4270667,V00-X58,Accidents (V00-X58),W76
C4270667,V00-X58,Accidents (V00-X58),W77
C4270667,V00-X58,Accidents (V00-X58),W78
C4270667,V00-X58,Accidents (V00-X58),W79
C4270667,V00-X58,Accidents (V00-X58),W80
C4270667,V00-X58,Accidents (V00-X58),W81
C4270667,V00-X58,Accidents (V00-X58),W82
C4270667,V00-X58,Accidents (V00-X58),W83
C4270667,V00-X58,Accidents (V00-X58),W84
C4270667,V00-X58,Accidents (V00-X58),W85
C4270667,V00-X58,Accidents (V00-X58),W86
C4270667,V00-X58,Accidents (V00-X58),W87
C4270667,V00-X58,Accidents (V00-X58),W88
C4270667,V00-X58,Accidents (V00-X58),W89
C4270667,V00-X58,Accidents (V00-X58),W90
C4270667,V00-X58,Accidents (V00-X58),W91
C4270667,V00-X58,Accidents (V00-X58),W92
C4270667,V00-X58,Accidents (V00-X58),W93
C4270667,V00-X58,Accidents (V00-X58),W94
C4270667,V00-X58,Accidents (V00-X58),W95
C4270667,V00-X58,Accidents (V00-X58),W96
C4270667,V00-X58,Accidents (V00-X58),W97
C4270667,V00-X58,Accidents (V00-X58),W98
C4270667,V00-X58,Accidents (V00-X58),W99
C4270667,V00-X58,Accidents (V00-X58),X00
C4270667,V00-X58,Accidents (V00-X58),X01
C4270667,V00-X58,Accidents (V00-X58),X02
C4270667,V00-X58,Accidents (V00-X58),X03
C4270667,V00-X58,Accidents (V00-X58),X04
C4270667,V00-X58,Accidents (V00-X58),X05
C4270667,V00-X58,Accidents (V00-X58),X06
C4270667,V00-X58,Accidents (V00-X58),X07
C4270667,V00-X58,Accidents (V00-X58),X08
C4270667,V00-X58,Accidents (V00-X58),X09
C4270667,V00-X58,Accidents (V00-X58),X10
C4270667,V00-X58,Accidents (V00-X58),X11
C4270667,V00-X58,Accidents (V00-X58),X12
C4270667,V00-X58,Accidents (V00-X58),X13
C4270667,V00-X58,Accidents (V00-X58),X14
C4270667,V00-X58,Accidents (V00-X58),X15
C4270667,V00-X58,Accidents (V00-X58),X16
C4270667,V00-X58,Accidents (V00-X58),X17
C4270667,V00-X58,Accidents (V00-X58),X18
C4270667,V00-X58,Accidents (V00-X58),X19
C4270667,V00-X58,Accidents (V00-X58),X20
C4270667,V00-X58,Accidents (V00-X58),X21
C4270667,V00-X58,Accidents (V00-X58),X22
C4270667,V00-X58,Accidents (V00-X58),X23
C4270667,V00-X58,Accidents (V00-X58),X24
C4270667,V00-X58,Accidents (V00-X58),X25
C4270667,V00-X58,Accidents (V00-X58),X26
C4270667,V00-X58,Accidents (V00-X58),X27
C4270667,V00-X58,Accidents (V00-X58),X28
C4270667,V00-X58,Accidents (V00-X58),X29
C4270667,V00-X58,Accidents (V00-X58),X30
C4270667,V00-X58,Accidents (V00-X58),X31
C4270667,V00-X58,Accidents (V00-X58),X32
C4270667,V00-X58,Accidents (V00-X58),X33
C4270667,V00-X58,Accidents (V00-X58),X34
C4270667,V00-X58,Accidents (V00-X58),X35
C4270667,V00-X58,Accidents (V00-X58),X36
C4270667,V00-X58,Accidents (V00-X58),X37
C4270667,V00-X58,Accidents (V00-X58),X38
C4270667,V00-X58,Accidents (V00-X58),X39
C4270667,V00-X58,Accidents (V00-X58),X40
C4270667,V00-X58,Accidents (V00-X58),X41
C4270667,V00-X58,Accidents (V00-X58),X42
C4270667,V00-X58,Accidents (V00-X58),X43
C4270667,V00-X58,Accidents (V00-X58),X44
C4270667,V00-X58,Accidents (V00-X58),X45
C4270667,V00-X58,Accidents (V00-X58),X46
C4270667,V00-X58,Accidents (V00-X58),X47
C4270667,V00-X58,Accidents (V00-X58),X48
C4270667,V00-X58,Accidents (V00-X58),X49
C4270667,V00-X58,Accidents (V00-X58),X50
C4270667,V00-X58,Accidents (V00-X58),X51
C4270667,V00-X58,Accidents (V00-X58),X52
C4270667,V00-X58,Accidents (V00-X58),X53
C4270667,V00-X58,Accidents (V00-X58),X54
C4270667,V00-X58,Accidents (V00-X58),X55
C4270667,V00-X58,Accidents (V00-X58),X56
C4270667,V00-X58,Accidents (V00-X58),X57
C4270667,V00-X58,Accidents (V00-X58),X58
C2891384,V00-Y99,External causes of morbidity (V00-Y99),V00
C2891384,V00-Y99,External causes of morbidity (V00-Y99),V01
C2891384,V00-Y99,External causes of morbidity (V00-Y99),V02
C2891384,V00-Y99,External causes of morbidity (V00-Y99),V03
C2891384,V00-Y99,External causes of morbidity (V00-Y99),V04
C2891384,V00-Y99,External causes of morbidity (V00-Y99),V05
C2891384,V00-Y99,External causes of morbidity (V00-Y99),V06
C2891384,V00-Y99,External causes of morbidity (V00-Y99),V07
C2891384,V00-Y99,External causes of morbidity (V00-Y99),V08
C2891384,V00-Y99,External causes of morbidity (V00-Y99),V09
C2891384,V00-Y99,External causes of morbidity (V00-Y99),V10
C2891384,V00-Y99,External causes of morbidity (V00-Y99),V11
C2891384,V00-Y99,External causes of morbidity (V00-Y99),V12
C2891384,V00-Y99,External causes of morbidity (V00-Y99),V13
C2891384,V00-Y99,External causes of morbidity (V00-Y99),V14
C2891384,V00-Y99,External causes of morbidity (V00-Y99),V15
C2891384,V00-Y99,External causes of morbidity (V00-Y99),V16
C2891384,V00-Y99,External causes of morbidity (V00-Y99),V17
C2891384,V00-Y99,External causes of morbidity (V00-Y99),V18
C2891384,V00-Y99,External causes of morbidity (V00-Y99),V19
C2891384,V00-Y99,External causes of morbidity (V00-Y99),V20
C2891384,V00-Y99,External causes of morbidity (V00-Y99),V21
C2891384,V00-Y99,External causes of morbidity (V00-Y99),V22
C2891384,V00-Y99,External causes of morbidity (V00-Y99),V23
C2891384,V00-Y99,External causes of morbidity (V00-Y99),V24
C2891384,V00-Y99,External causes of morbidity (V00-Y99),V25
C2891384,V00-Y99,External causes of morbidity (V00-Y99),V26
C2891384,V00-Y99,External causes of morbidity (V00-Y99),V27
C2891384,V00-Y99,External causes of morbidity (V00-Y99),V28
C2891384,V00-Y99,External causes of morbidity (V00-Y99),V29
C2891384,V00-Y99,External causes of morbidity (V00-Y99),V30
C2891384,V00-Y99,External causes of morbidity (V00-Y99),V31
C2891384,V00-Y99,External causes of morbidity (V00-Y99),V32
C2891384,V00-Y99,External causes of morbidity (V00-Y99),V33
C2891384,V00-Y99,External causes of morbidity (V00-Y99),V34
C2891384,V00-Y99,External causes of morbidity (V00-Y99),V35
C2891384,V00-Y99,External causes of morbidity (V00-Y99),V36
C2891384,V00-Y99,External causes of morbidity (V00-Y99),V37
C2891384,V00-Y99,External causes of morbidity (V00-Y99),V38
C2891384,V00-Y99,External causes of morbidity (V00-Y99),V39
C2891384,V00-Y99,External causes of morbidity (V00-Y99),V40
C2891384,V00-Y99,External causes of morbidity (V00-Y99),V41
C2891384,V00-Y99,External causes of morbidity (V00-Y99),V42
C2891384,V00-Y99,External causes of morbidity (V00-Y99),V43
C2891384,V00-Y99,External causes of morbidity (V00-Y99),V44
C2891384,V00-Y99,External causes of morbidity (V00-Y99),V45
C2891384,V00-Y99,External causes of morbidity (V00-Y99),V46
C2891384,V00-Y99,External causes of morbidity (V00-Y99),V47
C2891384,V00-Y99,External causes of morbidity (V00-Y99),V48
C2891384,V00-Y99,External causes of morbidity (V00-Y99),V49
C2891384,V00-Y99,External causes of morbidity (V00-Y99),V50
C2891384,V00-Y99,External causes of morbidity (V00-Y99),V51
C2891384,V00-Y99,External causes of morbidity (V00-Y99),V52
C2891384,V00-Y99,External causes of morbidity (V00-Y99),V53
C2891384,V00-Y99,External causes of morbidity (V00-Y99),V54
C2891384,V00-Y99,External causes of morbidity (V00-Y99),V55
C2891384,V00-Y99,External causes of morbidity (V00-Y99),V56
C2891384,V00-Y99,External causes of morbidity (V00-Y99),V57
C2891384,V00-Y99,External causes of morbidity (V00-Y99),V58
C2891384,V00-Y99,External causes of morbidity (V00-Y99),V59
C2891384,V00-Y99,External causes of morbidity (V00-Y99),V60
C2891384,V00-Y99,External causes of morbidity (V00-Y99),V61
C2891384,V00-Y99,External causes of morbidity (V00-Y99),V62
C2891384,V00-Y99,External causes of morbidity (V00-Y99),V63
C2891384,V00-Y99,External causes of morbidity (V00-Y99),V64
C2891384,V00-Y99,External causes of morbidity (V00-Y99),V65
C2891384,V00-Y99,External causes of morbidity (V00-Y99),V66
C2891384,V00-Y99,External causes of morbidity (V00-Y99),V67
C2891384,V00-Y99,External causes of morbidity (V00-Y99),V68
C2891384,V00-Y99,External causes of morbidity (V00-Y99),V69
C2891384,V00-Y99,External causes of morbidity (V00-Y99),V70
C2891384,V00-Y99,External causes of morbidity (V00-Y99),V71
C2891384,V00-Y99,External causes of morbidity (V00-Y99),V72
C2891384,V00-Y99,External causes of morbidity (V00-Y99),V73
C2891384,V00-Y99,External causes of morbidity (V00-Y99),V74
C2891384,V00-Y99,External causes of morbidity (V00-Y99),V75
C2891384,V00-Y99,External causes of morbidity (V00-Y99),V76
C2891384,V00-Y99,External causes of morbidity (V00-Y99),V77
C2891384,V00-Y99,External causes of morbidity (V00-Y99),V78
C2891384,V00-Y99,External causes of morbidity (V00-Y99),V79
C2891384,V00-Y99,External causes of morbidity (V00-Y99),V80
C2891384,V00-Y99,External causes of morbidity (V00-Y99),V81
C2891384,V00-Y99,External causes of morbidity (V00-Y99),V82
C2891384,V00-Y99,External causes of morbidity (V00-Y99),V83
C2891384,V00-Y99,External causes of morbidity (V00-Y99),V84
C2891384,V00-Y99,External causes of morbidity (V00-Y99),V85
C2891384,V00-Y99,External causes of morbidity (V00-Y99),V86
C2891384,V00-Y99,External causes of morbidity (V00-Y99),V87
C2891384,V00-Y99,External causes of morbidity (V00-Y99),V88
C2891384,V00-Y99,External causes of morbidity (V00-Y99),V89
C2891384,V00-Y99,External causes of morbidity (V00-Y99),V90
C2891384,V00-Y99,External causes of morbidity (V00-Y99),V91
C2891384,V00-Y99,External causes of morbidity (V00-Y99),V92
C2891384,V00-Y99,External causes of morbidity (V00-Y99),V93
C2891384,V00-Y99,External causes of morbidity (V00-Y99),V94
C2891384,V00-Y99,External causes of morbidity (V00-Y99),V95
C2891384,V00-Y99,External causes of morbidity (V00-Y99),V96
C2891384,V00-Y99,External causes of morbidity (V00-Y99),V97
C2891384,V00-Y99,External causes of morbidity (V00-Y99),V98
C2891384,V00-Y99,External causes of morbidity (V00-Y99),V99
C2891384,V00-Y99,External causes of morbidity (V00-Y99),W00
C2891384,V00-Y99,External causes of morbidity (V00-Y99),W01
C2891384,V00-Y99,External causes of morbidity (V00-Y99),W02
C2891384,V00-Y99,External causes of morbidity (V00-Y99),W03
C2891384,V00-Y99,External causes of morbidity (V00-Y99),W04
C2891384,V00-Y99,External causes of morbidity (V00-Y99),W05
C2891384,V00-Y99,External causes of morbidity (V00-Y99),W06
C2891384,V00-Y99,External causes of morbidity (V00-Y99),W07
C2891384,V00-Y99,External causes of morbidity (V00-Y99),W08
C2891384,V00-Y99,External causes of morbidity (V00-Y99),W09
C2891384,V00-Y99,External causes of morbidity (V00-Y99),W10
C2891384,V00-Y99,External causes of morbidity (V00-Y99),W11
C2891384,V00-Y99,External causes of morbidity (V00-Y99),W12
C2891384,V00-Y99,External causes of morbidity (V00-Y99),W13
C2891384,V00-Y99,External causes of morbidity (V00-Y99),W14
C2891384,V00-Y99,External causes of morbidity (V00-Y99),W15
C2891384,V00-Y99,External causes of morbidity (V00-Y99),W16
C2891384,V00-Y99,External causes of morbidity (V00-Y99),W17
C2891384,V00-Y99,External causes of morbidity (V00-Y99),W18
C2891384,V00-Y99,External causes of morbidity (V00-Y99),W19
C2891384,V00-Y99,External causes of morbidity (V00-Y99),W20
C2891384,V00-Y99,External causes of morbidity (V00-Y99),W21
C2891384,V00-Y99,External causes of morbidity (V00-Y99),W22
C2891384,V00-Y99,External causes of morbidity (V00-Y99),W23
C2891384,V00-Y99,External causes of morbidity (V00-Y99),W24
C2891384,V00-Y99,External causes of morbidity (V00-Y99),W25
C2891384,V00-Y99,External causes of morbidity (V00-Y99),W26
C2891384,V00-Y99,External causes of morbidity (V00-Y99),W27
C2891384,V00-Y99,External causes of morbidity (V00-Y99),W28
C2891384,V00-Y99,External causes of morbidity (V00-Y99),W29
C2891384,V00-Y99,External causes of morbidity (V00-Y99),W30
C2891384,V00-Y99,External causes of morbidity (V00-Y99),W31
C2891384,V00-Y99,External causes of morbidity (V00-Y99),W32
C2891384,V00-Y99,External causes of morbidity (V00-Y99),W33
C2891384,V00-Y99,External causes of morbidity (V00-Y99),W34
C2891384,V00-Y99,External causes of morbidity (V00-Y99),W35
C2891384,V00-Y99,External causes of morbidity (V00-Y99),W36
C2891384,V00-Y99,External causes of morbidity (V00-Y99),W37
C2891384,V00-Y99,External causes of morbidity (V00-Y99),W38
C2891384,V00-Y99,External causes of morbidity (V00-Y99),W39
C2891384,V00-Y99,External causes of morbidity (V00-Y99),W40
C2891384,V00-Y99,External causes of morbidity (V00-Y99),W41
C2891384,V00-Y99,External causes of morbidity (V00-Y99),W42
C2891384,V00-Y99,External causes of morbidity (V00-Y99),W43
C2891384,V00-Y99,External causes of morbidity (V00-Y99),W44
C2891384,V00-Y99,External causes of morbidity (V00-Y99),W45
C2891384,V00-Y99,External causes of morbidity (V00-Y99),W46
C2891384,V00-Y99,External causes of morbidity (V00-Y99),W47
C2891384,V00-Y99,External causes of morbidity (V00-Y99),W48
C2891384,V00-Y99,External causes of morbidity (V00-Y99),W49
C2891384,V00-Y99,External causes of morbidity (V00-Y99),W50
C2891384,V00-Y99,External causes of morbidity (V00-Y99),W51
C2891384,V00-Y99,External causes of morbidity (V00-Y99),W52
C2891384,V00-Y99,External causes of morbidity (V00-Y99),W53
C2891384,V00-Y99,External causes of morbidity (V00-Y99),W54
C2891384,V00-Y99,External causes of morbidity (V00-Y99),W55
C2891384,V00-Y99,External causes of morbidity (V00-Y99),W56
C2891384,V00-Y99,External causes of morbidity (V00-Y99),W57
C2891384,V00-Y99,External causes of morbidity (V00-Y99),W58
C2891384,V00-Y99,External causes of morbidity (V00-Y99),W59
C2891384,V00-Y99,External causes of morbidity (V00-Y99),W60
C2891384,V00-Y99,External causes of morbidity (V00-Y99),W61
C2891384,V00-Y99,External causes of morbidity (V00-Y99),W62
C2891384,V00-Y99,External causes of morbidity (V00-Y99),W63
C2891384,V00-Y99,External causes of morbidity (V00-Y99),W64
C2891384,V00-Y99,External causes of morbidity (V00-Y99),W65
C2891384,V00-Y99,External causes of morbidity (V00-Y99),W66
C2891384,V00-Y99,External causes of morbidity (V00-Y99),W67
C2891384,V00-Y99,External causes of morbidity (V00-Y99),W68
C2891384,V00-Y99,External causes of morbidity (V00-Y99),W69
C2891384,V00-Y99,External causes of morbidity (V00-Y99),W70
C2891384,V00-Y99,External causes of morbidity (V00-Y99),W71
C2891384,V00-Y99,External causes of morbidity (V00-Y99),W72
C2891384,V00-Y99,External causes of morbidity (V00-Y99),W73
C2891384,V00-Y99,External causes of morbidity (V00-Y99),W74
C2891384,V00-Y99,External causes of morbidity (V00-Y99),W75
C2891384,V00-Y99,External causes of morbidity (V00-Y99),W76
C2891384,V00-Y99,External causes of morbidity (V00-Y99),W77
C2891384,V00-Y99,External causes of morbidity (V00-Y99),W78
C2891384,V00-Y99,External causes of morbidity (V00-Y99),W79
C2891384,V00-Y99,External causes of morbidity (V00-Y99),W80
C2891384,V00-Y99,External causes of morbidity (V00-Y99),W81
C2891384,V00-Y99,External causes of morbidity (V00-Y99),W82
C2891384,V00-Y99,External causes of morbidity (V00-Y99),W83
C2891384,V00-Y99,External causes of morbidity (V00-Y99),W84
C2891384,V00-Y99,External causes of morbidity (V00-Y99),W85
C2891384,V00-Y99,External causes of morbidity (V00-Y99),W86
C2891384,V00-Y99,External causes of morbidity (V00-Y99),W87
C2891384,V00-Y99,External causes of morbidity (V00-Y99),W88
C2891384,V00-Y99,External causes of morbidity (V00-Y99),W89
C2891384,V00-Y99,External causes of morbidity (V00-Y99),W90
C2891384,V00-Y99,External causes of morbidity (V00-Y99),W91
C2891384,V00-Y99,External causes of morbidity (V00-Y99),W92
C2891384,V00-Y99,External causes of morbidity (V00-Y99),W93
C2891384,V00-Y99,External causes of morbidity (V00-Y99),W94
C2891384,V00-Y99,External causes of morbidity (V00-Y99),W95
C2891384,V00-Y99,External causes of morbidity (V00-Y99),W96
C2891384,V00-Y99,External causes of morbidity (V00-Y99),W97
C2891384,V00-Y99,External causes of morbidity (V00-Y99),W98
C2891384,V00-Y99,External causes of morbidity (V00-Y99),W99
C2891384,V00-Y99,External causes of morbidity (V00-Y99),X00
C2891384,V00-Y99,External causes of morbidity (V00-Y99),X01
C2891384,V00-Y99,External causes of morbidity (V00-Y99),X02
C2891384,V00-Y99,External causes of morbidity (V00-Y99),X03
C2891384,V00-Y99,External causes of morbidity (V00-Y99),X04
C2891384,V00-Y99,External causes of morbidity (V00-Y99),X05
C2891384,V00-Y99,External causes of morbidity (V00-Y99),X06
C2891384,V00-Y99,External causes of morbidity (V00-Y99),X07
C2891384,V00-Y99,External causes of morbidity (V00-Y99),X08
C2891384,V00-Y99,External causes of morbidity (V00-Y99),X09
C2891384,V00-Y99,External causes of morbidity (V00-Y99),X10
C2891384,V00-Y99,External causes of morbidity (V00-Y99),X11
C2891384,V00-Y99,External causes of morbidity (V00-Y99),X12
C2891384,V00-Y99,External causes of morbidity (V00-Y99),X13
C2891384,V00-Y99,External causes of morbidity (V00-Y99),X14
C2891384,V00-Y99,External causes of morbidity (V00-Y99),X15
C2891384,V00-Y99,External causes of morbidity (V00-Y99),X16
C2891384,V00-Y99,External causes of morbidity (V00-Y99),X17
C2891384,V00-Y99,External causes of morbidity (V00-Y99),X18
C2891384,V00-Y99,External causes of morbidity (V00-Y99),X19
C2891384,V00-Y99,External causes of morbidity (V00-Y99),X20
C2891384,V00-Y99,External causes of morbidity (V00-Y99),X21
C2891384,V00-Y99,External causes of morbidity (V00-Y99),X22
C2891384,V00-Y99,External causes of morbidity (V00-Y99),X23
C2891384,V00-Y99,External causes of morbidity (V00-Y99),X24
C2891384,V00-Y99,External causes of morbidity (V00-Y99),X25
C2891384,V00-Y99,External causes of morbidity (V00-Y99),X26
C2891384,V00-Y99,External causes of morbidity (V00-Y99),X27
C2891384,V00-Y99,External causes of morbidity (V00-Y99),X28
C2891384,V00-Y99,External causes of morbidity (V00-Y99),X29
C2891384,V00-Y99,External causes of morbidity (V00-Y99),X30
C2891384,V00-Y99,External causes of morbidity (V00-Y99),X31
C2891384,V00-Y99,External causes of morbidity (V00-Y99),X32
C2891384,V00-Y99,External causes of morbidity (V00-Y99),X33
C2891384,V00-Y99,External causes of morbidity (V00-Y99),X34
C2891384,V00-Y99,External causes of morbidity (V00-Y99),X35
C2891384,V00-Y99,External causes of morbidity (V00-Y99),X36
C2891384,V00-Y99,External causes of morbidity (V00-Y99),X37
C2891384,V00-Y99,External causes of morbidity (V00-Y99),X38
C2891384,V00-Y99,External causes of morbidity (V00-Y99),X39
C2891384,V00-Y99,External causes of morbidity (V00-Y99),X40
C2891384,V00-Y99,External causes of morbidity (V00-Y99),X41
C2891384,V00-Y99,External causes of morbidity (V00-Y99),X42
C2891384,V00-Y99,External causes of morbidity (V00-Y99),X43
C2891384,V00-Y99,External causes of morbidity (V00-Y99),X44
C2891384,V00-Y99,External causes of morbidity (V00-Y99),X45
C2891384,V00-Y99,External causes of morbidity (V00-Y99),X46
C2891384,V00-Y99,External causes of morbidity (V00-Y99),X47
C2891384,V00-Y99,External causes of morbidity (V00-Y99),X48
C2891384,V00-Y99,External causes of morbidity (V00-Y99),X49
C2891384,V00-Y99,External causes of morbidity (V00-Y99),X50
C2891384,V00-Y99,External causes of morbidity (V00-Y99),X51
C2891384,V00-Y99,External causes of morbidity (V00-Y99),X52
C2891384,V00-Y99,External causes of morbidity (V00-Y99),X53
C2891384,V00-Y99,External causes of morbidity (V00-Y99),X54
C2891384,V00-Y99,External causes of morbidity (V00-Y99),X55
C2891384,V00-Y99,External causes of morbidity (V00-Y99),X56
C2891384,V00-Y99,External causes of morbidity (V00-Y99),X57
C2891384,V00-Y99,External causes of morbidity (V00-Y99),X58
C2891384,V00-Y99,External causes of morbidity (V00-Y99),X59
C2891384,V00-Y99,External causes of morbidity (V00-Y99),X60
C2891384,V00-Y99,External causes of morbidity (V00-Y99),X61
C2891384,V00-Y99,External causes of morbidity (V00-Y99),X62
C2891384,V00-Y99,External causes of morbidity (V00-Y99),X63
C2891384,V00-Y99,External causes of morbidity (V00-Y99),X64
C2891384,V00-Y99,External causes of morbidity (V00-Y99),X65
C2891384,V00-Y99,External causes of morbidity (V00-Y99),X66
C2891384,V00-Y99,External causes of morbidity (V00-Y99),X67
C2891384,V00-Y99,External causes of morbidity (V00-Y99),X68
C2891384,V00-Y99,External causes of morbidity (V00-Y99),X69
C2891384,V00-Y99,External causes of morbidity (V00-Y99),X70
C2891384,V00-Y99,External causes of morbidity (V00-Y99),X71
C2891384,V00-Y99,External causes of morbidity (V00-Y99),X72
C2891384,V00-Y99,External causes of morbidity (V00-Y99),X73
C2891384,V00-Y99,External causes of morbidity (V00-Y99),X74
C2891384,V00-Y99,External causes of morbidity (V00-Y99),X75
C2891384,V00-Y99,External causes of morbidity (V00-Y99),X76
C2891384,V00-Y99,External causes of morbidity (V00-Y99),X77
C2891384,V00-Y99,External causes of morbidity (V00-Y99),X78
C2891384,V00-Y99,External causes of morbidity (V00-Y99),X79
C2891384,V00-Y99,External causes of morbidity (V00-Y99),X80
C2891384,V00-Y99,External causes of morbidity (V00-Y99),X81
C2891384,V00-Y99,External causes of morbidity (V00-Y99),X82
C2891384,V00-Y99,External causes of morbidity (V00-Y99),X83
C2891384,V00-Y99,External causes of morbidity (V00-Y99),X84
C2891384,V00-Y99,External causes of morbidity (V00-Y99),X85
C2891384,V00-Y99,External causes of morbidity (V00-Y99),X86
C2891384,V00-Y99,External causes of morbidity (V00-Y99),X87
C2891384,V00-Y99,External causes of morbidity (V00-Y99),X88
C2891384,V00-Y99,External causes of morbidity (V00-Y99),X89
C2891384,V00-Y99,External causes of morbidity (V00-Y99),X90
C2891384,V00-Y99,External causes of morbidity (V00-Y99),X91
C2891384,V00-Y99,External causes of morbidity (V00-Y99),X92
C2891384,V00-Y99,External causes of morbidity (V00-Y99),X93
C2891384,V00-Y99,External causes of morbidity (V00-Y99),X94
C2891384,V00-Y99,External causes of morbidity (V00-Y99),X95
C2891384,V00-Y99,External causes of morbidity (V00-Y99),X96
C2891384,V00-Y99,External causes of morbidity (V00-Y99),X97
C2891384,V00-Y99,External causes of morbidity (V00-Y99),X98
C2891384,V00-Y99,External causes of morbidity (V00-Y99),X99
C2891384,V00-Y99,External causes of morbidity (V00-Y99),Y00
C2891384,V00-Y99,External causes of morbidity (V00-Y99),Y01
C2891384,V00-Y99,External causes of morbidity (V00-Y99),Y02
C2891384,V00-Y99,External causes of morbidity (V00-Y99),Y03
C2891384,V00-Y99,External causes of morbidity (V00-Y99),Y04
C2891384,V00-Y99,External causes of morbidity (V00-Y99),Y05
C2891384,V00-Y99,External causes of morbidity (V00-Y99),Y06
C2891384,V00-Y99,External causes of morbidity (V00-Y99),Y07
C2891384,V00-Y99,External causes of morbidity (V00-Y99),Y08
C2891384,V00-Y99,External causes of morbidity (V00-Y99),Y09
C2891384,V00-Y99,External causes of morbidity (V00-Y99),Y10
C2891384,V00-Y99,External causes of morbidity (V00-Y99),Y11
C2891384,V00-Y99,External causes of morbidity (V00-Y99),Y12
C2891384,V00-Y99,External causes of morbidity (V00-Y99),Y13
C2891384,V00-Y99,External causes of morbidity (V00-Y99),Y14
C2891384,V00-Y99,External causes of morbidity (V00-Y99),Y15
C2891384,V00-Y99,External causes of morbidity (V00-Y99),Y16
C2891384,V00-Y99,External causes of morbidity (V00-Y99),Y17
C2891384,V00-Y99,External causes of morbidity (V00-Y99),Y18
C2891384,V00-Y99,External causes of morbidity (V00-Y99),Y19
C2891384,V00-Y99,External causes of morbidity (V00-Y99),Y20
C2891384,V00-Y99,External causes of morbidity (V00-Y99),Y21
C2891384,V00-Y99,External causes of morbidity (V00-Y99),Y22
C2891384,V00-Y99,External causes of morbidity (V00-Y99),Y23
C2891384,V00-Y99,External causes of morbidity (V00-Y99),Y24
C2891384,V00-Y99,External causes of morbidity (V00-Y99),Y25
C2891384,V00-Y99,External causes of morbidity (V00-Y99),Y26
C2891384,V00-Y99,External causes of morbidity (V00-Y99),Y27
C2891384,V00-Y99,External causes of morbidity (V00-Y99),Y28
C2891384,V00-Y99,External causes of morbidity (V00-Y99),Y29
C2891384,V00-Y99,External causes of morbidity (V00-Y99),Y30
C2891384,V00-Y99,External causes of morbidity (V00-Y99),Y31
C2891384,V00-Y99,External causes of morbidity (V00-Y99),Y32
C2891384,V00-Y99,External causes of morbidity (V00-Y99),Y33
C2891384,V00-Y99,External causes of morbidity (V00-Y99),Y34
C2891384,V00-Y99,External causes of morbidity (V00-Y99),Y35
C2891384,V00-Y99,External causes of morbidity (V00-Y99),Y36
C2891384,V00-Y99,External causes of morbidity (V00-Y99),Y37
C2891384,V00-Y99,External causes of morbidity (V00-Y99),Y38
C2891384,V00-Y99,External causes of morbidity (V00-Y99),Y39
C2891384,V00-Y99,External causes of morbidity (V00-Y99),Y40
C2891384,V00-Y99,External causes of morbidity (V00-Y99),Y41
C2891384,V00-Y99,External causes of morbidity (V00-Y99),Y42
C2891384,V00-Y99,External causes of morbidity (V00-Y99),Y43
C2891384,V00-Y99,External causes of morbidity (V00-Y99),Y44
C2891384,V00-Y99,External causes of morbidity (V00-Y99),Y45
C2891384,V00-Y99,External causes of morbidity (V00-Y99),Y46
C2891384,V00-Y99,External causes of morbidity (V00-Y99),Y47
C2891384,V00-Y99,External causes of morbidity (V00-Y99),Y48
C2891384,V00-Y99,External causes of morbidity (V00-Y99),Y49
C2891384,V00-Y99,External causes of morbidity (V00-Y99),Y50
C2891384,V00-Y99,External causes of morbidity (V00-Y99),Y51
C2891384,V00-Y99,External causes of morbidity (V00-Y99),Y52
C2891384,V00-Y99,External causes of morbidity (V00-Y99),Y53
C2891384,V00-Y99,External causes of morbidity (V00-Y99),Y54
C2891384,V00-Y99,External causes of morbidity (V00-Y99),Y55
C2891384,V00-Y99,External causes of morbidity (V00-Y99),Y56
C2891384,V00-Y99,External causes of morbidity (V00-Y99),Y57
C2891384,V00-Y99,External causes of morbidity (V00-Y99),Y58
C2891384,V00-Y99,External causes of morbidity (V00-Y99),Y59
C2891384,V00-Y99,External causes of morbidity (V00-Y99),Y60
C2891384,V00-Y99,External causes of morbidity (V00-Y99),Y61
C2891384,V00-Y99,External causes of morbidity (V00-Y99),Y62
C2891384,V00-Y99,External causes of morbidity (V00-Y99),Y63
C2891384,V00-Y99,External causes of morbidity (V00-Y99),Y64
C2891384,V00-Y99,External causes of morbidity (V00-Y99),Y65
C2891384,V00-Y99,External causes of morbidity (V00-Y99),Y66
C2891384,V00-Y99,External causes of morbidity (V00-Y99),Y67
C2891384,V00-Y99,External causes of morbidity (V00-Y99),Y68
C2891384,V00-Y99,External causes of morbidity (V00-Y99),Y69
C2891384,V00-Y99,External causes of morbidity (V00-Y99),Y70
C2891384,V00-Y99,External causes of morbidity (V00-Y99),Y71
C2891384,V00-Y99,External causes of morbidity (V00-Y99),Y72
C2891384,V00-Y99,External causes of morbidity (V00-Y99),Y73
C2891384,V00-Y99,External causes of morbidity (V00-Y99),Y74
C2891384,V00-Y99,External causes of morbidity (V00-Y99),Y75
C2891384,V00-Y99,External causes of morbidity (V00-Y99),Y76
C2891384,V00-Y99,External causes of morbidity (V00-Y99),Y77
C2891384,V00-Y99,External causes of morbidity (V00-Y99),Y78
C2891384,V00-Y99,External causes of morbidity (V00-Y99),Y79
C2891384,V00-Y99,External causes of morbidity (V00-Y99),Y80
C2891384,V00-Y99,External causes of morbidity (V00-Y99),Y81
C2891384,V00-Y99,External causes of morbidity (V00-Y99),Y82
C2891384,V00-Y99,External causes of morbidity (V00-Y99),Y83
C2891384,V00-Y99,External causes of morbidity (V00-Y99),Y84
C2891384,V00-Y99,External causes of morbidity (V00-Y99),Y85
C2891384,V00-Y99,External causes of morbidity (V00-Y99),Y86
C2891384,V00-Y99,External causes of morbidity (V00-Y99),Y87
C2891384,V00-Y99,External causes of morbidity (V00-Y99),Y88
C2891384,V00-Y99,External causes of morbidity (V00-Y99),Y89
C2891384,V00-Y99,External causes of morbidity (V00-Y99),Y90
C2891384,V00-Y99,External causes of morbidity (V00-Y99),Y91
C2891384,V00-Y99,External causes of morbidity (V00-Y99),Y92
C2891384,V00-Y99,External causes of morbidity (V00-Y99),Y93
C2891384,V00-Y99,External causes of morbidity (V00-Y99),Y94
C2891384,V00-Y99,External causes of morbidity (V00-Y99),Y95
C2891384,V00-Y99,External causes of morbidity (V00-Y99),Y96
C2891384,V00-Y99,External causes of morbidity (V00-Y99),Y97
C2891384,V00-Y99,External causes of morbidity (V00-Y99),Y98
C2891384,V00-Y99,External causes of morbidity (V00-Y99),Y99
C2892024,V10-V19,Pedal cycle rider injured in transport accident (V10-V19),V10
C2892024,V10-V19,Pedal cycle rider injured in transport accident (V10-V19),V11
C2892024,V10-V19,Pedal cycle rider injured in transport accident (V10-V19),V12
C2892024,V10-V19,Pedal cycle rider injured in transport accident (V10-V19),V13
C2892024,V10-V19,Pedal cycle rider injured in transport accident (V10-V19),V14
C2892024,V10-V19,Pedal cycle rider injured in transport accident (V10-V19),V15
C2892024,V10-V19,Pedal cycle rider injured in transport accident (V10-V19),V16
C2892024,V10-V19,Pedal cycle rider injured in transport accident (V10-V19),V17
C2892024,V10-V19,Pedal cycle rider injured in transport accident (V10-V19),V18
C2892024,V10-V19,Pedal cycle rider injured in transport accident (V10-V19),V19
C0476831,V20-V29,Motorcycle rider injured in transport accident (V20-V29),V20
C0476831,V20-V29,Motorcycle rider injured in transport accident (V20-V29),V21
C0476831,V20-V29,Motorcycle rider injured in transport accident (V20-V29),V22
C0476831,V20-V29,Motorcycle rider injured in transport accident (V20-V29),V23
C0476831,V20-V29,Motorcycle rider injured in transport accident (V20-V29),V24
C0476831,V20-V29,Motorcycle rider injured in transport accident (V20-V29),V25
C0476831,V20-V29,Motorcycle rider injured in transport accident (V20-V29),V26
C0476831,V20-V29,Motorcycle rider injured in transport accident (V20-V29),V27
C0476831,V20-V29,Motorcycle rider injured in transport accident (V20-V29),V28
C0476831,V20-V29,Motorcycle rider injured in transport accident (V20-V29),V29
C0476914,V30-V39,Occupant of three-wheeled motor vehicle injured in transport accident (V30-V39),V30
C0476914,V30-V39,Occupant of three-wheeled motor vehicle injured in transport accident (V30-V39),V31
C0476914,V30-V39,Occupant of three-wheeled motor vehicle injured in transport accident (V30-V39),V32
C0476914,V30-V39,Occupant of three-wheeled motor vehicle injured in transport accident (V30-V39),V33
C0476914,V30-V39,Occupant of three-wheeled motor vehicle injured in transport accident (V30-V39),V34
C0476914,V30-V39,Occupant of three-wheeled motor vehicle injured in transport accident (V30-V39),V35
C0476914,V30-V39,Occupant of three-wheeled motor vehicle injured in transport accident (V30-V39),V36
C0476914,V30-V39,Occupant of three-wheeled motor vehicle injured in transport accident (V30-V39),V37
C0476914,V30-V39,Occupant of three-wheeled motor vehicle injured in transport accident (V30-V39),V38
C0476914,V30-V39,Occupant of three-wheeled motor vehicle injured in transport accident (V30-V39),V39
C0476961,V40-V49,Car occupant injured in transport accident (V40-V49),V40
C0476961,V40-V49,Car occupant injured in transport accident (V40-V49),V41
C0476961,V40-V49,Car occupant injured in transport accident (V40-V49),V42
C0476961,V40-V49,Car occupant injured in transport accident (V40-V49),V43
C0476961,V40-V49,Car occupant injured in transport accident (V40-V49),V44
C0476961,V40-V49,Car occupant injured in transport accident (V40-V49),V45
C0476961,V40-V49,Car occupant injured in transport accident (V40-V49),V46
C0476961,V40-V49,Car occupant injured in transport accident (V40-V49),V47
C0476961,V40-V49,Car occupant injured in transport accident (V40-V49),V48
C0476961,V40-V49,Car occupant injured in transport accident (V40-V49),V49
C0476982,V50-V59,Occupant of pick-up truck or van injured in transport accident (V50-V59),V50
C0476982,V50-V59,Occupant of pick-up truck or van injured in transport accident (V50-V59),V51
C0476982,V50-V59,Occupant of pick-up truck or van injured in transport accident (V50-V59),V52
C0476982,V50-V59,Occupant of pick-up truck or van injured in transport accident (V50-V59),V53
C0476982,V50-V59,Occupant of pick-up truck or van injured in transport accident (V50-V59),V54
C0476982,V50-V59,Occupant of pick-up truck or van injured in transport accident (V50-V59),V55
C0476982,V50-V59,Occupant of pick-up truck or van injured in transport accident (V50-V59),V56
C0476982,V50-V59,Occupant of pick-up truck or van injured in transport accident (V50-V59),V57
C0476982,V50-V59,Occupant of pick-up truck or van injured in transport accident (V50-V59),V58
C0476982,V50-V59,Occupant of pick-up truck or van injured in transport accident (V50-V59),V59
C0477005,V60-V69,Occupant of heavy transport vehicle injured in transport accident (V60-V69),V60
C0477005,V60-V69,Occupant of heavy transport vehicle injured in transport accident (V60-V69),V61
C0477005,V60-V69,Occupant of heavy transport vehicle injured in transport accident (V60-V69),V62
C0477005,V60-V69,Occupant of heavy transport vehicle injured in transport accident (V60-V69),V63
C0477005,V60-V69,Occupant of heavy transport vehicle injured in transport accident (V60-V69),V64
C0477005,V60-V69,Occupant of heavy transport vehicle injured in transport accident (V60-V69),V65
C0477005,V60-V69,Occupant of heavy transport vehicle injured in transport accident (V60-V69),V66
C0477005,V60-V69,Occupant of heavy transport vehicle injured in transport accident (V60-V69),V67
C0477005,V60-V69,Occupant of heavy transport vehicle injured in transport accident (V60-V69),V68
C0477005,V60-V69,Occupant of heavy transport vehicle injured in transport accident (V60-V69),V69
C0477044,V70-V79,Bus occupant injured in transport accident (V70-V79),V70
C0477044,V70-V79,Bus occupant injured in transport accident (V70-V79),V71
C0477044,V70-V79,Bus occupant injured in transport accident (V70-V79),V72
C0477044,V70-V79,Bus occupant injured in transport accident (V70-V79),V73
C0477044,V70-V79,Bus occupant injured in transport accident (V70-V79),V74
C0477044,V70-V79,Bus occupant injured in transport accident (V70-V79),V75
C0477044,V70-V79,Bus occupant injured in transport accident (V70-V79),V76
C0477044,V70-V79,Bus occupant injured in transport accident (V70-V79),V77
C0477044,V70-V79,Bus occupant injured in transport accident (V70-V79),V78
C0477044,V70-V79,Bus occupant injured in transport accident (V70-V79),V79
C0477145,V80-V89,Other land transport accidents (V80-V89),V80
C0477145,V80-V89,Other land transport accidents (V80-V89),V81
C0477145,V80-V89,Other land transport accidents (V80-V89),V82
C0477145,V80-V89,Other land transport accidents (V80-V89),V83
C0477145,V80-V89,Other land transport accidents (V80-V89),V84
C0477145,V80-V89,Other land transport accidents (V80-V89),V85
C0477145,V80-V89,Other land transport accidents (V80-V89),V86
C0477145,V80-V89,Other land transport accidents (V80-V89),V87
C0477145,V80-V89,Other land transport accidents (V80-V89),V88
C0477145,V80-V89,Other land transport accidents (V80-V89),V89
C4721415,V90-V94,Water transport accidents (V90-V94),V90
C4721415,V90-V94,Water transport accidents (V90-V94),V91
C4721415,V90-V94,Water transport accidents (V90-V94),V92
C4721415,V90-V94,Water transport accidents (V90-V94),V93
C4721415,V90-V94,Water transport accidents (V90-V94),V94
C0178350,V95-V97,Air and space transport accidents (V95-V97),V95
C0178350,V95-V97,Air and space transport accidents (V95-V97),V96
C0178350,V95-V97,Air and space transport accidents (V95-V97),V97
C0477296,V98-V99,Other and unspecified transport accidents (V98-V99),V98
C0477296,V98-V99,Other and unspecified transport accidents (V98-V99),V99
C2900154,W00-W19,"Slipping, tripping, stumbling and falls (W00-W19)",W00
C2900154,W00-W19,"Slipping, tripping, stumbling and falls (W00-W19)",W01
C2900154,W00-W19,"Slipping, tripping, stumbling and falls (W00-W19)",W02
C2900154,W00-W19,"Slipping, tripping, stumbling and falls (W00-W19)",W03
C2900154,W00-W19,"Slipping, tripping, stumbling and falls (W00-W19)",W04
C2900154,W00-W19,"Slipping, tripping, stumbling and falls (W00-W19)",W05
C2900154,W00-W19,"Slipping, tripping, stumbling and falls (W00-W19)",W06
C2900154,W00-W19,"Slipping, tripping, stumbling and falls (W00-W19)",W07
C2900154,W00-W19,"Slipping, tripping, stumbling and falls (W00-W19)",W08
C2900154,W00-W19,"Slipping, tripping, stumbling and falls (W00-W19)",W09
C2900154,W00-W19,"Slipping, tripping, stumbling and falls (W00-W19)",W10
C2900154,W00-W19,"Slipping, tripping, stumbling and falls (W00-W19)",W11
C2900154,W00-W19,"Slipping, tripping, stumbling and falls (W00-W19)",W12
C2900154,W00-W19,"Slipping, tripping, stumbling and falls (W00-W19)",W13
C2900154,W00-W19,"Slipping, tripping, stumbling and falls (W00-W19)",W14
C2900154,W00-W19,"Slipping, tripping, stumbling and falls (W00-W19)",W15
C2900154,W00-W19,"Slipping, tripping, stumbling and falls (W00-W19)",W16
C2900154,W00-W19,"Slipping, tripping, stumbling and falls (W00-W19)",W17
C2900154,W00-W19,"Slipping, tripping, stumbling and falls (W00-W19)",W18
C2900154,W00-W19,"Slipping, tripping, stumbling and falls (W00-W19)",W19
C4270687,W00-X58,Other external causes of accidental injury (W00-X58),W00
C4270687,W00-X58,Other external causes of accidental injury (W00-X58),W01
C4270687,W00-X58,Other external causes of accidental injury (W00-X58),W02
C4270687,W00-X58,Other external causes of accidental injury (W00-X58),W03
C4270687,W00-X58,Other external causes of accidental injury (W00-X58),W04
C4270687,W00-X58,Other external causes of accidental injury (W00-X58),W05
C4270687,W00-X58,Other external causes of accidental injury (W00-X58),W06
C4270687,W00-X58,Other external causes of accidental injury (W00-X58),W07
C4270687,W00-X58,Other external causes of accidental injury (W00-X58),W08
C4270687,W00-X58,Other external causes of accidental injury (W00-X58),W09
C4270687,W00-X58,Other external causes of accidental injury (W00-X58),W10
C4270687,W00-X58,Other external causes of accidental injury (W00-X58),W11
C4270687,W00-X58,Other external causes of accidental injury (W00-X58),W12
C4270687,W00-X58,Other external causes of accidental injury (W00-X58),W13
C4270687,W00-X58,Other external causes of accidental injury (W00-X58),W14
C4270687,W00-X58,Other external causes of accidental injury (W00-X58),W15
C4270687,W00-X58,Other external causes of accidental injury (W00-X58),W16
C4270687,W00-X58,Other external causes of accidental injury (W00-X58),W17
C4270687,W00-X58,Other external causes of accidental injury (W00-X58),W18
C4270687,W00-X58,Other external causes of accidental injury (W00-X58),W19
C4270687,W00-X58,Other external causes of accidental injury (W00-X58),W20
C4270687,W00-X58,Other external causes of accidental injury (W00-X58),W21
C4270687,W00-X58,Other external causes of accidental injury (W00-X58),W22
C4270687,W00-X58,Other external causes of accidental injury (W00-X58),W23
C4270687,W00-X58,Other external causes of accidental injury (W00-X58),W24
C4270687,W00-X58,Other external causes of accidental injury (W00-X58),W25
C4270687,W00-X58,Other external causes of accidental injury (W00-X58),W26
C4270687,W00-X58,Other external causes of accidental injury (W00-X58),W27
C4270687,W00-X58,Other external causes of accidental injury (W00-X58),W28
C4270687,W00-X58,Other external causes of accidental injury (W00-X58),W29
C4270687,W00-X58,Other external causes of accidental injury (W00-X58),W30
C4270687,W00-X58,Other external causes of accidental injury (W00-X58),W31
C4270687,W00-X58,Other external causes of accidental injury (W00-X58),W32
C4270687,W00-X58,Other external causes of accidental injury (W00-X58),W33
C4270687,W00-X58,Other external causes of accidental injury (W00-X58),W34
C4270687,W00-X58,Other external causes of accidental injury (W00-X58),W35
C4270687,W00-X58,Other external causes of accidental injury (W00-X58),W36
C4270687,W00-X58,Other external causes of accidental injury (W00-X58),W37
C4270687,W00-X58,Other external causes of accidental injury (W00-X58),W38
C4270687,W00-X58,Other external causes of accidental injury (W00-X58),W39
C4270687,W00-X58,Other external causes of accidental injury (W00-X58),W40
C4270687,W00-X58,Other external causes of accidental injury (W00-X58),W41
C4270687,W00-X58,Other external causes of accidental injury (W00-X58),W42
C4270687,W00-X58,Other external causes of accidental injury (W00-X58),W43
C4270687,W00-X58,Other external causes of accidental injury (W00-X58),W44
C4270687,W00-X58,Other external causes of accidental injury (W00-X58),W45
C4270687,W00-X58,Other external causes of accidental injury (W00-X58),W46
C4270687,W00-X58,Other external causes of accidental injury (W00-X58),W47
C4270687,W00-X58,Other external causes of accidental injury (W00-X58),W48
C4270687,W00-X58,Other external causes of accidental injury (W00-X58),W49
C4270687,W00-X58,Other external causes of accidental injury (W00-X58),W50
C4270687,W00-X58,Other external causes of accidental injury (W00-X58),W51
C4270687,W00-X58,Other external causes of accidental injury (W00-X58),W52
C4270687,W00-X58,Other external causes of accidental injury (W00-X58),W53
C4270687,W00-X58,Other external causes of accidental injury (W00-X58),W54
C4270687,W00-X58,Other external causes of accidental injury (W00-X58),W55
C4270687,W00-X58,Other external causes of accidental injury (W00-X58),W56
C4270687,W00-X58,Other external causes of accidental injury (W00-X58),W57
C4270687,W00-X58,Other external causes of accidental injury (W00-X58),W58
C4270687,W00-X58,Other external causes of accidental injury (W00-X58),W59
C4270687,W00-X58,Other external causes of accidental injury (W00-X58),W60
C4270687,W00-X58,Other external causes of accidental injury (W00-X58),W61
C4270687,W00-X58,Other external causes of accidental injury (W00-X58),W62
C4270687,W00-X58,Other external causes of accidental injury (W00-X58),W63
C4270687,W00-X58,Other external causes of accidental injury (W00-X58),W64
C4270687,W00-X58,Other external causes of accidental injury (W00-X58),W65
C4270687,W00-X58,Other external causes of accidental injury (W00-X58),W66
C4270687,W00-X58,Other external causes of accidental injury (W00-X58),W67
C4270687,W00-X58,Other external causes of accidental injury (W00-X58),W68
C4270687,W00-X58,Other external causes of accidental injury (W00-X58),W69
C4270687,W00-X58,Other external causes of accidental injury (W00-X58),W70
C4270687,W00-X58,Other external causes of accidental injury (W00-X58),W71
C4270687,W00-X58,Other external causes of accidental injury (W00-X58),W72
C4270687,W00-X58,Other external causes of accidental injury (W00-X58),W73
C4270687,W00-X58,Other external causes of accidental injury (W00-X58),W74
C4270687,W00-X58,Other external causes of accidental injury (W00-X58),W75
C4270687,W00-X58,Other external causes of accidental injury (W00-X58),W76
C4270687,W00-X58,Other external causes of accidental injury (W00-X58),W77
C4270687,W00-X58,Other external causes of accidental injury (W00-X58),W78
C4270687,W00-X58,Other external causes of accidental injury (W00-X58),W79
C4270687,W00-X58,Other external causes of accidental injury (W00-X58),W80
C4270687,W00-X58,Other external causes of accidental injury (W00-X58),W81
C4270687,W00-X58,Other external causes of accidental injury (W00-X58),W82
C4270687,W00-X58,Other external causes of accidental injury (W00-X58),W83
C4270687,W00-X58,Other external causes of accidental injury (W00-X58),W84
C4270687,W00-X58,Other external causes of accidental injury (W00-X58),W85
C4270687,W00-X58,Other external causes of accidental injury (W00-X58),W86
C4270687,W00-X58,Other external causes of accidental injury (W00-X58),W87
C4270687,W00-X58,Other external causes of accidental injury (W00-X58),W88
C4270687,W00-X58,Other external causes of accidental injury (W00-X58),W89
C4270687,W00-X58,Other external causes of accidental injury (W00-X58),W90
C4270687,W00-X58,Other external causes of accidental injury (W00-X58),W91
C4270687,W00-X58,Other external causes of accidental injury (W00-X58),W92
C4270687,W00-X58,Other external causes of accidental injury (W00-X58),W93
C4270687,W00-X58,Other external causes of accidental injury (W00-X58),W94
C4270687,W00-X58,Other external causes of accidental injury (W00-X58),W95
C4270687,W00-X58,Other external causes of accidental injury (W00-X58),W96
C4270687,W00-X58,Other external causes of accidental injury (W00-X58),W97
C4270687,W00-X58,Other external causes of accidental injury (W00-X58),W98
C4270687,W00-X58,Other external causes of accidental injury (W00-X58),W99
C4270687,W00-X58,Other external causes of accidental injury (W00-X58),X00
C4270687,W00-X58,Other external causes of accidental injury (W00-X58),X01
C4270687,W00-X58,Other external causes of accidental injury (W00-X58),X02
C4270687,W00-X58,Other external causes of accidental injury (W00-X58),X03
C4270687,W00-X58,Other external causes of accidental injury (W00-X58),X04
C4270687,W00-X58,Other external causes of accidental injury (W00-X58),X05
C4270687,W00-X58,Other external causes of accidental injury (W00-X58),X06
C4270687,W00-X58,Other external causes of accidental injury (W00-X58),X07
C4270687,W00-X58,Other external causes of accidental injury (W00-X58),X08
C4270687,W00-X58,Other external causes of accidental injury (W00-X58),X09
C4270687,W00-X58,Other external causes of accidental injury (W00-X58),X10
C4270687,W00-X58,Other external causes of accidental injury (W00-X58),X11
C4270687,W00-X58,Other external causes of accidental injury (W00-X58),X12
C4270687,W00-X58,Other external causes of accidental injury (W00-X58),X13
C4270687,W00-X58,Other external causes of accidental injury (W00-X58),X14
C4270687,W00-X58,Other external causes of accidental injury (W00-X58),X15
C4270687,W00-X58,Other external causes of accidental injury (W00-X58),X16
C4270687,W00-X58,Other external causes of accidental injury (W00-X58),X17
C4270687,W00-X58,Other external causes of accidental injury (W00-X58),X18
C4270687,W00-X58,Other external causes of accidental injury (W00-X58),X19
C4270687,W00-X58,Other external causes of accidental injury (W00-X58),X20
C4270687,W00-X58,Other external causes of accidental injury (W00-X58),X21
C4270687,W00-X58,Other external causes of accidental injury (W00-X58),X22
C4270687,W00-X58,Other external causes of accidental injury (W00-X58),X23
C4270687,W00-X58,Other external causes of accidental injury (W00-X58),X24
C4270687,W00-X58,Other external causes of accidental injury (W00-X58),X25
C4270687,W00-X58,Other external causes of accidental injury (W00-X58),X26
C4270687,W00-X58,Other external causes of accidental injury (W00-X58),X27
C4270687,W00-X58,Other external causes of accidental injury (W00-X58),X28
C4270687,W00-X58,Other external causes of accidental injury (W00-X58),X29
C4270687,W00-X58,Other external causes of accidental injury (W00-X58),X30
C4270687,W00-X58,Other external causes of accidental injury (W00-X58),X31
C4270687,W00-X58,Other external causes of accidental injury (W00-X58),X32
C4270687,W00-X58,Other external causes of accidental injury (W00-X58),X33
C4270687,W00-X58,Other external causes of accidental injury (W00-X58),X34
C4270687,W00-X58,Other external causes of accidental injury (W00-X58),X35
C4270687,W00-X58,Other external causes of accidental injury (W00-X58),X36
C4270687,W00-X58,Other external causes of accidental injury (W00-X58),X37
C4270687,W00-X58,Other external causes of accidental injury (W00-X58),X38
C4270687,W00-X58,Other external causes of accidental injury (W00-X58),X39
C4270687,W00-X58,Other external causes of accidental injury (W00-X58),X40
C4270687,W00-X58,Other external causes of accidental injury (W00-X58),X41
C4270687,W00-X58,Other external causes of accidental injury (W00-X58),X42
C4270687,W00-X58,Other external causes of accidental injury (W00-X58),X43
C4270687,W00-X58,Other external causes of accidental injury (W00-X58),X44
C4270687,W00-X58,Other external causes of accidental injury (W00-X58),X45
C4270687,W00-X58,Other external causes of accidental injury (W00-X58),X46
C4270687,W00-X58,Other external causes of accidental injury (W00-X58),X47
C4270687,W00-X58,Other external causes of accidental injury (W00-X58),X48
C4270687,W00-X58,Other external causes of accidental injury (W00-X58),X49
C4270687,W00-X58,Other external causes of accidental injury (W00-X58),X50
C4270687,W00-X58,Other external causes of accidental injury (W00-X58),X51
C4270687,W00-X58,Other external causes of accidental injury (W00-X58),X52
C4270687,W00-X58,Other external causes of accidental injury (W00-X58),X53
C4270687,W00-X58,Other external causes of accidental injury (W00-X58),X54
C4270687,W00-X58,Other external causes of accidental injury (W00-X58),X55
C4270687,W00-X58,Other external causes of accidental injury (W00-X58),X56
C4270687,W00-X58,Other external causes of accidental injury (W00-X58),X57
C4270687,W00-X58,Other external causes of accidental injury (W00-X58),X58
C0337242,W20-W49,Exposure to inanimate mechanical forces (W20-W49),W20
C0337242,W20-W49,Exposure to inanimate mechanical forces (W20-W49),W21
C0337242,W20-W49,Exposure to inanimate mechanical forces (W20-W49),W22
C0337242,W20-W49,Exposure to inanimate mechanical forces (W20-W49),W23
C0337242,W20-W49,Exposure to inanimate mechanical forces (W20-W49),W24
C0337242,W20-W49,Exposure to inanimate mechanical forces (W20-W49),W25
C0337242,W20-W49,Exposure to inanimate mechanical forces (W20-W49),W26
C0337242,W20-W49,Exposure to inanimate mechanical forces (W20-W49),W27
C0337242,W20-W49,Exposure to inanimate mechanical forces (W20-W49),W28
C0337242,W20-W49,Exposure to inanimate mechanical forces (W20-W49),W29
C0337242,W20-W49,Exposure to inanimate mechanical forces (W20-W49),W30
C0337242,W20-W49,Exposure to inanimate mechanical forces (W20-W49),W31
C0337242,W20-W49,Exposure to inanimate mechanical forces (W20-W49),W32
C0337242,W20-W49,Exposure to inanimate mechanical forces (W20-W49),W33
C0337242,W20-W49,Exposure to inanimate mechanical forces (W20-W49),W34
C0337242,W20-W49,Exposure to inanimate mechanical forces (W20-W49),W35
C0337242,W20-W49,Exposure to inanimate mechanical forces (W20-W49),W36
C0337242,W20-W49,Exposure to inanimate mechanical forces (W20-W49),W37
C0337242,W20-W49,Exposure to inanimate mechanical forces (W20-W49),W38
C0337242,W20-W49,Exposure to inanimate mechanical forces (W20-W49),W39
C0337242,W20-W49,Exposure to inanimate mechanical forces (W20-W49),W40
C0337242,W20-W49,Exposure to inanimate mechanical forces (W20-W49),W41
C0337242,W20-W49,Exposure to inanimate mechanical forces (W20-W49),W42
C0337242,W20-W49,Exposure to inanimate mechanical forces (W20-W49),W43
C0337242,W20-W49,Exposure to inanimate mechanical forces (W20-W49),W44
C0337242,W20-W49,Exposure to inanimate mechanical forces (W20-W49),W45
C0337242,W20-W49,Exposure to inanimate mechanical forces (W20-W49),W46
C0337242,W20-W49,Exposure to inanimate mechanical forces (W20-W49),W47
C0337242,W20-W49,Exposure to inanimate mechanical forces (W20-W49),W48
C0337242,W20-W49,Exposure to inanimate mechanical forces (W20-W49),W49
C0337266,W50-W64,Exposure to animate mechanical forces (W50-W64),W50
C0337266,W50-W64,Exposure to animate mechanical forces (W50-W64),W51
C0337266,W50-W64,Exposure to animate mechanical forces (W50-W64),W52
C0337266,W50-W64,Exposure to animate mechanical forces (W50-W64),W53
C0337266,W50-W64,Exposure to animate mechanical forces (W50-W64),W54
C0337266,W50-W64,Exposure to animate mechanical forces (W50-W64),W55
C0337266,W50-W64,Exposure to animate mechanical forces (W50-W64),W56
C0337266,W50-W64,Exposure to animate mechanical forces (W50-W64),W57
C0337266,W50-W64,Exposure to animate mechanical forces (W50-W64),W58
C0337266,W50-W64,Exposure to animate mechanical forces (W50-W64),W59
C0337266,W50-W64,Exposure to animate mechanical forces (W50-W64),W60
C0337266,W50-W64,Exposure to animate mechanical forces (W50-W64),W61
C0337266,W50-W64,Exposure to animate mechanical forces (W50-W64),W62
C0337266,W50-W64,Exposure to animate mechanical forces (W50-W64),W63
C0337266,W50-W64,Exposure to animate mechanical forces (W50-W64),W64
C2905125,W65-W74,Accidental non-transport drowning and submersion (W65-W74),W65
C2905125,W65-W74,Accidental non-transport drowning and submersion (W65-W74),W66
C2905125,W65-W74,Accidental non-transport drowning and submersion (W65-W74),W67
C2905125,W65-W74,Accidental non-transport drowning and submersion (W65-W74),W68
C2905125,W65-W74,Accidental non-transport drowning and submersion (W65-W74),W69
C2905125,W65-W74,Accidental non-transport drowning and submersion (W65-W74),W70
C2905125,W65-W74,Accidental non-transport drowning and submersion (W65-W74),W71
C2905125,W65-W74,Accidental non-transport drowning and submersion (W65-W74),W72
C2905125,W65-W74,Accidental non-transport drowning and submersion (W65-W74),W73
C2905125,W65-W74,Accidental non-transport drowning and submersion (W65-W74),W74
C0694465,W85-W99,"Exposure to electric current, radiation and extreme ambient air temperature and pressure (W85-W99)",W85
C0694465,W85-W99,"Exposure to electric current, radiation and extreme ambient air temperature and pressure (W85-W99)",W86
C0694465,W85-W99,"Exposure to electric current, radiation and extreme ambient air temperature and pressure (W85-W99)",W87
C0694465,W85-W99,"Exposure to electric current, radiation and extreme ambient air temperature and pressure (W85-W99)",W88
C0694465,W85-W99,"Exposure to electric current, radiation and extreme ambient air temperature and pressure (W85-W99)",W89
C0694465,W85-W99,"Exposure to electric current, radiation and extreme ambient air temperature and pressure (W85-W99)",W90
C0694465,W85-W99,"Exposure to electric current, radiation and extreme ambient air temperature and pressure (W85-W99)",W91
C0694465,W85-W99,"Exposure to electric current, radiation and extreme ambient air temperature and pressure (W85-W99)",W92
C0694465,W85-W99,"Exposure to electric current, radiation and extreme ambient air temperature and pressure (W85-W99)",W93
C0694465,W85-W99,"Exposure to electric current, radiation and extreme ambient air temperature and pressure (W85-W99)",W94
C0694465,W85-W99,"Exposure to electric current, radiation and extreme ambient air temperature and pressure (W85-W99)",W95
C0694465,W85-W99,"Exposure to electric current, radiation and extreme ambient air temperature and pressure (W85-W99)",W96
C0694465,W85-W99,"Exposure to electric current, radiation and extreme ambient air temperature and pressure (W85-W99)",W97
C0694465,W85-W99,"Exposure to electric current, radiation and extreme ambient air temperature and pressure (W85-W99)",W98
C0694465,W85-W99,"Exposure to electric current, radiation and extreme ambient air temperature and pressure (W85-W99)",W99
C0497045,X00-X08,"Exposure to smoke, fire and flames (X00-X08)",X00
C0497045,X00-X08,"Exposure to smoke, fire and flames (X00-X08)",X01
C0497045,X00-X08,"Exposure to smoke, fire and flames (X00-X08)",X02
C0497045,X00-X08,"Exposure to smoke, fire and flames (X00-X08)",X03
C0497045,X00-X08,"Exposure to smoke, fire and flames (X00-X08)",X04
C0497045,X00-X08,"Exposure to smoke, fire and flames (X00-X08)",X05
C0497045,X00-X08,"Exposure to smoke, fire and flames (X00-X08)",X06
C0497045,X00-X08,"Exposure to smoke, fire and flames (X00-X08)",X07
C0497045,X00-X08,"Exposure to smoke, fire and flames (X00-X08)",X08
C0479665,X10-X19,Contact with heat and hot substances (X10-X19),X10
C0479665,X10-X19,Contact with heat and hot substances (X10-X19),X11
C0479665,X10-X19,Contact with heat and hot substances (X10-X19),X12
C0479665,X10-X19,Contact with heat and hot substances (X10-X19),X13
C0479665,X10-X19,Contact with heat and hot substances (X10-X19),X14
C0479665,X10-X19,Contact with heat and hot substances (X10-X19),X15
C0479665,X10-X19,Contact with heat and hot substances (X10-X19),X16
C0479665,X10-X19,Contact with heat and hot substances (X10-X19),X17
C0479665,X10-X19,Contact with heat and hot substances (X10-X19),X18
C0479665,X10-X19,Contact with heat and hot substances (X10-X19),X19
C0479866,X30-X39,Exposure to forces of nature (X30-X39),X30
C0479866,X30-X39,Exposure to forces of nature (X30-X39),X31
C0479866,X30-X39,Exposure to forces of nature (X30-X39),X32
C0479866,X30-X39,Exposure to forces of nature (X30-X39),X33
C0479866,X30-X39,Exposure to forces of nature (X30-X39),X34
C0479866,X30-X39,Exposure to forces of nature (X30-X39),X35
C0479866,X30-X39,Exposure to forces of nature (X30-X39),X36
C0479866,X30-X39,Exposure to forces of nature (X30-X39),X37
C0479866,X30-X39,Exposure to forces of nature (X30-X39),X38
C0479866,X30-X39,Exposure to forces of nature (X30-X39),X39
C4270703,X50-X50,Overexertion and strenuous or repetitive movements (X50),X50
C2977343,X52-X58,Accidental exposure to other specified factors (X52-X58),X52
C2977343,X52-X58,Accidental exposure to other specified factors (X52-X58),X53
C2977343,X52-X58,Accidental exposure to other specified factors (X52-X58),X54
C2977343,X52-X58,Accidental exposure to other specified factors (X52-X58),X55
C2977343,X52-X58,Accidental exposure to other specified factors (X52-X58),X56
C2977343,X52-X58,Accidental exposure to other specified factors (X52-X58),X57
C2977343,X52-X58,Accidental exposure to other specified factors (X52-X58),X58
C0480203,X71-X83,Intentional self-harm (X71-X83),X71
C0480203,X71-X83,Intentional self-harm (X71-X83),X72
C0480203,X71-X83,Intentional self-harm (X71-X83),X73
C0480203,X71-X83,Intentional self-harm (X71-X83),X74
C0480203,X71-X83,Intentional self-harm (X71-X83),X75
C0480203,X71-X83,Intentional self-harm (X71-X83),X76
C0480203,X71-X83,Intentional self-harm (X71-X83),X77
C0480203,X71-X83,Intentional self-harm (X71-X83),X78
C0480203,X71-X83,Intentional self-harm (X71-X83),X79
C0480203,X71-X83,Intentional self-harm (X71-X83),X80
C0480203,X71-X83,Intentional self-harm (X71-X83),X81
C0480203,X71-X83,Intentional self-harm (X71-X83),X82
C0480203,X71-X83,Intentional self-harm (X71-X83),X83
C4270735,X92-Y09,Assault (X92-Y09),X92
C4270735,X92-Y09,Assault (X92-Y09),X93
C4270735,X92-Y09,Assault (X92-Y09),X94
C4270735,X92-Y09,Assault (X92-Y09),X95
C4270735,X92-Y09,Assault (X92-Y09),X96
C4270735,X92-Y09,Assault (X92-Y09),X97
C4270735,X92-Y09,Assault (X92-Y09),X98
C4270735,X92-Y09,Assault (X92-Y09),X99
C4270735,X92-Y09,Assault (X92-Y09),Y00
C4270735,X92-Y09,Assault (X92-Y09),Y01
C4270735,X92-Y09,Assault (X92-Y09),Y02
C4270735,X92-Y09,Assault (X92-Y09),Y03
C4270735,X92-Y09,Assault (X92-Y09),Y04
C4270735,X92-Y09,Assault (X92-Y09),Y05
C4270735,X92-Y09,Assault (X92-Y09),Y06
C4270735,X92-Y09,Assault (X92-Y09),Y07
C4270735,X92-Y09,Assault (X92-Y09),Y08
C4270735,X92-Y09,Assault (X92-Y09),Y09
C2977395,Y21-Y33,Event of undetermined intent (Y21-Y33),Y21
C2977395,Y21-Y33,Event of undetermined intent (Y21-Y33),Y22
C2977395,Y21-Y33,Event of undetermined intent (Y21-Y33),Y23
C2977395,Y21-Y33,Event of undetermined intent (Y21-Y33),Y24
C2977395,Y21-Y33,Event of undetermined intent (Y21-Y33),Y25
C2977395,Y21-Y33,Event of undetermined intent (Y21-Y33),Y26
C2977395,Y21-Y33,Event of undetermined intent (Y21-Y33),Y27
C2977395,Y21-Y33,Event of undetermined intent (Y21-Y33),Y28
C2977395,Y21-Y33,Event of undetermined intent (Y21-Y33),Y29
C2977395,Y21-Y33,Event of undetermined intent (Y21-Y33),Y30
C2977395,Y21-Y33,Event of undetermined intent (Y21-Y33),Y31
C2977395,Y21-Y33,Event of undetermined intent (Y21-Y33),Y32
C2977395,Y21-Y33,Event of undetermined intent (Y21-Y33),Y33
C2906212,Y35-Y38,"Legal intervention, operations of war, military operations, and terrorism (Y35-Y38)",Y35
C2906212,Y35-Y38,"Legal intervention, operations of war, military operations, and terrorism (Y35-Y38)",Y36
C2906212,Y35-Y38,"Legal intervention, operations of war, military operations, and terrorism (Y35-Y38)",Y37
C2906212,Y35-Y38,"Legal intervention, operations of war, military operations, and terrorism (Y35-Y38)",Y38
C0481263,Y62-Y69,Misadventures to patients during surgical and medical care (Y62-Y69),Y62
C0481263,Y62-Y69,Misadventures to patients during surgical and medical care (Y62-Y69),Y63
C0481263,Y62-Y69,Misadventures to patients during surgical and medical care (Y62-Y69),Y64
C0481263,Y62-Y69,Misadventures to patients during surgical and medical care (Y62-Y69),Y65
C0481263,Y62-Y69,Misadventures to patients during surgical and medical care (Y62-Y69),Y66
C0481263,Y62-Y69,Misadventures to patients during surgical and medical care (Y62-Y69),Y67
C0481263,Y62-Y69,Misadventures to patients during surgical and medical care (Y62-Y69),Y68
C0481263,Y62-Y69,Misadventures to patients during surgical and medical care (Y62-Y69),Y69
C4270736,Y62-Y84,Complications of medical and surgical care (Y62-Y84),Y62
C4270736,Y62-Y84,Complications of medical and surgical care (Y62-Y84),Y63
C4270736,Y62-Y84,Complications of medical and surgical care (Y62-Y84),Y64
C4270736,Y62-Y84,Complications of medical and surgical care (Y62-Y84),Y65
C4270736,Y62-Y84,Complications of medical and surgical care (Y62-Y84),Y66
C4270736,Y62-Y84,Complications of medical and surgical care (Y62-Y84),Y67
C4270736,Y62-Y84,Complications of medical and surgical care (Y62-Y84),Y68
C4270736,Y62-Y84,Complications of medical and surgical care (Y62-Y84),Y69
C4270736,Y62-Y84,Complications of medical and surgical care (Y62-Y84),Y70
C4270736,Y62-Y84,Complications of medical and surgical care (Y62-Y84),Y71
C4270736,Y62-Y84,Complications of medical and surgical care (Y62-Y84),Y72
C4270736,Y62-Y84,Complications of medical and surgical care (Y62-Y84),Y73
C4270736,Y62-Y84,Complications of medical and surgical care (Y62-Y84),Y74
C4270736,Y62-Y84,Complications of medical and surgical care (Y62-Y84),Y75
C4270736,Y62-Y84,Complications of medical and surgical care (Y62-Y84),Y76
C4270736,Y62-Y84,Complications of medical and surgical care (Y62-Y84),Y77
C4270736,Y62-Y84,Complications of medical and surgical care (Y62-Y84),Y78
C4270736,Y62-Y84,Complications of medical and surgical care (Y62-Y84),Y79
C4270736,Y62-Y84,Complications of medical and surgical care (Y62-Y84),Y80
C4270736,Y62-Y84,Complications of medical and surgical care (Y62-Y84),Y81
C4270736,Y62-Y84,Complications of medical and surgical care (Y62-Y84),Y82
C4270736,Y62-Y84,Complications of medical and surgical care (Y62-Y84),Y83
C4270736,Y62-Y84,Complications of medical and surgical care (Y62-Y84),Y84
C0481264,Y70-Y82,Medical devices associated with adverse incidents in diagnostic and therapeutic use (Y70-Y82),Y70
C0481264,Y70-Y82,Medical devices associated with adverse incidents in diagnostic and therapeutic use (Y70-Y82),Y71
C0481264,Y70-Y82,Medical devices associated with adverse incidents in diagnostic and therapeutic use (Y70-Y82),Y72
C0481264,Y70-Y82,Medical devices associated with adverse incidents in diagnostic and therapeutic use (Y70-Y82),Y73
C0481264,Y70-Y82,Medical devices associated with adverse incidents in diagnostic and therapeutic use (Y70-Y82),Y74
C0481264,Y70-Y82,Medical devices associated with adverse incidents in diagnostic and therapeutic use (Y70-Y82),Y75
C0481264,Y70-Y82,Medical devices associated with adverse incidents in diagnostic and therapeutic use (Y70-Y82),Y76
C0481264,Y70-Y82,Medical devices associated with adverse incidents in diagnostic and therapeutic use (Y70-Y82),Y77
C0481264,Y70-Y82,Medical devices associated with adverse incidents in diagnostic and therapeutic use (Y70-Y82),Y78
C0481264,Y70-Y82,Medical devices associated with adverse incidents in diagnostic and therapeutic use (Y70-Y82),Y79
C0481264,Y70-Y82,Medical devices associated with adverse incidents in diagnostic and therapeutic use (Y70-Y82),Y80
C0481264,Y70-Y82,Medical devices associated with adverse incidents in diagnostic and therapeutic use (Y70-Y82),Y81
C0481264,Y70-Y82,Medical devices associated with adverse incidents in diagnostic and therapeutic use (Y70-Y82),Y82
C0694466,Y83-Y84,"Surgical and other medical procedures as the cause of abnormal reaction of the patient, or of later complication, without mention of misadventure at the time of the procedure (Y83-Y84)",Y83
C0694466,Y83-Y84,"Surgical and other medical procedures as the cause of abnormal reaction of the patient, or of later complication, without mention of misadventure at the time of the procedure (Y83-Y84)",Y84
C2907636,Y90-Y99,Supplementary factors related to causes of morbidity classified elsewhere (Y90-Y99),Y90
C2907636,Y90-Y99,Supplementary factors related to causes of morbidity classified elsewhere (Y90-Y99),Y91
C2907636,Y90-Y99,Supplementary factors related to causes of morbidity classified elsewhere (Y90-Y99),Y92
C2907636,Y90-Y99,Supplementary factors related to causes of morbidity classified elsewhere (Y90-Y99),Y93
C2907636,Y90-Y99,Supplementary factors related to causes of morbidity classified elsewhere (Y90-Y99),Y94
C2907636,Y90-Y99,Supplementary factors related to causes of morbidity classified elsewhere (Y90-Y99),Y95
C2907636,Y90-Y99,Supplementary factors related to causes of morbidity classified elsewhere (Y90-Y99),Y96
C2907636,Y90-Y99,Supplementary factors related to causes of morbidity classified elsewhere (Y90-Y99),Y97
C2907636,Y90-Y99,Supplementary factors related to causes of morbidity classified elsewhere (Y90-Y99),Y98
C2907636,Y90-Y99,Supplementary factors related to causes of morbidity classified elsewhere (Y90-Y99),Y99
C2910443,Z00-Z13,Persons encountering health services for examinations (Z00-Z13),Z00
C2910443,Z00-Z13,Persons encountering health services for examinations (Z00-Z13),Z01
C2910443,Z00-Z13,Persons encountering health services for examinations (Z00-Z13),Z02
C2910443,Z00-Z13,Persons encountering health services for examinations (Z00-Z13),Z03
C2910443,Z00-Z13,Persons encountering health services for examinations (Z00-Z13),Z04
C2910443,Z00-Z13,Persons encountering health services for examinations (Z00-Z13),Z05
C2910443,Z00-Z13,Persons encountering health services for examinations (Z00-Z13),Z06
C2910443,Z00-Z13,Persons encountering health services for examinations (Z00-Z13),Z07
C2910443,Z00-Z13,Persons encountering health services for examinations (Z00-Z13),Z08
C2910443,Z00-Z13,Persons encountering health services for examinations (Z00-Z13),Z09
C2910443,Z00-Z13,Persons encountering health services for examinations (Z00-Z13),Z10
C2910443,Z00-Z13,Persons encountering health services for examinations (Z00-Z13),Z11
C2910443,Z00-Z13,Persons encountering health services for examinations (Z00-Z13),Z12
C2910443,Z00-Z13,Persons encountering health services for examinations (Z00-Z13),Z13
C0178336,Z00-Z99,Factors influencing health status and contact with health services (Z00-Z99),Z00
C0178336,Z00-Z99,Factors influencing health status and contact with health services (Z00-Z99),Z01
C0178336,Z00-Z99,Factors influencing health status and contact with health services (Z00-Z99),Z02
C0178336,Z00-Z99,Factors influencing health status and contact with health services (Z00-Z99),Z03
C0178336,Z00-Z99,Factors influencing health status and contact with health services (Z00-Z99),Z04
C0178336,Z00-Z99,Factors influencing health status and contact with health services (Z00-Z99),Z05
C0178336,Z00-Z99,Factors influencing health status and contact with health services (Z00-Z99),Z06
C0178336,Z00-Z99,Factors influencing health status and contact with health services (Z00-Z99),Z07
C0178336,Z00-Z99,Factors influencing health status and contact with health services (Z00-Z99),Z08
C0178336,Z00-Z99,Factors influencing health status and contact with health services (Z00-Z99),Z09
C0178336,Z00-Z99,Factors influencing health status and contact with health services (Z00-Z99),Z10
C0178336,Z00-Z99,Factors influencing health status and contact with health services (Z00-Z99),Z11
C0178336,Z00-Z99,Factors influencing health status and contact with health services (Z00-Z99),Z12
C0178336,Z00-Z99,Factors influencing health status and contact with health services (Z00-Z99),Z13
C0178336,Z00-Z99,Factors influencing health status and contact with health services (Z00-Z99),Z14
C0178336,Z00-Z99,Factors influencing health status and contact with health services (Z00-Z99),Z15
C0178336,Z00-Z99,Factors influencing health status and contact with health services (Z00-Z99),Z16
C0178336,Z00-Z99,Factors influencing health status and contact with health services (Z00-Z99),Z17
C0178336,Z00-Z99,Factors influencing health status and contact with health services (Z00-Z99),Z18
C0178336,Z00-Z99,Factors influencing health status and contact with health services (Z00-Z99),Z19
C0178336,Z00-Z99,Factors influencing health status and contact with health services (Z00-Z99),Z20
C0178336,Z00-Z99,Factors influencing health status and contact with health services (Z00-Z99),Z21
C0178336,Z00-Z99,Factors influencing health status and contact with health services (Z00-Z99),Z22
C0178336,Z00-Z99,Factors influencing health status and contact with health services (Z00-Z99),Z23
C0178336,Z00-Z99,Factors influencing health status and contact with health services (Z00-Z99),Z24
C0178336,Z00-Z99,Factors influencing health status and contact with health services (Z00-Z99),Z25
C0178336,Z00-Z99,Factors influencing health status and contact with health services (Z00-Z99),Z26
C0178336,Z00-Z99,Factors influencing health status and contact with health services (Z00-Z99),Z27
C0178336,Z00-Z99,Factors influencing health status and contact with health services (Z00-Z99),Z28
C0178336,Z00-Z99,Factors influencing health status and contact with health services (Z00-Z99),Z29
C0178336,Z00-Z99,Factors influencing health status and contact with health services (Z00-Z99),Z30
C0178336,Z00-Z99,Factors influencing health status and contact with health services (Z00-Z99),Z31
C0178336,Z00-Z99,Factors influencing health status and contact with health services (Z00-Z99),Z32
C0178336,Z00-Z99,Factors influencing health status and contact with health services (Z00-Z99),Z33
C0178336,Z00-Z99,Factors influencing health status and contact with health services (Z00-Z99),Z34
C0178336,Z00-Z99,Factors influencing health status and contact with health services (Z00-Z99),Z35
C0178336,Z00-Z99,Factors influencing health status and contact with health services (Z00-Z99),Z36
C0178336,Z00-Z99,Factors influencing health status and contact with health services (Z00-Z99),Z37
C0178336,Z00-Z99,Factors influencing health status and contact with health services (Z00-Z99),Z38
C0178336,Z00-Z99,Factors influencing health status and contact with health services (Z00-Z99),Z39
C0178336,Z00-Z99,Factors influencing health status and contact with health services (Z00-Z99),Z40
C0178336,Z00-Z99,Factors influencing health status and contact with health services (Z00-Z99),Z41
C0178336,Z00-Z99,Factors influencing health status and contact with health services (Z00-Z99),Z42
C0178336,Z00-Z99,Factors influencing health status and contact with health services (Z00-Z99),Z43
C0178336,Z00-Z99,Factors influencing health status and contact with health services (Z00-Z99),Z44
C0178336,Z00-Z99,Factors influencing health status and contact with health services (Z00-Z99),Z45
C0178336,Z00-Z99,Factors influencing health status and contact with health services (Z00-Z99),Z46
C0178336,Z00-Z99,Factors influencing health status and contact with health services (Z00-Z99),Z47
C0178336,Z00-Z99,Factors influencing health status and contact with health services (Z00-Z99),Z48
C0178336,Z00-Z99,Factors influencing health status and contact with health services (Z00-Z99),Z49
C0178336,Z00-Z99,Factors influencing health status and contact with health services (Z00-Z99),Z50
C0178336,Z00-Z99,Factors influencing health status and contact with health services (Z00-Z99),Z51
C0178336,Z00-Z99,Factors influencing health status and contact with health services (Z00-Z99),Z52
C0178336,Z00-Z99,Factors influencing health status and contact with health services (Z00-Z99),Z53
C0178336,Z00-Z99,Factors influencing health status and contact with health services (Z00-Z99),Z54
C0178336,Z00-Z99,Factors influencing health status and contact with health services (Z00-Z99),Z55
C0178336,Z00-Z99,Factors influencing health status and contact with health services (Z00-Z99),Z56
C0178336,Z00-Z99,Factors influencing health status and contact with health services (Z00-Z99),Z57
C0178336,Z00-Z99,Factors influencing health status and contact with health services (Z00-Z99),Z58
C0178336,Z00-Z99,Factors influencing health status and contact with health services (Z00-Z99),Z59
C0178336,Z00-Z99,Factors influencing health status and contact with health services (Z00-Z99),Z60
C0178336,Z00-Z99,Factors influencing health status and contact with health services (Z00-Z99),Z61
C0178336,Z00-Z99,Factors influencing health status and contact with health services (Z00-Z99),Z62
C0178336,Z00-Z99,Factors influencing health status and contact with health services (Z00-Z99),Z63
C0178336,Z00-Z99,Factors influencing health status and contact with health services (Z00-Z99),Z64
C0178336,Z00-Z99,Factors influencing health status and contact with health services (Z00-Z99),Z65
C0178336,Z00-Z99,Factors influencing health status and contact with health services (Z00-Z99),Z66
C0178336,Z00-Z99,Factors influencing health status and contact with health services (Z00-Z99),Z67
C0178336,Z00-Z99,Factors influencing health status and contact with health services (Z00-Z99),Z68
C0178336,Z00-Z99,Factors influencing health status and contact with health services (Z00-Z99),Z69
C0178336,Z00-Z99,Factors influencing health status and contact with health services (Z00-Z99),Z70
C0178336,Z00-Z99,Factors influencing health status and contact with health services (Z00-Z99),Z71
C0178336,Z00-Z99,Factors influencing health status and contact with health services (Z00-Z99),Z72
C0178336,Z00-Z99,Factors influencing health status and contact with health services (Z00-Z99),Z73
C0178336,Z00-Z99,Factors influencing health status and contact with health services (Z00-Z99),Z74
C0178336,Z00-Z99,Factors influencing health status and contact with health services (Z00-Z99),Z75
C0178336,Z00-Z99,Factors influencing health status and contact with health services (Z00-Z99),Z76
C0178336,Z00-Z99,Factors influencing health status and contact with health services (Z00-Z99),Z77
C0178336,Z00-Z99,Factors influencing health status and contact with health services (Z00-Z99),Z78
C0178336,Z00-Z99,Factors influencing health status and contact with health services (Z00-Z99),Z79
C0178336,Z00-Z99,Factors influencing health status and contact with health services (Z00-Z99),Z80
C0178336,Z00-Z99,Factors influencing health status and contact with health services (Z00-Z99),Z81
C0178336,Z00-Z99,Factors influencing health status and contact with health services (Z00-Z99),Z82
C0178336,Z00-Z99,Factors influencing health status and contact with health services (Z00-Z99),Z83
C0178336,Z00-Z99,Factors influencing health status and contact with health services (Z00-Z99),Z84
C0178336,Z00-Z99,Factors influencing health status and contact with health services (Z00-Z99),Z85
C0178336,Z00-Z99,Factors influencing health status and contact with health services (Z00-Z99),Z86
C0178336,Z00-Z99,Factors influencing health status and contact with health services (Z00-Z99),Z87
C0178336,Z00-Z99,Factors influencing health status and contact with health services (Z00-Z99),Z88
C0178336,Z00-Z99,Factors influencing health status and contact with health services (Z00-Z99),Z89
C0178336,Z00-Z99,Factors influencing health status and contact with health services (Z00-Z99),Z90
C0178336,Z00-Z99,Factors influencing health status and contact with health services (Z00-Z99),Z91
C0178336,Z00-Z99,Factors influencing health status and contact with health services (Z00-Z99),Z92
C0178336,Z00-Z99,Factors influencing health status and contact with health services (Z00-Z99),Z93
C0178336,Z00-Z99,Factors influencing health status and contact with health services (Z00-Z99),Z94
C0178336,Z00-Z99,Factors influencing health status and contact with health services (Z00-Z99),Z95
C0178336,Z00-Z99,Factors influencing health status and contact with health services (Z00-Z99),Z96
C0178336,Z00-Z99,Factors influencing health status and contact with health services (Z00-Z99),Z97
C0178336,Z00-Z99,Factors influencing health status and contact with health services (Z00-Z99),Z98
C0178336,Z00-Z99,Factors influencing health status and contact with health services (Z00-Z99),Z99
C2910640,Z14-Z15,Genetic carrier and genetic susceptibility to disease (Z14-Z15),Z14
C2910640,Z14-Z15,Genetic carrier and genetic susceptibility to disease (Z14-Z15),Z15
C3264056,Z16-Z16,Resistance to antimicrobial drugs (Z16),Z16
C5926987,Z17-Z17,"Estrogen, and other hormones and factors receptor status (Z17)",Z17
C2977631,Z18-Z18,Retained foreign body fragments (Z18),Z18
C4270757,Z19-Z19,Hormone sensitivity malignancy status (Z19),Z19
C4270760,Z20-Z29,Persons with potential health hazards related to communicable diseases (Z20-Z29),Z20
C4270760,Z20-Z29,Persons with potential health hazards related to communicable diseases (Z20-Z29),Z21
C4270760,Z20-Z29,Persons with potential health hazards related to communicable diseases (Z20-Z29),Z22
C4270760,Z20-Z29,Persons with potential health hazards related to communicable diseases (Z20-Z29),Z23
C4270760,Z20-Z29,Persons with potential health hazards related to communicable diseases (Z20-Z29),Z24
C4270760,Z20-Z29,Persons with potential health hazards related to communicable diseases (Z20-Z29),Z25
C4270760,Z20-Z29,Persons with potential health hazards related to communicable diseases (Z20-Z29),Z26
C4270760,Z20-Z29,Persons with potential health hazards related to communicable diseases (Z20-Z29),Z27
C4270760,Z20-Z29,Persons with potential health hazards related to communicable diseases (Z20-Z29),Z28
C4270760,Z20-Z29,Persons with potential health hazards related to communicable diseases (Z20-Z29),Z29
C0478556,Z30-Z39,Persons encountering health services in circumstances related to reproduction (Z30-Z39),Z30
C0478556,Z30-Z39,Persons encountering health services in circumstances related to reproduction (Z30-Z39),Z31
C0478556,Z30-Z39,Persons encountering health services in circumstances related to reproduction (Z30-Z39),Z32
C0478556,Z30-Z39,Persons encountering health services in circumstances related to reproduction (Z30-Z39),Z33
C0478556,Z30-Z39,Persons encountering health services in circumstances related to reproduction (Z30-Z39),Z34
C0478556,Z30-Z39,Persons encountering health services in circumstances related to reproduction (Z30-Z39),Z35
C0478556,Z30-Z39,Persons encountering health services in circumstances related to reproduction (Z30-Z39),Z36
C0478556,Z30-Z39,Persons encountering health services in circumstances related to reproduction (Z30-Z39),Z37
C0478556,Z30-Z39,Persons encountering health services in circumstances related to reproduction (Z30-Z39),Z38
C0478556,Z30-Z39,Persons encountering health services in circumstances related to reproduction (Z30-Z39),Z39
C2910784,Z40-Z53,Encounters for other specific health care (Z40-Z53),Z40
C2910784,Z40-Z53,Encounters for other specific health care (Z40-Z53),Z41
C2910784,Z40-Z53,Encounters for other specific health care (Z40-Z53),Z42
C2910784,Z40-Z53,Encounters for other specific health care (Z40-Z53),Z43
C2910784,Z40-Z53,Encounters for other specific health care (Z40-Z53),Z44
C2910784,Z40-Z53,Encounters for other specific health care (Z40-Z53),Z45
C2910784,Z40-Z53,Encounters for other specific health care (Z40-Z53),Z46
C2910784,Z40-Z53,Encounters for other specific health care (Z40-Z53),Z47
C2910784,Z40-Z53,Encounters for other specific health care (Z40-Z53),Z48
C2910784,Z40-Z53,Encounters for other specific health care (Z40-Z53),Z49
C2910784,Z40-Z53,Encounters for other specific health care (Z40-Z53),Z50
C2910784,Z40-Z53,Encounters for other specific health care (Z40-Z53),Z51
C2910784,Z40-Z53,Encounters for other specific health care (Z40-Z53),Z52
C2910784,Z40-Z53,Encounters for other specific health care (Z40-Z53),Z53
C0478589,Z55-Z65,Persons with potential health hazards related to socioeconomic and psychosocial circumstances (Z55-Z65),Z55
C0478589,Z55-Z65,Persons with potential health hazards related to socioeconomic and psychosocial circumstances (Z55-Z65),Z56
C0478589,Z55-Z65,Persons with potential health hazards related to socioeconomic and psychosocial circumstances (Z55-Z65),Z57
C0478589,Z55-Z65,Persons with potential health hazards related to socioeconomic and psychosocial circumstances (Z55-Z65),Z58
C0478589,Z55-Z65,Persons with potential health hazards related to socioeconomic and psychosocial circumstances (Z55-Z65),Z59
C0478589,Z55-Z65,Persons with potential health hazards related to socioeconomic and psychosocial circumstances (Z55-Z65),Z60
C0478589,Z55-Z65,Persons with potential health hazards related to socioeconomic and psychosocial circumstances (Z55-Z65),Z61
C0478589,Z55-Z65,Persons with potential health hazards related to socioeconomic and psychosocial circumstances (Z55-Z65),Z62
C0478589,Z55-Z65,Persons with potential health hazards related to socioeconomic and psychosocial circumstances (Z55-Z65),Z63
C0478589,Z55-Z65,Persons with potential health hazards related to socioeconomic and psychosocial circumstances (Z55-Z65),Z64
C0478589,Z55-Z65,Persons with potential health hazards related to socioeconomic and psychosocial circumstances (Z55-Z65),Z65
C0582114,Z66-Z66,Do not resuscitate status (Z66),Z66
C2911644,Z67-Z67,Blood type (Z67),Z67
C2240399,Z68-Z68,Body mass index [BMI] (Z68),Z68
C0178343,Z69-Z76,Persons encountering health services in other circumstances (Z69-Z76),Z69
C0178343,Z69-Z76,Persons encountering health services in other circumstances (Z69-Z76),Z70
C0178343,Z69-Z76,Persons encountering health services in other circumstances (Z69-Z76),Z71
C0178343,Z69-Z76,Persons encountering health services in other circumstances (Z69-Z76),Z72
C0178343,Z69-Z76,Persons encountering health services in other circumstances (Z69-Z76),Z73
C0178343,Z69-Z76,Persons encountering health services in other circumstances (Z69-Z76),Z74
C0178343,Z69-Z76,Persons encountering health services in other circumstances (Z69-Z76),Z75
C0178343,Z69-Z76,Persons encountering health services in other circumstances (Z69-Z76),Z76
C0478618,Z77-Z99,Persons with potential health hazards related to family and personal history and certain conditions influencing health status (Z77-Z99),Z77
C0478618,Z77-Z99,Persons with potential health hazards related to family and personal history and certain conditions influencing health status (Z77-Z99),Z78
C0478618,Z77-Z99,Persons with potential health hazards related to family and personal history and certain conditions influencing health status (Z77-Z99),Z79
C0478618,Z77-Z99,Persons with potential health hazards related to family and personal history and certain conditions influencing health status (Z77-Z99),Z80
C0478618,Z77-Z99,Persons with potential health hazards related to family and personal history and certain conditions influencing health status (Z77-Z99),Z81
C0478618,Z77-Z99,Persons with potential health hazards related to family and personal history and certain conditions influencing health status (Z77-Z99),Z82
C0478618,Z77-Z99,Persons with potential health hazards related to family and personal history and certain conditions influencing health status (Z77-Z99),Z83
C0478618,Z77-Z99,Persons with potential health hazards related to family and personal history and certain conditions influencing health status (Z77-Z99),Z84
C0478618,Z77-Z99,Persons with potential health hazards related to family and personal history and certain conditions influencing health status (Z77-Z99),Z85
C0478618,Z77-Z99,Persons with potential health hazards related to family and personal history and certain conditions influencing health status (Z77-Z99),Z86
C0478618,Z77-Z99,Persons with potential health hazards related to family and personal history and certain conditions influencing health status (Z77-Z99),Z87
C0478618,Z77-Z99,Persons with potential health hazards related to family and personal history and certain conditions influencing health status (Z77-Z99),Z88
C0478618,Z77-Z99,Persons with potential health hazards related to family and personal history and certain conditions influencing health status (Z77-Z99),Z89
C0478618,Z77-Z99,Persons with potential health hazards related to family and personal history and certain conditions influencing health status (Z77-Z99),Z90
C0478618,Z77-Z99,Persons with potential health hazards related to family and personal history and certain conditions influencing health status (Z77-Z99),Z91
C0478618,Z77-Z99,Persons with potential health hazards related to family and personal history and certain conditions influencing health status (Z77-Z99),Z92
C0478618,Z77-Z99,Persons with potential health hazards related to family and personal history and certain conditions influencing health status (Z77-Z99),Z93
C0478618,Z77-Z99,Persons with potential health hazards related to family and personal history and certain conditions influencing health status (Z77-Z99),Z94
C0478618,Z77-Z99,Persons with potential health hazards related to family and personal history and certain conditions influencing health status (Z77-Z99),Z95
C0478618,Z77-Z99,Persons with potential health hazards related to family and personal history and certain conditions influencing health status (Z77-Z99),Z96
C0478618,Z77-Z99,Persons with potential health hazards related to family and personal history and certain conditions influencing health status (Z77-Z99),Z97
C0478618,Z77-Z99,Persons with potential health hazards related to family and personal history and certain conditions influencing health status (Z77-Z99),Z98
C0478618,Z77-Z99,Persons with potential health hazards related to family and personal history and certain conditions influencing health status (Z77-Z99),Z99
