code,code_type,description,concept_id,code_class
A00.0,ICD10CM,"Cholera due to Vibrio cholerae 01, biovar cholerae",35205396,id
I21.21,ICD10CM,ST elevation (STEMI) myocardial infarction involving left circumflex coronary artery,45572080,mi
I22.0,ICD10CM,Subsequent ST elevation (STEMI) myocardial infarction of anterior wall,35207686,mi
I22.9,ICD10CM,Subsequent ST elevation (STEMI) myocardial infarction of unspecified site,35207689,mi
I22.1,ICD10CM,Subsequent ST elevation (STEMI) myocardial infarction of inferior wall,35207687,mi
I21.A1,ICD10CM,Myocardial infarction type 2,1326590,mi
I21.02,ICD10CM,ST elevation (STEMI) myocardial infarction involving left anterior descending coronary artery,45572079,mi
I21.19,ICD10CM,ST elevation (STEMI) myocardial infarction involving other coronary artery of inferior wall,45605779,mi
I21.29,ICD10CM,ST elevation (STEMI) myocardial infarction involving other sites,45557536,mi
I25.2,ICD10CM,Old myocardial infarction,35207702,mi
I21.4,ICD10CM,Non-ST elevation (NSTEMI) myocardial infarction,35207685,mi
I22.8,ICD10CM,Subsequent ST elevation (STEMI) myocardial infarction of other sites,35207688,mi
I21.9,ICD10CM,"Acute myocardial infarction, unspecified",1326588,mi
I21.09,ICD10CM,ST elevation (STEMI) myocardial infarction involving other coronary artery of anterior wall,45576865,mi
I22.2,ICD10CM,Subsequent non-ST elevation (NSTEMI) myocardial infarction,45605781,mi
I21.A9,ICD10CM,Other myocardial infarction type,1326591,mi
I21.01,ICD10CM,ST elevation (STEMI) myocardial infarction involving left main coronary artery,45562340,mi
I21.11,ICD10CM,ST elevation (STEMI) myocardial infarction involving right coronary artery,45533436,mi
I21.3,ICD10CM,ST elevation (STEMI) myocardial infarction of unspecified site,35207684,mi
P29.0,ICD10CM,Neonatal cardiac failure,35210517,chf
I11.0,ICD10CM,Hypertensive heart disease with heart failure,35207669,chf
I50.40,ICD10CM,Unspecified combined systolic (congestive) and diastolic (congestive) heart failure,45533457,chf
I50.43,ICD10CM,Acute on chronic combined systolic (congestive) and diastolic (congestive) heart failure,45567181,chf
I50.812,ICD10CM,Chronic right heart failure,1326603,chf
I42.0,ICD10CM,Dilated cardiomyopathy,35207755,chf
I50.811,ICD10CM,Acute right heart failure,1326602,chf
I50.23,ICD10CM,Acute on chronic systolic (congestive) heart failure,45567180,chf
I50.41,ICD10CM,Acute combined systolic (congestive) and diastolic (congestive) heart failure,45591469,chf
I50.810,ICD10CM,"Right heart failure, unspecified",1326601,chf
I42.8,ICD10CM,Other cardiomyopathies,35207763,chf
I42.9,ICD10CM,"Cardiomyopathy, unspecified",35207764,chf
I50.20,ICD10CM,Unspecified systolic (congestive) heart failure,45586587,chf
I50.30,ICD10CM,Unspecified diastolic (congestive) heart failure,45601038,chf
I42.7,ICD10CM,Cardiomyopathy due to drug and external agent,35207762,chf
I50.813,ICD10CM,Acute on chronic right heart failure,1326604,chf
I42.5,ICD10CM,Other restrictive cardiomyopathy,35207760,chf
I50.32,ICD10CM,Chronic diastolic (congestive) heart failure,45533456,chf
I42.6,ICD10CM,Alcoholic cardiomyopathy,35207761,chf
I50.84,ICD10CM,End stage heart failure,1326608,chf
I50.33,ICD10CM,Acute on chronic diastolic (congestive) heart failure,45562355,chf
I50.42,ICD10CM,Chronic combined systolic (congestive) and diastolic (congestive) heart failure,45586588,chf
I50.814,ICD10CM,Right heart failure due to left heart failure,1326605,chf
I50.83,ICD10CM,High output heart failure,1326607,chf
I50.22,ICD10CM,Chronic systolic (congestive) heart failure,45576878,chf
I13.0,ICD10CM,"Hypertensive heart and chronic kidney disease with heart failure and stage 1 through stage 4 chronic kidney disease, or unspecified chronic kidney disease",35207673,chf
I50.21,ICD10CM,Acute systolic (congestive) heart failure,45543182,chf
I50.89,ICD10CM,Other heart failure,1326609,chf
I50.9,ICD10CM,"Heart failure, unspecified",35207793,chf
I09.9,ICD10CM,"Rheumatic heart disease, unspecified",35207667,chf
I25.5,ICD10CM,Ischemic cardiomyopathy,35207704,chf
I50.82,ICD10CM,Biventricular heart failure,1326606,chf
I43,ICD10CM,Cardiomyopathy in diseases classified elsewhere,35207765,chf
I50.31,ICD10CM,Acute diastolic (congestive) heart failure,45548022,chf
I13.2,ICD10CM,"Hypertensive heart and chronic kidney disease with heart failure and with stage 5 chronic kidney disease, or end stage renal disease",35207674,chf
I50.1,ICD10CM,"Left ventricular failure, unspecified",35207792,chf
I70.91,ICD10CM,Generalized atherosclerosis,45601080,pvd
I70.208,ICD10CM,"Unspecified atherosclerosis of native arteries of extremities, other extremity",45591494,pvd
I70.263,ICD10CM,"Atherosclerosis of native arteries of extremities with gangrene, bilateral legs",45552823,pvd
I70.308,ICD10CM,"Unspecified atherosclerosis of unspecified type of bypass graft(s) of the extremities, other extremity",45552827,pvd
I70.321,ICD10CM,"Atherosclerosis of unspecified type of bypass graft(s) of the extremities with rest pain, right leg",45576903,pvd
I70.342,ICD10CM,Atherosclerosis of unspecified type of bypass graft(s) of the left leg with ulceration of calf,45538423,pvd
I70.393,ICD10CM,"Other atherosclerosis of unspecified type of bypass graft(s) of the extremities, bilateral legs",45601068,pvd
I70.398,ICD10CM,"Other atherosclerosis of unspecified type of bypass graft(s) of the extremities, other extremity",45591499,pvd
I70.419,ICD10CM,"Atherosclerosis of autologous vein bypass graft(s) of the extremities with intermittent claudication, unspecified extremity",45601069,pvd
I70.422,ICD10CM,"Atherosclerosis of autologous vein bypass graft(s) of the extremities with rest pain, left leg",45562395,pvd
I70.428,ICD10CM,"Atherosclerosis of autologous vein bypass graft(s) of the extremities with rest pain, other extremity",45576908,pvd
I70.435,ICD10CM,Atherosclerosis of autologous vein bypass graft(s) of the right leg with ulceration of other part of foot,45576909,pvd
I70.45,ICD10CM,Atherosclerosis of autologous vein bypass graft(s) of other extremity with ulceration,45572123,pvd
I70.463,ICD10CM,"Atherosclerosis of autologous vein bypass graft(s) of the extremities with gangrene, bilateral legs",45601071,pvd
I70.468,ICD10CM,"Atherosclerosis of autologous vein bypass graft(s) of the extremities with gangrene, other extremity",45581803,pvd
I70.491,ICD10CM,"Other atherosclerosis of autologous vein bypass graft(s) of the extremities, right leg",45605838,pvd
I70.499,ICD10CM,"Other atherosclerosis of autologous vein bypass graft(s) of the extremities, unspecified extremity",45605839,pvd
I70.503,ICD10CM,"Unspecified atherosclerosis of nonautologous biological bypass graft(s) of the extremities, bilateral legs",45557579,pvd
I70.519,ICD10CM,"Atherosclerosis of nonautologous biological bypass graft(s) of the extremities with intermittent claudication, unspecified extremity",45543211,pvd
I70.522,ICD10CM,"Atherosclerosis of nonautologous biological bypass graft(s) of the extremities with rest pain, left leg",45601073,pvd
I70.528,ICD10CM,"Atherosclerosis of nonautologous biological bypass graft(s) of the extremities with rest pain, other extremity",45552834,pvd
I70.542,ICD10CM,Atherosclerosis of nonautologous biological bypass graft(s) of the left leg with ulceration of calf,45548067,pvd
I70.544,ICD10CM,Atherosclerosis of nonautologous biological bypass graft(s) of the left leg with ulceration of heel and midfoot,45591502,pvd
I70.632,ICD10CM,Atherosclerosis of nonbiological bypass graft(s) of the right leg with ulceration of calf,45596242,pvd
I70.709,ICD10CM,"Unspecified atherosclerosis of other type of bypass graft(s) of the extremities, unspecified extremity",45605841,pvd
I70.718,ICD10CM,"Atherosclerosis of other type of bypass graft(s) of the extremities with intermittent claudication, other extremity",45538434,pvd
I70.721,ICD10CM,"Atherosclerosis of other type of bypass graft(s) of the extremities with rest pain, right leg",45605842,pvd
I70.734,ICD10CM,Atherosclerosis of other type of bypass graft(s) of the right leg with ulceration of heel and midfoot,45601078,pvd
I70.741,ICD10CM,Atherosclerosis of other type of bypass graft(s) of the left leg with ulceration of thigh,45548073,pvd
I70.769,ICD10CM,"Atherosclerosis of other type of bypass graft(s) of the extremities with gangrene, unspecified extremity",45543215,pvd
Z95.810,ICD10CM,Presence of automatic (implantable) cardiac defibrillator,45576217,pvd
I71.2,ICD10CM,"Thoracic aortic aneurysm, without rupture",35207845,pvd
I70.238,ICD10CM,Atherosclerosis of native arteries of right leg with ulceration of other part of lower leg,45548058,pvd
I70.248,ICD10CM,Atherosclerosis of native arteries of left leg with ulceration of other part of lower leg,45601065,pvd
K55.8,ICD10CM,Other vascular disorders of intestine,35208277,pvd
K55.1,ICD10CM,Chronic vascular disorders of intestine,35208276,pvd
I70.222,ICD10CM,"Atherosclerosis of native arteries of extremities with rest pain, left leg",45596233,pvd
I70.239,ICD10CM,Atherosclerosis of native arteries of right leg with ulceration of unspecified site,45596235,pvd
I70.245,ICD10CM,Atherosclerosis of native arteries of left leg with ulceration of other part of foot,45548060,pvd
I70.309,ICD10CM,"Unspecified atherosclerosis of unspecified type of bypass graft(s) of the extremities, unspecified extremity",45562388,pvd
I70.318,ICD10CM,"Atherosclerosis of unspecified type of bypass graft(s) of the extremities with intermittent claudication, other extremity",45591497,pvd
I70.323,ICD10CM,"Atherosclerosis of unspecified type of bypass graft(s) of the extremities with rest pain, bilateral legs",45567211,pvd
I70.349,ICD10CM,Atherosclerosis of unspecified type of bypass graft(s) of the left leg with ulceration of unspecified site,45562391,pvd
I70.362,ICD10CM,"Atherosclerosis of unspecified type of bypass graft(s) of the extremities with gangrene, left leg",45572119,pvd
I70.391,ICD10CM,"Other atherosclerosis of unspecified type of bypass graft(s) of the extremities, right leg",45567213,pvd
I70.401,ICD10CM,"Unspecified atherosclerosis of autologous vein bypass graft(s) of the extremities, right leg",45576905,pvd
I70.408,ICD10CM,"Unspecified atherosclerosis of autologous vein bypass graft(s) of the extremities, other extremity",45562394,pvd
I70.443,ICD10CM,Atherosclerosis of autologous vein bypass graft(s) of the left leg with ulceration of ankle,45605836,pvd
I70.445,ICD10CM,Atherosclerosis of autologous vein bypass graft(s) of the left leg with ulceration of other part of foot,45596239,pvd
I70.513,ICD10CM,"Atherosclerosis of nonautologous biological bypass graft(s) of the extremities with intermittent claudication, bilateral legs",45533488,pvd
I70.548,ICD10CM,Atherosclerosis of nonautologous biological bypass graft(s) of the left leg with ulceration of other part of lower leg,45572125,pvd
I70.549,ICD10CM,Atherosclerosis of nonautologous biological bypass graft(s) of the left leg with ulceration of unspecified site,45562397,pvd
I70.562,ICD10CM,"Atherosclerosis of nonautologous biological bypass graft(s) of the extremities with gangrene, left leg",45581805,pvd
I70.569,ICD10CM,"Atherosclerosis of nonautologous biological bypass graft(s) of the extremities with gangrene, unspecified extremity",45601076,pvd
I70.592,ICD10CM,"Other atherosclerosis of nonautologous biological bypass graft(s) of the extremities, left leg",45533490,pvd
I70.593,ICD10CM,"Other atherosclerosis of nonautologous biological bypass graft(s) of the extremities, bilateral legs",45596240,pvd
I70.598,ICD10CM,"Other atherosclerosis of nonautologous biological bypass graft(s) of the extremities, other extremity",45557583,pvd
I70.602,ICD10CM,"Unspecified atherosclerosis of nonbiological bypass graft(s) of the extremities, left leg",45552836,pvd
I70.619,ICD10CM,"Atherosclerosis of nonbiological bypass graft(s) of the extremities with intermittent claudication, unspecified extremity",45538429,pvd
I70.631,ICD10CM,Atherosclerosis of nonbiological bypass graft(s) of the right leg with ulceration of thigh,45538430,pvd
I70.634,ICD10CM,Atherosclerosis of nonbiological bypass graft(s) of the right leg with ulceration of heel and midfoot,45562399,pvd
I70.635,ICD10CM,Atherosclerosis of nonbiological bypass graft(s) of the right leg with ulceration of other part of foot,45538431,pvd
I70.638,ICD10CM,Atherosclerosis of nonbiological bypass graft(s) of the right leg with ulceration of other part of lower leg,45543213,pvd
I70.649,ICD10CM,Atherosclerosis of nonbiological bypass graft(s) of the left leg with ulceration of unspecified site,45591507,pvd
I70.662,ICD10CM,"Atherosclerosis of nonbiological bypass graft(s) of the extremities with gangrene, left leg",45543214,pvd
I70.711,ICD10CM,"Atherosclerosis of other type of bypass graft(s) of the extremities with intermittent claudication, right leg",45596244,pvd
I70.712,ICD10CM,"Atherosclerosis of other type of bypass graft(s) of the extremities with intermittent claudication, left leg",45538433,pvd
I70.713,ICD10CM,"Atherosclerosis of other type of bypass graft(s) of the extremities with intermittent claudication, bilateral legs",45557588,pvd
I70.722,ICD10CM,"Atherosclerosis of other type of bypass graft(s) of the extremities with rest pain, left leg",45586619,pvd
I70.732,ICD10CM,Atherosclerosis of other type of bypass graft(s) of the right leg with ulceration of calf,45552841,pvd
I70.763,ICD10CM,"Atherosclerosis of other type of bypass graft(s) of the extremities with gangrene, bilateral legs",45596246,pvd
I70.219,ICD10CM,"Atherosclerosis of native arteries of extremities with intermittent claudication, unspecified extremity",45605830,pvd
I70.221,ICD10CM,"Atherosclerosis of native arteries of extremities with rest pain, right leg",45572117,pvd
I70.228,ICD10CM,"Atherosclerosis of native arteries of extremities with rest pain, other extremity",45581798,pvd
I70.229,ICD10CM,"Atherosclerosis of native arteries of extremities with rest pain, unspecified extremity",45548056,pvd
I70.291,ICD10CM,"Other atherosclerosis of native arteries of extremities, right leg",45533483,pvd
I70.299,ICD10CM,"Other atherosclerosis of native arteries of extremities, unspecified extremity",45605833,pvd
I70.313,ICD10CM,"Atherosclerosis of unspecified type of bypass graft(s) of the extremities with intermittent claudication, bilateral legs",45557572,pvd
I70.329,ICD10CM,"Atherosclerosis of unspecified type of bypass graft(s) of the extremities with rest pain, unspecified extremity",45601067,pvd
I70.341,ICD10CM,Atherosclerosis of unspecified type of bypass graft(s) of the left leg with ulceration of thigh,45562389,pvd
I70.409,ICD10CM,"Unspecified atherosclerosis of autologous vein bypass graft(s) of the extremities, unspecified extremity",45538425,pvd
I70.412,ICD10CM,"Atherosclerosis of autologous vein bypass graft(s) of the extremities with intermittent claudication, left leg",45586614,pvd
I70.413,ICD10CM,"Atherosclerosis of autologous vein bypass graft(s) of the extremities with intermittent claudication, bilateral legs",45572121,pvd
I70.421,ICD10CM,"Atherosclerosis of autologous vein bypass graft(s) of the extremities with rest pain, right leg",45576907,pvd
I70.438,ICD10CM,Atherosclerosis of autologous vein bypass graft(s) of the right leg with ulceration of other part of lower leg,45557577,pvd
I70.502,ICD10CM,"Unspecified atherosclerosis of nonautologous biological bypass graft(s) of the extremities, left leg",45557578,pvd
I70.523,ICD10CM,"Atherosclerosis of nonautologous biological bypass graft(s) of the extremities with rest pain, bilateral legs",45586616,pvd
I70.529,ICD10CM,"Atherosclerosis of nonautologous biological bypass graft(s) of the extremities with rest pain, unspecified extremity",45543212,pvd
I70.531,ICD10CM,Atherosclerosis of nonautologous biological bypass graft(s) of the right leg with ulceration of thigh,45557580,pvd
I70.532,ICD10CM,Atherosclerosis of nonautologous biological bypass graft(s) of the right leg with ulceration of calf,45601074,pvd
I70.599,ICD10CM,"Other atherosclerosis of nonautologous biological bypass graft(s) of the extremities, unspecified extremity",45548069,pvd
I70.613,ICD10CM,"Atherosclerosis of nonbiological bypass graft(s) of the extremities with intermittent claudication, bilateral legs",45572126,pvd
I70.719,ICD10CM,"Atherosclerosis of other type of bypass graft(s) of the extremities with intermittent claudication, unspecified extremity",45538435,pvd
I70.729,ICD10CM,"Atherosclerosis of other type of bypass graft(s) of the extremities with rest pain, unspecified extremity",45581806,pvd
I70.799,ICD10CM,"Other atherosclerosis of other type of bypass graft(s) of the extremities, unspecified extremity",45601079,pvd
Z95.812,ICD10CM,Presence of fully implantable artificial heart,45576218,pvd
Z95.828,ICD10CM,Presence of other vascular implants and grafts,45576220,pvd
I73.81,ICD10CM,Erythromelalgia,45538444,pvd
I77.1,ICD10CM,Stricture of artery,35207869,pvd
I73.9,ICD10CM,"Peripheral vascular disease, unspecified",35207860,pvd
Z95.9,ICD10CM,"Presence of cardiac and vascular implant and graft, unspecified",35225419,pvd
I70.231,ICD10CM,Atherosclerosis of native arteries of right leg with ulceration of thigh,45591495,pvd
I70.242,ICD10CM,Atherosclerosis of native arteries of left leg with ulceration of calf,45581800,pvd
I70.249,ICD10CM,Atherosclerosis of native arteries of left leg with ulceration of unspecified site,45567209,pvd
I70.262,ICD10CM,"Atherosclerosis of native arteries of extremities with gangrene, left leg",45605832,pvd
I70.269,ICD10CM,"Atherosclerosis of native arteries of extremities with gangrene, unspecified extremity",45552824,pvd
I70.303,ICD10CM,"Unspecified atherosclerosis of unspecified type of bypass graft(s) of the extremities, bilateral legs",45601066,pvd
I70.331,ICD10CM,Atherosclerosis of unspecified type of bypass graft(s) of the right leg with ulceration of thigh,45557573,pvd
I70.333,ICD10CM,Atherosclerosis of unspecified type of bypass graft(s) of the right leg with ulceration of ankle,45586613,pvd
I70.335,ICD10CM,Atherosclerosis of unspecified type of bypass graft(s) of the right leg with ulceration of other part of foot,45591498,pvd
I70.338,ICD10CM,Atherosclerosis of unspecified type of bypass graft(s) of the right leg with ulceration of other part of lower leg,45548063,pvd
I70.343,ICD10CM,Atherosclerosis of unspecified type of bypass graft(s) of the left leg with ulceration of ankle,45557574,pvd
I70.344,ICD10CM,Atherosclerosis of unspecified type of bypass graft(s) of the left leg with ulceration of heel and midfoot,45552829,pvd
I70.361,ICD10CM,"Atherosclerosis of unspecified type of bypass graft(s) of the extremities with gangrene, right leg",45533484,pvd
I70.369,ICD10CM,"Atherosclerosis of unspecified type of bypass graft(s) of the extremities with gangrene, unspecified extremity",45572120,pvd
I70.392,ICD10CM,"Other atherosclerosis of unspecified type of bypass graft(s) of the extremities, left leg",45562392,pvd
I70.411,ICD10CM,"Atherosclerosis of autologous vein bypass graft(s) of the extremities with intermittent claudication, right leg",45576906,pvd
I70.423,ICD10CM,"Atherosclerosis of autologous vein bypass graft(s) of the extremities with rest pain, bilateral legs",45562396,pvd
I70.439,ICD10CM,Atherosclerosis of autologous vein bypass graft(s) of the right leg with ulceration of unspecified site,45591500,pvd
I70.448,ICD10CM,Atherosclerosis of autologous vein bypass graft(s) of the left leg with ulceration of other part of lower leg,45548065,pvd
I70.461,ICD10CM,"Atherosclerosis of autologous vein bypass graft(s) of the extremities with gangrene, right leg",45567216,pvd
I70.501,ICD10CM,"Unspecified atherosclerosis of nonautologous biological bypass graft(s) of the extremities, right leg",45552831,pvd
I70.533,ICD10CM,Atherosclerosis of nonautologous biological bypass graft(s) of the right leg with ulceration of ankle,45548066,pvd
I70.563,ICD10CM,"Atherosclerosis of nonautologous biological bypass graft(s) of the extremities with gangrene, bilateral legs",45533489,pvd
I70.618,ICD10CM,"Atherosclerosis of nonbiological bypass graft(s) of the extremities with intermittent claudication, other extremity",45548070,pvd
I70.621,ICD10CM,"Atherosclerosis of nonbiological bypass graft(s) of the extremities with rest pain, right leg",45533492,pvd
I70.661,ICD10CM,"Atherosclerosis of nonbiological bypass graft(s) of the extremities with gangrene, right leg",45567218,pvd
I70.668,ICD10CM,"Atherosclerosis of nonbiological bypass graft(s) of the extremities with gangrene, other extremity",45586618,pvd
I70.669,ICD10CM,"Atherosclerosis of nonbiological bypass graft(s) of the extremities with gangrene, unspecified extremity",45538432,pvd
I70.691,ICD10CM,"Other atherosclerosis of nonbiological bypass graft(s) of the extremities, right leg",45567219,pvd
I70.703,ICD10CM,"Unspecified atherosclerosis of other type of bypass graft(s) of the extremities, bilateral legs",45548072,pvd
I70.731,ICD10CM,Atherosclerosis of other type of bypass graft(s) of the right leg with ulceration of thigh,45552840,pvd
I70.733,ICD10CM,Atherosclerosis of other type of bypass graft(s) of the right leg with ulceration of ankle,45533494,pvd
I70.739,ICD10CM,Atherosclerosis of other type of bypass graft(s) of the right leg with ulceration of unspecified site,45552842,pvd
I70.743,ICD10CM,Atherosclerosis of other type of bypass graft(s) of the left leg with ulceration of ankle,45586621,pvd
I70.761,ICD10CM,"Atherosclerosis of other type of bypass graft(s) of the extremities with gangrene, right leg",45548076,pvd
I70.762,ICD10CM,"Atherosclerosis of other type of bypass graft(s) of the extremities with gangrene, left leg",45538437,pvd
I70.793,ICD10CM,"Other atherosclerosis of other type of bypass graft(s) of the extremities, bilateral legs",45538438,pvd
I70.90,ICD10CM,Unspecified atherosclerosis,45581810,pvd
Z95.818,ICD10CM,Presence of other cardiac implants and grafts,45576219,pvd
Z95.820,ICD10CM,Peripheral vascular angioplasty status with implants and grafts,45605178,pvd
I73.89,ICD10CM,Other specified peripheral vascular diseases,45567223,pvd
K55.9,ICD10CM,"Vascular disorder of intestine, unspecified",35208278,pvd
I70.201,ICD10CM,"Unspecified atherosclerosis of native arteries of extremities, right leg",45557568,pvd
I70.211,ICD10CM,"Atherosclerosis of native arteries of extremities with intermittent claudication, right leg",45605828,pvd
I70.232,ICD10CM,Atherosclerosis of native arteries of right leg with ulceration of calf,45591496,pvd
I70.241,ICD10CM,Atherosclerosis of native arteries of left leg with ulceration of thigh,45581799,pvd
I70.25,ICD10CM,Atherosclerosis of native arteries of other extremities with ulceration,45548061,pvd
I70.261,ICD10CM,"Atherosclerosis of native arteries of extremities with gangrene, right leg",45538422,pvd
I70.302,ICD10CM,"Unspecified atherosclerosis of unspecified type of bypass graft(s) of the extremities, left leg",45562387,pvd
I70.319,ICD10CM,"Atherosclerosis of unspecified type of bypass graft(s) of the extremities with intermittent claudication, unspecified extremity",45572118,pvd
I70.334,ICD10CM,Atherosclerosis of unspecified type of bypass graft(s) of the right leg with ulceration of heel and midfoot,45548062,pvd
I70.345,ICD10CM,Atherosclerosis of unspecified type of bypass graft(s) of the left leg with ulceration of other part of foot,45557575,pvd
I70.348,ICD10CM,Atherosclerosis of unspecified type of bypass graft(s) of the left leg with ulceration of other part of lower leg,45562390,pvd
I70.363,ICD10CM,"Atherosclerosis of unspecified type of bypass graft(s) of the extremities with gangrene, bilateral legs",45533485,pvd
I70.442,ICD10CM,Atherosclerosis of autologous vein bypass graft(s) of the left leg with ulceration of calf,45572122,pvd
I70.449,ICD10CM,Atherosclerosis of autologous vein bypass graft(s) of the left leg with ulceration of unspecified site,45605837,pvd
I70.462,ICD10CM,"Atherosclerosis of autologous vein bypass graft(s) of the extremities with gangrene, left leg",45591501,pvd
I70.508,ICD10CM,"Unspecified atherosclerosis of nonautologous biological bypass graft(s) of the extremities, other extremity",45552832,pvd
I70.534,ICD10CM,Atherosclerosis of nonautologous biological bypass graft(s) of the right leg with ulceration of heel and midfoot,45552835,pvd
I70.541,ICD10CM,Atherosclerosis of nonautologous biological bypass graft(s) of the left leg with ulceration of thigh,45581804,pvd
I70.543,ICD10CM,Atherosclerosis of nonautologous biological bypass graft(s) of the left leg with ulceration of ankle,45538428,pvd
I70.568,ICD10CM,"Atherosclerosis of nonautologous biological bypass graft(s) of the extremities with gangrene, other extremity",45557582,pvd
I70.591,ICD10CM,"Other atherosclerosis of nonautologous biological bypass graft(s) of the extremities, right leg",45591503,pvd
I70.601,ICD10CM,"Unspecified atherosclerosis of nonbiological bypass graft(s) of the extremities, right leg",45533491,pvd
I70.612,ICD10CM,"Atherosclerosis of nonbiological bypass graft(s) of the extremities with intermittent claudication, left leg",45557584,pvd
I70.628,ICD10CM,"Atherosclerosis of nonbiological bypass graft(s) of the extremities with rest pain, other extremity",45557587,pvd
I70.641,ICD10CM,Atherosclerosis of nonbiological bypass graft(s) of the left leg with ulceration of thigh,45576913,pvd
I70.701,ICD10CM,"Unspecified atherosclerosis of other type of bypass graft(s) of the extremities, right leg",45605840,pvd
I70.702,ICD10CM,"Unspecified atherosclerosis of other type of bypass graft(s) of the extremities, left leg",45552839,pvd
I70.745,ICD10CM,Atherosclerosis of other type of bypass graft(s) of the left leg with ulceration of other part of foot,45586622,pvd
I70.768,ICD10CM,"Atherosclerosis of other type of bypass graft(s) of the extremities with gangrene, other extremity",45576915,pvd
I71.4,ICD10CM,"Abdominal aortic aneurysm, without rupture",35207847,pvd
I71.00,ICD10CM,Dissection of unspecified site of aorta,45581811,pvd
I71.5,ICD10CM,"Thoracoabdominal aortic aneurysm, ruptured",35207848,pvd
I70.202,ICD10CM,"Unspecified atherosclerosis of native arteries of extremities, left leg",45572116,pvd
I70.233,ICD10CM,Atherosclerosis of native arteries of right leg with ulceration of ankle,45548057,pvd
I70.234,ICD10CM,Atherosclerosis of native arteries of right leg with ulceration of heel and midfoot,45557569,pvd
I70.235,ICD10CM,Atherosclerosis of native arteries of right leg with ulceration of other part of foot,45605831,pvd
I70.292,ICD10CM,"Other atherosclerosis of native arteries of extremities, left leg",45557570,pvd
I70.311,ICD10CM,"Atherosclerosis of unspecified type of bypass graft(s) of the extremities with intermittent claudication, right leg",45581801,pvd
I70.328,ICD10CM,"Atherosclerosis of unspecified type of bypass graft(s) of the extremities with rest pain, other extremity",45552828,pvd
I70.332,ICD10CM,Atherosclerosis of unspecified type of bypass graft(s) of the right leg with ulceration of calf,45596237,pvd
I70.339,ICD10CM,Atherosclerosis of unspecified type of bypass graft(s) of the right leg with ulceration of unspecified site,45567212,pvd
I70.418,ICD10CM,"Atherosclerosis of autologous vein bypass graft(s) of the extremities with intermittent claudication, other extremity",45605835,pvd
I70.432,ICD10CM,Atherosclerosis of autologous vein bypass graft(s) of the right leg with ulceration of calf,45586615,pvd
I70.444,ICD10CM,Atherosclerosis of autologous vein bypass graft(s) of the left leg with ulceration of heel and midfoot,45538426,pvd
I70.539,ICD10CM,Atherosclerosis of nonautologous biological bypass graft(s) of the right leg with ulceration of unspecified site,45576910,pvd
I70.629,ICD10CM,"Atherosclerosis of nonbiological bypass graft(s) of the extremities with rest pain, unspecified extremity",45562398,pvd
I70.642,ICD10CM,Atherosclerosis of nonbiological bypass graft(s) of the left leg with ulceration of calf,45562400,pvd
I70.692,ICD10CM,"Other atherosclerosis of nonbiological bypass graft(s) of the extremities, left leg",45591509,pvd
I70.698,ICD10CM,"Other atherosclerosis of nonbiological bypass graft(s) of the extremities, other extremity",45552838,pvd
I70.699,ICD10CM,"Other atherosclerosis of nonbiological bypass graft(s) of the extremities, unspecified extremity",45591510,pvd
I70.1,ICD10CM,Atherosclerosis of renal artery,35207842,pvd
I71.3,ICD10CM,"Abdominal aortic aneurysm, ruptured",35207846,pvd
I70.8,ICD10CM,Atherosclerosis of other arteries,35207843,pvd
I79.0,ICD10CM,Aneurysm of aorta in diseases classified elsewhere,35207881,pvd
I71.8,ICD10CM,"Aortic aneurysm of unspecified site, ruptured",35207850,pvd
I70.203,ICD10CM,"Unspecified atherosclerosis of native arteries of extremities, bilateral legs",45596232,pvd
I70.218,ICD10CM,"Atherosclerosis of native arteries of extremities with intermittent claudication, other extremity",45605829,pvd
I70.243,ICD10CM,Atherosclerosis of native arteries of left leg with ulceration of ankle,45562386,pvd
I70.244,ICD10CM,Atherosclerosis of native arteries of left leg with ulceration of heel and midfoot,45548059,pvd
I70.293,ICD10CM,"Other atherosclerosis of native arteries of extremities, bilateral legs",45552825,pvd
I70.312,ICD10CM,"Atherosclerosis of unspecified type of bypass graft(s) of the extremities with intermittent claudication, left leg",45557571,pvd
I70.368,ICD10CM,"Atherosclerosis of unspecified type of bypass graft(s) of the extremities with gangrene, other extremity",45538424,pvd
I70.399,ICD10CM,"Other atherosclerosis of unspecified type of bypass graft(s) of the extremities, unspecified extremity",45567214,pvd
I70.402,ICD10CM,"Unspecified atherosclerosis of autologous vein bypass graft(s) of the extremities, left leg",45562393,pvd
I70.403,ICD10CM,"Unspecified atherosclerosis of autologous vein bypass graft(s) of the extremities, bilateral legs",45605834,pvd
I70.429,ICD10CM,"Atherosclerosis of autologous vein bypass graft(s) of the extremities with rest pain, unspecified extremity",45581802,pvd
I70.441,ICD10CM,Atherosclerosis of autologous vein bypass graft(s) of the left leg with ulceration of thigh,45596238,pvd
I70.492,ICD10CM,"Other atherosclerosis of autologous vein bypass graft(s) of the extremities, left leg",45552830,pvd
I70.493,ICD10CM,"Other atherosclerosis of autologous vein bypass graft(s) of the extremities, bilateral legs",45601072,pvd
I70.509,ICD10CM,"Unspecified atherosclerosis of nonautologous biological bypass graft(s) of the extremities, unspecified extremity",45572124,pvd
I70.511,ICD10CM,"Atherosclerosis of nonautologous biological bypass graft(s) of the extremities with intermittent claudication, right leg",45538427,pvd
I70.512,ICD10CM,"Atherosclerosis of nonautologous biological bypass graft(s) of the extremities with intermittent claudication, left leg",45543209,pvd
I70.55,ICD10CM,Atherosclerosis of nonautologous biological bypass graft(s) of other extremity with ulceration,45601075,pvd
I70.561,ICD10CM,"Atherosclerosis of nonautologous biological bypass graft(s) of the extremities with gangrene, right leg",45576911,pvd
I70.608,ICD10CM,"Unspecified atherosclerosis of nonbiological bypass graft(s) of the extremities, other extremity",45576912,pvd
I70.609,ICD10CM,"Unspecified atherosclerosis of nonbiological bypass graft(s) of the extremities, unspecified extremity",45596241,pvd
I70.611,ICD10CM,"Atherosclerosis of nonbiological bypass graft(s) of the extremities with intermittent claudication, right leg",45586617,pvd
I70.622,ICD10CM,"Atherosclerosis of nonbiological bypass graft(s) of the extremities with rest pain, left leg",45557585,pvd
I70.633,ICD10CM,Atherosclerosis of nonbiological bypass graft(s) of the right leg with ulceration of ankle,45596243,pvd
I70.645,ICD10CM,Atherosclerosis of nonbiological bypass graft(s) of the left leg with ulceration of other part of foot,45548071,pvd
I70.663,ICD10CM,"Atherosclerosis of nonbiological bypass graft(s) of the extremities with gangrene, bilateral legs",45591508,pvd
I70.728,ICD10CM,"Atherosclerosis of other type of bypass graft(s) of the extremities with rest pain, other extremity",45538436,pvd
I70.735,ICD10CM,Atherosclerosis of other type of bypass graft(s) of the right leg with ulceration of other part of foot,45581807,pvd
I70.748,ICD10CM,Atherosclerosis of other type of bypass graft(s) of the left leg with ulceration of other part of lower leg,45581808,pvd
I70.791,ICD10CM,"Other atherosclerosis of other type of bypass graft(s) of the extremities, right leg",45586623,pvd
I70.798,ICD10CM,"Other atherosclerosis of other type of bypass graft(s) of the extremities, other extremity",45581809,pvd
I71.9,ICD10CM,"Aortic aneurysm of unspecified site, without rupture",35207851,pvd
Z95.811,ICD10CM,Presence of heart assist device,45595565,pvd
I71.01,ICD10CM,Dissection of thoracic aorta,45581812,pvd
I73.1,ICD10CM,Thromboangiitis obliterans [Buerger's disease],35207859,pvd
I70.0,ICD10CM,Atherosclerosis of aorta,35207841,pvd
I71.1,ICD10CM,"Thoracic aortic aneurysm, ruptured",35207844,pvd
I71.02,ICD10CM,Dissection of abdominal aorta,45572129,pvd
I71.03,ICD10CM,Dissection of thoracoabdominal aorta,45567221,pvd
I70.92,ICD10CM,Chronic total occlusion of artery of the extremities,45596247,pvd
I70.209,ICD10CM,"Unspecified atherosclerosis of native arteries of extremities, unspecified extremity",45567207,pvd
I70.212,ICD10CM,"Atherosclerosis of native arteries of extremities with intermittent claudication, left leg",45562385,pvd
I70.213,ICD10CM,"Atherosclerosis of native arteries of extremities with intermittent claudication, bilateral legs",45567208,pvd
I70.223,ICD10CM,"Atherosclerosis of native arteries of extremities with rest pain, bilateral legs",45596234,pvd
I70.268,ICD10CM,"Atherosclerosis of native arteries of extremities with gangrene, other extremity",45567210,pvd
I70.298,ICD10CM,"Other atherosclerosis of native arteries of extremities, other extremity",45552826,pvd
I70.301,ICD10CM,"Unspecified atherosclerosis of unspecified type of bypass graft(s) of the extremities, right leg",45596236,pvd
I70.322,ICD10CM,"Atherosclerosis of unspecified type of bypass graft(s) of the extremities with rest pain, left leg",45576904,pvd
I70.35,ICD10CM,Atherosclerosis of unspecified type of bypass graft(s) of other extremity with ulceration,45557576,pvd
I70.431,ICD10CM,Atherosclerosis of autologous vein bypass graft(s) of the right leg with ulceration of thigh,45567215,pvd
I70.433,ICD10CM,Atherosclerosis of autologous vein bypass graft(s) of the right leg with ulceration of ankle,45548064,pvd
I70.434,ICD10CM,Atherosclerosis of autologous vein bypass graft(s) of the right leg with ulceration of heel and midfoot,45601070,pvd
I70.469,ICD10CM,"Atherosclerosis of autologous vein bypass graft(s) of the extremities with gangrene, unspecified extremity",45533486,pvd
I70.498,ICD10CM,"Other atherosclerosis of autologous vein bypass graft(s) of the extremities, other extremity",45533487,pvd
I70.518,ICD10CM,"Atherosclerosis of nonautologous biological bypass graft(s) of the extremities with intermittent claudication, other extremity",45543210,pvd
I70.521,ICD10CM,"Atherosclerosis of nonautologous biological bypass graft(s) of the extremities with rest pain, right leg",45552833,pvd
I70.535,ICD10CM,Atherosclerosis of nonautologous biological bypass graft(s) of the right leg with ulceration of other part of foot,45557581,pvd
I70.538,ICD10CM,Atherosclerosis of nonautologous biological bypass graft(s) of the right leg with ulceration of other part of lower leg,45567217,pvd
I70.545,ICD10CM,Atherosclerosis of nonautologous biological bypass graft(s) of the left leg with ulceration of other part of foot,45548068,pvd
I70.603,ICD10CM,"Unspecified atherosclerosis of nonbiological bypass graft(s) of the extremities, bilateral legs",45591504,pvd
I70.623,ICD10CM,"Atherosclerosis of nonbiological bypass graft(s) of the extremities with rest pain, bilateral legs",45557586,pvd
I70.639,ICD10CM,Atherosclerosis of nonbiological bypass graft(s) of the right leg with ulceration of unspecified site,45591505,pvd
I70.643,ICD10CM,Atherosclerosis of nonbiological bypass graft(s) of the left leg with ulceration of ankle,45533493,pvd
I70.644,ICD10CM,Atherosclerosis of nonbiological bypass graft(s) of the left leg with ulceration of heel and midfoot,45591506,pvd
I70.648,ICD10CM,Atherosclerosis of nonbiological bypass graft(s) of the left leg with ulceration of other part of lower leg,45601077,pvd
I70.65,ICD10CM,Atherosclerosis of nonbiological bypass graft(s) of other extremity with ulceration,45552837,pvd
I70.693,ICD10CM,"Other atherosclerosis of nonbiological bypass graft(s) of the extremities, bilateral legs",45567220,pvd
I70.708,ICD10CM,"Unspecified atherosclerosis of other type of bypass graft(s) of the extremities, other extremity",45576914,pvd
I70.723,ICD10CM,"Atherosclerosis of other type of bypass graft(s) of the extremities with rest pain, bilateral legs",45586620,pvd
I70.738,ICD10CM,Atherosclerosis of other type of bypass graft(s) of the right leg with ulceration of other part of lower leg,45572127,pvd
I70.742,ICD10CM,Atherosclerosis of other type of bypass graft(s) of the left leg with ulceration of calf,45548074,pvd
I70.744,ICD10CM,Atherosclerosis of other type of bypass graft(s) of the left leg with ulceration of heel and midfoot,45557589,pvd
I70.749,ICD10CM,Atherosclerosis of other type of bypass graft(s) of the left leg with ulceration of unspecified site,45548075,pvd
I70.75,ICD10CM,Atherosclerosis of other type of bypass graft(s) of other extremity with ulceration,45596245,pvd
I70.792,ICD10CM,"Other atherosclerosis of other type of bypass graft(s) of the extremities, left leg",45552843,pvd
I71.6,ICD10CM,"Thoracoabdominal aortic aneurysm, without rupture",35207849,pvd
I67.1,ICD10CM,"Cerebral aneurysm, nonruptured",35207829,cevd
G45.4,ICD10CM,Transient global amnesia,35207397,cevd
I66.8,ICD10CM,Occlusion and stenosis of other cerebral arteries,35207826,cevd
I68.8,ICD10CM,Other cerebrovascular disorders in diseases classified elsewhere,35207840,cevd
I63.6,ICD10CM,"Cerebral infarction due to cerebral venous thrombosis, nonpyogenic",35207819,cevd
G45.2,ICD10CM,Multiple and bilateral precerebral artery syndromes,35207395,cevd
I67.3,ICD10CM,Progressive vascular leukoencephalopathy,35207831,cevd
I61.0,ICD10CM,"Nontraumatic intracerebral hemorrhage in hemisphere, subcortical",35207808,cevd
I61.4,ICD10CM,Nontraumatic intracerebral hemorrhage in cerebellum,35207812,cevd
I61.3,ICD10CM,Nontraumatic intracerebral hemorrhage in brain stem,35207811,cevd
I60.31,ICD10CM,Nontraumatic subarachnoid hemorrhage from right posterior communicating artery,45538390,cevd
I63.119,ICD10CM,Cerebral infarction due to embolism of unspecified vertebral artery,45562364,cevd
I63.132,ICD10CM,Cerebral infarction due to embolism of left carotid artery,45572097,cevd
I63.20,ICD10CM,Cerebral infarction due to unspecified occlusion or stenosis of unspecified precerebral arteries,45552802,cevd
I63.22,ICD10CM,Cerebral infarction due to unspecified occlusion or stenosis of basilar artery,45538396,cevd
I63.312,ICD10CM,Cerebral infarction due to thrombosis of left middle cerebral artery,45567188,cevd
I63.319,ICD10CM,Cerebral infarction due to thrombosis of unspecified middle cerebral artery,45548028,cevd
I63.449,ICD10CM,Cerebral infarction due to embolism of unspecified cerebellar artery,45572099,cevd
I63.529,ICD10CM,Cerebral infarction due to unspecified occlusion or stenosis of unspecified anterior cerebral artery,45557554,cevd
I65.22,ICD10CM,Occlusion and stenosis of left carotid artery,45557556,cevd
I66.09,ICD10CM,Occlusion and stenosis of unspecified middle cerebral artery,45533467,cevd
I69.059,ICD10CM,Hemiplegia and hemiparesis following nontraumatic subarachnoid hemorrhage affecting unspecified side,45572105,cevd
I69.10,ICD10CM,Unspecified sequelae of nontraumatic intracerebral hemorrhage,45586604,cevd
I69.139,ICD10CM,Monoplegia of upper limb following nontraumatic intracerebral hemorrhage affecting unspecified side,45533471,cevd
I69.159,ICD10CM,Hemiplegia and hemiparesis following nontraumatic intracerebral hemorrhage affecting unspecified side,45576895,cevd
I69.161,ICD10CM,Other paralytic syndrome following nontraumatic intracerebral hemorrhage affecting right dominant side,45538406,cevd
I69.164,ICD10CM,Other paralytic syndrome following nontraumatic intracerebral hemorrhage affecting left non-dominant side,45557560,cevd
I69.165,ICD10CM,"Other paralytic syndrome following nontraumatic intracerebral hemorrhage, bilateral",45591486,cevd
I69.252,ICD10CM,Hemiplegia and hemiparesis following other nontraumatic intracranial hemorrhage affecting left dominant side,45538409,cevd
I69.293,ICD10CM,Ataxia following other nontraumatic intracranial hemorrhage,45576897,cevd
I69.343,ICD10CM,Monoplegia of lower limb following cerebral infarction affecting right non-dominant side,45586610,cevd
I69.344,ICD10CM,Monoplegia of lower limb following cerebral infarction affecting left non-dominant side,45586611,cevd
I69.362,ICD10CM,Other paralytic syndrome following cerebral infarction affecting left dominant side,45567198,cevd
I69.893,ICD10CM,Ataxia following other cerebrovascular disease,45567202,cevd
I69.921,ICD10CM,Dysphasia following unspecified cerebrovascular disease,45596226,cevd
I69.964,ICD10CM,Other paralytic syndrome following unspecified cerebrovascular disease affecting left non-dominant side,45538420,cevd
I69.969,ICD10CM,Other paralytic syndrome following unspecified cerebrovascular disease affecting unspecified side,45591493,cevd
I69.998,ICD10CM,Other sequelae following unspecified cerebrovascular disease,45562384,cevd
I63.113,ICD10CM,Cerebral infarction due to embolism of bilateral vertebral arteries,37200498,cevd
I69.115,ICD10CM,Cognitive social or emotional deficit following nontraumatic intracerebral hemorrhage,37200527,cevd
I69.119,ICD10CM,Unspecified symptoms and signs involving cognitive functions following nontraumatic intracerebral hemorrhage,37200529,cevd
I69.318,ICD10CM,Other symptoms and signs involving cognitive functions following cerebral infarction,37200544,cevd
I69.811,ICD10CM,Memory deficit following other cerebrovascular disease,37200547,cevd
I69.914,ICD10CM,Frontal lobe and executive function deficit following unspecified cerebrovascular disease,37200558,cevd
I69.915,ICD10CM,Cognitive social or emotional deficit following unspecified cerebrovascular disease,37200559,cevd
G46.0,ICD10CM,Middle cerebral artery syndrome,35207400,cevd
I67.81,ICD10CM,Acute cerebrovascular insufficiency,45533468,cevd
I69.80,ICD10CM,Unspecified sequelae of other cerebrovascular disease,45605823,cevd
I66.3,ICD10CM,Occlusion and stenosis of cerebellar arteries,35207825,cevd
G46.5,ICD10CM,Pure motor lacunar syndrome,35207405,cevd
G46.6,ICD10CM,Pure sensory lacunar syndrome,35207406,cevd
I62.9,ICD10CM,"Nontraumatic intracranial hemorrhage, unspecified",35207818,cevd
I60.01,ICD10CM,Nontraumatic subarachnoid hemorrhage from right carotid siphon and bifurcation,45533459,cevd
I60.02,ICD10CM,Nontraumatic subarachnoid hemorrhage from left carotid siphon and bifurcation,45605801,cevd
I60.2,ICD10CM,Nontraumatic subarachnoid hemorrhage from anterior communicating artery,1569187,cevd
I60.51,ICD10CM,Nontraumatic subarachnoid hemorrhage from right vertebral artery,45567185,cevd
I60.7,ICD10CM,Nontraumatic subarachnoid hemorrhage from unspecified intracranial artery,35207805,cevd
I61.2,ICD10CM,"Nontraumatic intracerebral hemorrhage in hemisphere, unspecified",35207810,cevd
I62.02,ICD10CM,Nontraumatic subacute subdural hemorrhage,45605805,cevd
I63.011,ICD10CM,Cerebral infarction due to thrombosis of right vertebral artery,45601042,cevd
I63.09,ICD10CM,Cerebral infarction due to thrombosis of other precerebral artery,45533463,cevd
I63.12,ICD10CM,Cerebral infarction due to embolism of basilar artery,45581782,cevd
I63.321,ICD10CM,Cerebral infarction due to thrombosis of right anterior cerebral artery,45557553,cevd
I63.349,ICD10CM,Cerebral infarction due to thrombosis of unspecified cerebellar artery,45605807,cevd
I63.511,ICD10CM,Cerebral infarction due to unspecified occlusion or stenosis of right middle cerebral artery,45605809,cevd
I63.521,ICD10CM,Cerebral infarction due to unspecified occlusion or stenosis of right anterior cerebral artery,45538397,cevd
I63.532,ICD10CM,Cerebral infarction due to unspecified occlusion or stenosis of left posterior cerebral artery,45557555,cevd
I65.03,ICD10CM,Occlusion and stenosis of bilateral vertebral arteries,45548034,cevd
I65.21,ICD10CM,Occlusion and stenosis of right carotid artery,45601048,cevd
I65.23,ICD10CM,Occlusion and stenosis of bilateral carotid arteries,45601049,cevd
I66.11,ICD10CM,Occlusion and stenosis of right anterior cerebral artery,45562370,cevd
I66.23,ICD10CM,Occlusion and stenosis of bilateral posterior cerebral arteries,45591478,cevd
I69.00,ICD10CM,Unspecified sequelae of nontraumatic subarachnoid hemorrhage,45548036,cevd
I69.020,ICD10CM,Aphasia following nontraumatic subarachnoid hemorrhage,45576891,cevd
I69.021,ICD10CM,Dysphasia following nontraumatic subarachnoid hemorrhage,45605813,cevd
I69.022,ICD10CM,Dysarthria following nontraumatic subarachnoid hemorrhage,45586601,cevd
I69.069,ICD10CM,Other paralytic syndrome following nontraumatic subarachnoid hemorrhage affecting unspecified side,45562375,cevd
I69.152,ICD10CM,Hemiplegia and hemiparesis following nontraumatic intracerebral hemorrhage affecting left dominant side,45596221,cevd
I69.198,ICD10CM,Other sequelae of nontraumatic intracerebral hemorrhage,45543199,cevd
I69.239,ICD10CM,Monoplegia of upper limb following other nontraumatic intracranial hemorrhage affecting unspecified side,45572108,cevd
I69.269,ICD10CM,Other paralytic syndrome following other nontraumatic intracranial hemorrhage affecting unspecified side,45552816,cevd
I69.30,ICD10CM,Unspecified sequelae of cerebral infarction,45601060,cevd
I69.342,ICD10CM,Monoplegia of lower limb following cerebral infarction affecting left dominant side,45572110,cevd
I69.349,ICD10CM,Monoplegia of lower limb following cerebral infarction affecting unspecified side,45601061,cevd
I69.353,ICD10CM,Hemiplegia and hemiparesis following cerebral infarction affecting right non-dominant side,45543202,cevd
I69.354,ICD10CM,Hemiplegia and hemiparesis following cerebral infarction affecting left non-dominant side,45533479,cevd
I69.359,ICD10CM,Hemiplegia and hemiparesis following cerebral infarction affecting unspecified side,45572111,cevd
I69.369,ICD10CM,Other paralytic syndrome following cerebral infarction affecting unspecified side,45596222,cevd
I69.820,ICD10CM,Aphasia following other cerebrovascular disease,45543203,cevd
I69.821,ICD10CM,Dysphasia following other cerebrovascular disease,45601062,cevd
I69.822,ICD10CM,Dysarthria following other cerebrovascular disease,45557565,cevd
I69.832,ICD10CM,Monoplegia of upper limb following other cerebrovascular disease affecting left dominant side,45538415,cevd
I69.851,ICD10CM,Hemiplegia and hemiparesis following other cerebrovascular disease affecting right dominant side,45548051,cevd
I69.862,ICD10CM,Other paralytic syndrome following other cerebrovascular disease affecting left dominant side,45548052,cevd
I69.865,ICD10CM,"Other paralytic syndrome following other cerebrovascular disease, bilateral",45586612,cevd
I69.869,ICD10CM,Other paralytic syndrome following other cerebrovascular disease affecting unspecified side,45605825,cevd
I69.898,ICD10CM,Other sequelae of other cerebrovascular disease,45552822,cevd
I69.933,ICD10CM,Monoplegia of upper limb following unspecified cerebrovascular disease affecting right non-dominant side,45548054,cevd
I69.934,ICD10CM,Monoplegia of upper limb following unspecified cerebrovascular disease affecting left non-dominant side,45562382,cevd
I69.952,ICD10CM,Hemiplegia and hemiparesis following unspecified cerebrovascular disease affecting left dominant side,45543208,cevd
I63.013,ICD10CM,Cerebral infarction due to thrombosis of bilateral vertebral arteries,37200496,cevd
I63.133,ICD10CM,Cerebral infarction due to embolism of bilateral carotid arteries,37200499,cevd
I63.313,ICD10CM,Cerebral infarction due to thrombosis of bilateral middle cerebral arteries,37200502,cevd
I63.433,ICD10CM,Cerebral infarction due to embolism of bilateral posterior cerebral arteries,37200508,cevd
I63.533,ICD10CM,Cerebral infarction due to unspecified occlusion or stenosis of bilateral posterior cerebral arteries,37200512,cevd
I69.012,ICD10CM,Visuospatial deficit and spatial neglect following nontraumatic subarachnoid hemorrhage,37200516,cevd
I69.815,ICD10CM,Cognitive social or emotional deficit following other cerebrovascular disease,37200551,cevd
I63.9,ICD10CM,"Cerebral infarction, unspecified",35207821,cevd
I67.5,ICD10CM,Moyamoya disease,35207833,cevd
I68.0,ICD10CM,Cerebral amyloid angiopathy,35207838,cevd
I65.9,ICD10CM,Occlusion and stenosis of unspecified precerebral artery,35207824,cevd
I67.6,ICD10CM,Nonpyogenic thrombosis of intracranial venous system,35207834,cevd
H34.00,ICD10CM,"Transient retinal artery occlusion, unspecified eye",45591319,cevd
I60.50,ICD10CM,Nontraumatic subarachnoid hemorrhage from unspecified vertebral artery,45586591,cevd
I60.8,ICD10CM,Other nontraumatic subarachnoid hemorrhage,35207806,cevd
I63.131,ICD10CM,Cerebral infarction due to embolism of right carotid artery,45596212,cevd
I63.322,ICD10CM,Cerebral infarction due to thrombosis of left anterior cerebral artery,45576886,cevd
I63.40,ICD10CM,Cerebral infarction due to embolism of unspecified cerebral artery,45552803,cevd
I63.419,ICD10CM,Cerebral infarction due to embolism of unspecified middle cerebral artery,45576889,cevd
I63.421,ICD10CM,Cerebral infarction due to embolism of right anterior cerebral artery,45543190,cevd
I63.422,ICD10CM,Cerebral infarction due to embolism of left anterior cerebral artery,45552804,cevd
I63.441,ICD10CM,Cerebral infarction due to embolism of right cerebellar artery,45601044,cevd
I63.442,ICD10CM,Cerebral infarction due to embolism of left cerebellar artery,45552805,cevd
I63.50,ICD10CM,Cerebral infarction due to unspecified occlusion or stenosis of unspecified cerebral artery,45552806,cevd
I63.542,ICD10CM,Cerebral infarction due to unspecified occlusion or stenosis of left cerebellar artery,45596215,cevd
I69.032,ICD10CM,Monoplegia of upper limb following nontraumatic subarachnoid hemorrhage affecting left dominant side,45567193,cevd
I69.043,ICD10CM,Monoplegia of lower limb following nontraumatic subarachnoid hemorrhage affecting right non-dominant side,45596220,cevd
I69.062,ICD10CM,Other paralytic syndrome following nontraumatic subarachnoid hemorrhage affecting left dominant side,45605815,cevd
I69.093,ICD10CM,Ataxia following nontraumatic subarachnoid hemorrhage,45586603,cevd
I69.143,ICD10CM,Monoplegia of lower limb following nontraumatic intracerebral hemorrhage affecting right non-dominant side,45605818,cevd
I69.154,ICD10CM,Hemiplegia and hemiparesis following nontraumatic intracerebral hemorrhage affecting left non-dominant side,45543198,cevd
I69.223,ICD10CM,Fluency disorder following other nontraumatic intracranial hemorrhage,45581790,cevd
I69.228,ICD10CM,Other speech and language deficits following other nontraumatic intracranial hemorrhage,45601059,cevd
I69.231,ICD10CM,Monoplegia of upper limb following other nontraumatic intracranial hemorrhage affecting right dominant side,45572107,cevd
I69.251,ICD10CM,Hemiplegia and hemiparesis following other nontraumatic intracranial hemorrhage affecting right dominant side,45538408,cevd
I69.292,ICD10CM,Facial weakness following other nontraumatic intracranial hemorrhage,45533475,cevd
I69.392,ICD10CM,Facial weakness following cerebral infarction,45548049,cevd
I69.863,ICD10CM,Other paralytic syndrome following other cerebrovascular disease affecting right non-dominant side,45552821,cevd
I69.928,ICD10CM,Other speech and language deficits following unspecified cerebrovascular disease,45572115,cevd
I69.941,ICD10CM,Monoplegia of lower limb following unspecified cerebrovascular disease affecting right dominant side,45548055,cevd
I69.949,ICD10CM,Monoplegia of lower limb following unspecified cerebrovascular disease affecting unspecified side,45533481,cevd
I69.951,ICD10CM,Hemiplegia and hemiparesis following unspecified cerebrovascular disease affecting right dominant side,45538418,cevd
I69.992,ICD10CM,Facial weakness following unspecified cerebrovascular disease,45562383,cevd
I67.841,ICD10CM,Reversible cerebrovascular vasoconstriction syndrome,45538403,cevd
I67.848,ICD10CM,Other cerebrovascular vasospasm and vasoconstriction,45567192,cevd
I63.233,ICD10CM,Cerebral infarction due to unspecified occlusion or stenosis of bilateral carotid arteries,37200501,cevd
I63.543,ICD10CM,Cerebral infarction due to unspecified occlusion or stenosis of bilateral cerebellar arteries,37200513,cevd
I69.013,ICD10CM,Psychomotor deficit following nontraumatic subarachnoid hemorrhage,37200517,cevd
I69.310,ICD10CM,Attention and concentration deficit following cerebral infarction,37200538,cevd
I69.312,ICD10CM,Visuospatial deficit and spatial neglect following cerebral infarction,37200540,cevd
I69.810,ICD10CM,Attention and concentration deficit following other cerebrovascular disease,37200546,cevd
I69.918,ICD10CM,Other symptoms and signs involving cognitive functions following unspecified cerebrovascular disease,37200560,cevd
I69.919,ICD10CM,Unspecified symptoms and signs involving cognitive functions following unspecified cerebrovascular disease,37200561,cevd
I63.81,ICD10CM,Other cerebral infarction due to occlusion or stenosis of small artery,1595597,cevd
I65.1,ICD10CM,Occlusion and stenosis of basilar artery,35207822,cevd
I63.29,ICD10CM,Cerebral infarction due to unspecified occlusion or stenosis of other precerebral arteries,45548027,cevd
G46.3,ICD10CM,Brain stem stroke syndrome,35207403,cevd
G45.1,ICD10CM,Carotid artery syndrome (hemispheric),35207394,cevd
I62.01,ICD10CM,Nontraumatic acute subdural hemorrhage,45557548,cevd
I60.30,ICD10CM,Nontraumatic subarachnoid hemorrhage from unspecified posterior communicating artery,45538389,cevd
I60.6,ICD10CM,Nontraumatic subarachnoid hemorrhage from other intracranial arteries,35207804,cevd
I62.03,ICD10CM,Nontraumatic chronic subdural hemorrhage,45557549,cevd
I63.211,ICD10CM,Cerebral infarction due to unspecified occlusion or stenosis of right vertebral artery,45572098,cevd
I63.219,ICD10CM,Cerebral infarction due to unspecified occlusion or stenosis of unspecified vertebral artery,45548026,cevd
I63.232,ICD10CM,Cerebral infarction due to unspecified occlusion or stenosis of left carotid arteries,45562365,cevd
I63.331,ICD10CM,Cerebral infarction due to thrombosis of right posterior cerebral artery,45576887,cevd
I63.431,ICD10CM,Cerebral infarction due to embolism of right posterior cerebral artery,45548029,cevd
I63.49,ICD10CM,Cerebral infarction due to embolism of other cerebral artery,45601045,cevd
I63.512,ICD10CM,Cerebral infarction due to unspecified occlusion or stenosis of left middle cerebral artery,45586595,cevd
I63.539,ICD10CM,Cerebral infarction due to unspecified occlusion or stenosis of unspecified posterior cerebral artery,45586597,cevd
I65.02,ICD10CM,Occlusion and stenosis of left vertebral artery,45591477,cevd
I69.023,ICD10CM,Fluency disorder following nontraumatic subarachnoid hemorrhage,45543194,cevd
I69.028,ICD10CM,Other speech and language deficits following nontraumatic subarachnoid hemorrhage,45581788,cevd
I69.049,ICD10CM,Monoplegia of lower limb following nontraumatic subarachnoid hemorrhage affecting unspecified side,45552812,cevd
I69.054,ICD10CM,Hemiplegia and hemiparesis following nontraumatic subarachnoid hemorrhage affecting left non-dominant side,45605814,cevd
I69.090,ICD10CM,Apraxia following nontraumatic subarachnoid hemorrhage,45576893,cevd
I69.092,ICD10CM,Facial weakness following nontraumatic subarachnoid hemorrhage,45557558,cevd
I69.122,ICD10CM,Dysarthria following nontraumatic intracerebral hemorrhage,45552813,cevd
I69.144,ICD10CM,Monoplegia of lower limb following nontraumatic intracerebral hemorrhage affecting left non-dominant side,45548043,cevd
I69.162,ICD10CM,Other paralytic syndrome following nontraumatic intracerebral hemorrhage affecting left dominant side,45548044,cevd
I69.163,ICD10CM,Other paralytic syndrome following nontraumatic intracerebral hemorrhage affecting right non-dominant side,45538407,cevd
I69.193,ICD10CM,Ataxia following nontraumatic intracerebral hemorrhage,45586605,cevd
I69.20,ICD10CM,Unspecified sequelae of other nontraumatic intracranial hemorrhage,45533472,cevd
I69.233,ICD10CM,Monoplegia of upper limb following other nontraumatic intracranial hemorrhage affecting right non-dominant side,45581791,cevd
I69.234,ICD10CM,Monoplegia of upper limb following other nontraumatic intracranial hemorrhage affecting left non-dominant side,45533473,cevd
I69.243,ICD10CM,Monoplegia of lower limb following other nontraumatic intracranial hemorrhage affecting right non-dominant side,45591488,cevd
I69.261,ICD10CM,Other paralytic syndrome following other nontraumatic intracranial hemorrhage affecting right dominant side,45605820,cevd
I69.290,ICD10CM,Apraxia following other nontraumatic intracranial hemorrhage,45538411,cevd
I69.320,ICD10CM,Aphasia following cerebral infarction,45548047,cevd
I69.331,ICD10CM,Monoplegia of upper limb following cerebral infarction affecting right dominant side,45533478,cevd
I69.332,ICD10CM,Monoplegia of upper limb following cerebral infarction affecting left dominant side,45562378,cevd
I69.361,ICD10CM,Other paralytic syndrome following cerebral infarction affecting right dominant side,45533480,cevd
I69.364,ICD10CM,Other paralytic syndrome following cerebral infarction affecting left non-dominant side,45557563,cevd
I69.841,ICD10CM,Monoplegia of lower limb following other cerebrovascular disease affecting right dominant side,45572113,cevd
I69.853,ICD10CM,Hemiplegia and hemiparesis following other cerebrovascular disease affecting right non-dominant side,45596224,cevd
I69.892,ICD10CM,Facial weakness following other cerebrovascular disease,45601063,cevd
I69.90,ICD10CM,Unspecified sequelae of unspecified cerebrovascular disease,45596225,cevd
I69.922,ICD10CM,Dysarthria following unspecified cerebrovascular disease,45567203,cevd
I69.942,ICD10CM,Monoplegia of lower limb following unspecified cerebrovascular disease affecting left dominant side,45538417,cevd
I63.033,ICD10CM,Cerebral infarction due to thrombosis of bilateral carotid arteries,37200497,cevd
I63.423,ICD10CM,Cerebral infarction due to embolism of bilateral anterior cerebral arteries,37200507,cevd
I69.014,ICD10CM,Frontal lobe and executive function deficit following nontraumatic subarachnoid hemorrhage,37200518,cevd
I69.015,ICD10CM,Cognitive social or emotional deficit following nontraumatic subarachnoid hemorrhage,37200519,cevd
I69.019,ICD10CM,Unspecified symptoms and signs involving cognitive functions following nontraumatic subarachnoid hemorrhage,37200521,cevd
I69.112,ICD10CM,Visuospatial deficit and spatial neglect following nontraumatic intracerebral hemorrhage,37200524,cevd
I69.118,ICD10CM,Other symptoms and signs involving cognitive functions following nontraumatic intracerebral hemorrhage,37200528,cevd
I69.315,ICD10CM,Cognitive social or emotional deficit following cerebral infarction,37200543,cevd
I69.818,ICD10CM,Other symptoms and signs involving cognitive functions following other cerebrovascular disease,37200552,cevd
G45.9,ICD10CM,"Transient cerebral ischemic attack, unspecified",35207399,cevd
G46.2,ICD10CM,Posterior cerebral artery syndrome,35207402,cevd
G45.8,ICD10CM,Other transient cerebral ischemic attacks and related syndromes,35207398,cevd
I66.9,ICD10CM,Occlusion and stenosis of unspecified cerebral artery,35207827,cevd
I67.7,ICD10CM,"Cerebral arteritis, not elsewhere classified",35207835,cevd
I67.82,ICD10CM,Cerebral ischemia,45581787,cevd
I62.1,ICD10CM,Nontraumatic extradural hemorrhage,35207817,cevd
I61.1,ICD10CM,"Nontraumatic intracerebral hemorrhage in hemisphere, cortical",35207809,cevd
H34.01,ICD10CM,"Transient retinal artery occlusion, right eye",45596068,cevd
H34.02,ICD10CM,"Transient retinal artery occlusion, left eye",45576728,cevd
I60.10,ICD10CM,Nontraumatic subarachnoid hemorrhage from unspecified middle cerebral artery,45538388,cevd
I60.32,ICD10CM,Nontraumatic subarachnoid hemorrhage from left posterior communicating artery,45562359,cevd
I61.5,ICD10CM,"Nontraumatic intracerebral hemorrhage, intraventricular",35207813,cevd
I61.8,ICD10CM,Other nontraumatic intracerebral hemorrhage,35207815,cevd
I63.012,ICD10CM,Cerebral infarction due to thrombosis of left vertebral artery,45533462,cevd
I63.032,ICD10CM,Cerebral infarction due to thrombosis of left carotid artery,45562363,cevd
I63.039,ICD10CM,Cerebral infarction due to thrombosis of unspecified carotid artery,45538394,cevd
I63.10,ICD10CM,Cerebral infarction due to embolism of unspecified precerebral artery,45567187,cevd
I63.139,ICD10CM,Cerebral infarction due to embolism of unspecified carotid artery,45576884,cevd
I63.19,ICD10CM,Cerebral infarction due to embolism of other precerebral artery,45605806,cevd
I63.30,ICD10CM,Cerebral infarction due to thrombosis of unspecified cerebral artery,45591474,cevd
I63.329,ICD10CM,Cerebral infarction due to thrombosis of unspecified anterior cerebral artery,45543188,cevd
I63.339,ICD10CM,Cerebral infarction due to thrombosis of unspecified posterior cerebral artery,45567189,cevd
I63.341,ICD10CM,Cerebral infarction due to thrombosis of right cerebellar artery,45586593,cevd
I66.01,ICD10CM,Occlusion and stenosis of right middle cerebral artery,45581785,cevd
I66.02,ICD10CM,Occlusion and stenosis of left middle cerebral artery,45557557,cevd
I66.03,ICD10CM,Occlusion and stenosis of bilateral middle cerebral arteries,45533466,cevd
I66.29,ICD10CM,Occlusion and stenosis of unspecified posterior cerebral artery,45596217,cevd
I69.044,ICD10CM,Monoplegia of lower limb following nontraumatic subarachnoid hemorrhage affecting left non-dominant side,45591483,cevd
I69.051,ICD10CM,Hemiplegia and hemiparesis following nontraumatic subarachnoid hemorrhage affecting right dominant side,45562373,cevd
I69.065,ICD10CM,"Other paralytic syndrome following nontraumatic subarachnoid hemorrhage, bilateral",45562374,cevd
I69.132,ICD10CM,Monoplegia of upper limb following nontraumatic intracerebral hemorrhage affecting left dominant side,45548041,cevd
I69.149,ICD10CM,Monoplegia of lower limb following nontraumatic intracerebral hemorrhage affecting unspecified side,45591485,cevd
I69.151,ICD10CM,Hemiplegia and hemiparesis following nontraumatic intracerebral hemorrhage affecting right dominant side,45538405,cevd
I69.190,ICD10CM,Apraxia following nontraumatic intracerebral hemorrhage,45548045,cevd
I69.222,ICD10CM,Dysarthria following other nontraumatic intracranial hemorrhage,45548046,cevd
I69.249,ICD10CM,Monoplegia of lower limb following other nontraumatic intracranial hemorrhage affecting unspecified side,45586608,cevd
I69.253,ICD10CM,Hemiplegia and hemiparesis following other nontraumatic intracranial hemorrhage affecting right non-dominant side,45533474,cevd
I69.265,ICD10CM,"Other paralytic syndrome following other nontraumatic intracranial hemorrhage, bilateral",45538410,cevd
I69.321,ICD10CM,Dysphasia following cerebral infarction,45533477,cevd
I69.334,ICD10CM,Monoplegia of upper limb following cerebral infarction affecting left non-dominant side,45538413,cevd
I69.365,ICD10CM,"Other paralytic syndrome following cerebral infarction, bilateral",45552817,cevd
I69.839,ICD10CM,Monoplegia of upper limb following other cerebrovascular disease affecting unspecified side,45581795,cevd
I69.854,ICD10CM,Hemiplegia and hemiparesis following other cerebrovascular disease affecting left non-dominant side,45591492,cevd
I69.923,ICD10CM,Fluency disorder following unspecified cerebrovascular disease,45572114,cevd
I69.931,ICD10CM,Monoplegia of upper limb following unspecified cerebrovascular disease affecting right dominant side,45557566,cevd
I69.962,ICD10CM,Other paralytic syndrome following unspecified cerebrovascular disease affecting left dominant side,45581796,cevd
I69.963,ICD10CM,Other paralytic syndrome following unspecified cerebrovascular disease affecting right non-dominant side,45605826,cevd
I69.990,ICD10CM,Apraxia following unspecified cerebrovascular disease,45557567,cevd
I69.991,ICD10CM,Dysphagia following unspecified cerebrovascular disease,45581797,cevd
I67.83,ICD10CM,Posterior reversible encephalopathy syndrome,45562371,cevd
I61.9,ICD10CM,"Nontraumatic intracerebral hemorrhage, unspecified",35207816,cevd
I63.323,ICD10CM,Cerebral infarction due to thrombosis of bilateral anterior cerebral arteries,37200503,cevd
I63.343,ICD10CM,Cerebral infarction due to thrombosis of bilateral cerebellar arteries,37200505,cevd
I69.111,ICD10CM,Memory deficit following nontraumatic intracerebral hemorrhage,37200523,cevd
I69.213,ICD10CM,Psychomotor deficit following other nontraumatic intracranial hemorrhage,37200533,cevd
I69.314,ICD10CM,Frontal lobe and executive function deficit following cerebral infarction,37200542,cevd
I69.813,ICD10CM,Psychomotor deficit following other cerebrovascular disease,37200549,cevd
I69.814,ICD10CM,Frontal lobe and executive function deficit following other cerebrovascular disease,37200550,cevd
I67.858,ICD10CM,Other hereditary cerebrovascular disease,1595601,cevd
I63.89,ICD10CM,Other cerebral infarction,1595598,cevd
I68.2,ICD10CM,Cerebral arteritis in other diseases classified elsewhere,35207839,cevd
I67.0,ICD10CM,"Dissection of cerebral arteries, nonruptured",35207828,cevd
G46.7,ICD10CM,Other lacunar syndromes,35207407,cevd
I67.850,ICD10CM,Cerebral autosomal dominant arteriopathy with subcortical infarcts and leukoencephalopathy,1595600,cevd
I60.9,ICD10CM,"Nontraumatic subarachnoid hemorrhage, unspecified",35207807,cevd
I60.11,ICD10CM,Nontraumatic subarachnoid hemorrhage from right middle cerebral artery,45552799,cevd
I60.52,ICD10CM,Nontraumatic subarachnoid hemorrhage from left vertebral artery,45543185,cevd
I63.019,ICD10CM,Cerebral infarction due to thrombosis of unspecified vertebral artery,45562362,cevd
I63.02,ICD10CM,Cerebral infarction due to thrombosis of basilar artery,45552801,cevd
I63.212,ICD10CM,Cerebral infarction due to unspecified occlusion or stenosis of left vertebral artery,45576885,cevd
I63.342,ICD10CM,Cerebral infarction due to thrombosis of left cerebellar artery,45543189,cevd
I63.429,ICD10CM,Cerebral infarction due to embolism of unspecified anterior cerebral artery,45596214,cevd
I63.519,ICD10CM,Cerebral infarction due to unspecified occlusion or stenosis of unspecified middle cerebral artery,45601046,cevd
I63.59,ICD10CM,Cerebral infarction due to unspecified occlusion or stenosis of other cerebral artery,45601047,cevd
I66.12,ICD10CM,Occlusion and stenosis of left anterior cerebral artery,45572102,cevd
I66.22,ICD10CM,Occlusion and stenosis of left posterior cerebral artery,45567191,cevd
I69.064,ICD10CM,Other paralytic syndrome following nontraumatic subarachnoid hemorrhage affecting left non-dominant side,45601055,cevd
I69.098,ICD10CM,Other sequelae following nontraumatic subarachnoid hemorrhage,45601056,cevd
I69.134,ICD10CM,Monoplegia of upper limb following nontraumatic intracerebral hemorrhage affecting left non-dominant side,45576894,cevd
I69.153,ICD10CM,Hemiplegia and hemiparesis following nontraumatic intracerebral hemorrhage affecting right non-dominant side,45562376,cevd
I69.169,ICD10CM,Other paralytic syndrome following nontraumatic intracerebral hemorrhage affecting unspecified side,45572106,cevd
I69.232,ICD10CM,Monoplegia of upper limb following other nontraumatic intracranial hemorrhage affecting left dominant side,45552814,cevd
I69.241,ICD10CM,Monoplegia of lower limb following other nontraumatic intracranial hemorrhage affecting right dominant side,45591487,cevd
I69.259,ICD10CM,Hemiplegia and hemiparesis following other nontraumatic intracranial hemorrhage affecting unspecified side,45576896,cevd
I69.322,ICD10CM,Dysarthria following cerebral infarction,45538412,cevd
I69.328,ICD10CM,Other speech and language deficits following cerebral infarction,45557562,cevd
I69.351,ICD10CM,Hemiplegia and hemiparesis following cerebral infarction affecting right dominant side,45591489,cevd
I69.390,ICD10CM,Apraxia following cerebral infarction,45562379,cevd
I69.828,ICD10CM,Other speech and language deficits following other cerebrovascular disease,45543204,cevd
I69.834,ICD10CM,Monoplegia of upper limb following other cerebrovascular disease affecting left non-dominant side,45548050,cevd
I69.843,ICD10CM,Monoplegia of lower limb following other cerebrovascular disease affecting right non-dominant side,45562380,cevd
I69.844,ICD10CM,Monoplegia of lower limb following other cerebrovascular disease affecting left non-dominant side,45552819,cevd
I69.852,ICD10CM,Hemiplegia and hemiparesis following other cerebrovascular disease affecting left dominant side,45567200,cevd
I69.859,ICD10CM,Hemiplegia and hemiparesis following other cerebrovascular disease affecting unspecified side,45576900,cevd
I69.864,ICD10CM,Other paralytic syndrome following other cerebrovascular disease affecting left non-dominant side,45543207,cevd
I69.943,ICD10CM,Monoplegia of lower limb following unspecified cerebrovascular disease affecting right non-dominant side,45596228,cevd
I69.953,ICD10CM,Hemiplegia and hemiparesis following unspecified cerebrovascular disease affecting right non-dominant side,45601064,cevd
I69.954,ICD10CM,Hemiplegia and hemiparesis following unspecified cerebrovascular disease affecting left non-dominant side,45567205,cevd
I69.959,ICD10CM,Hemiplegia and hemiparesis following unspecified cerebrovascular disease affecting unspecified side,45538419,cevd
I69.965,ICD10CM,"Other paralytic syndrome following unspecified cerebrovascular disease, bilateral",45605827,cevd
I63.213,ICD10CM,Cerebral infarction due to unspecified occlusion or stenosis of bilateral vertebral arteries,37200500,cevd
I63.443,ICD10CM,Cerebral infarction due to embolism of bilateral cerebellar arteries,37200509,cevd
I63.513,ICD10CM,Cerebral infarction due to unspecified occlusion or stenosis of bilateral middle cerebral arteries,37200510,cevd
I69.010,ICD10CM,Attention and concentration deficit following nontraumatic subarachnoid hemorrhage,37200514,cevd
I69.113,ICD10CM,Psychomotor deficit following nontraumatic intracerebral hemorrhage,37200525,cevd
I69.114,ICD10CM,Frontal lobe and executive function deficit following nontraumatic intracerebral hemorrhage,37200526,cevd
I69.210,ICD10CM,Attention and concentration deficit following other nontraumatic intracranial hemorrhage,37200530,cevd
I69.211,ICD10CM,Memory deficit following other nontraumatic intracranial hemorrhage,37200531,cevd
I69.212,ICD10CM,Visuospatial deficit and spatial neglect following other nontraumatic intracranial hemorrhage,37200532,cevd
I69.214,ICD10CM,Frontal lobe and executive function deficit following other nontraumatic intracranial hemorrhage,37200534,cevd
I69.218,ICD10CM,Other symptoms and signs involving cognitive functions following other nontraumatic intracranial hemorrhage,37200536,cevd
I69.219,ICD10CM,Unspecified symptoms and signs involving cognitive functions following other nontraumatic intracranial hemorrhage,37200537,cevd
I69.311,ICD10CM,Memory deficit following cerebral infarction,37200539,cevd
I69.812,ICD10CM,Visuospatial deficit and spatial neglect following other cerebrovascular disease,37200548,cevd
I69.911,ICD10CM,Memory deficit following unspecified cerebrovascular disease,37200555,cevd
I67.2,ICD10CM,Cerebral atherosclerosis,35207830,cevd
G45.3,ICD10CM,Amaurosis fugax,35207396,cevd
I62.00,ICD10CM,"Nontraumatic subdural hemorrhage, unspecified",45538392,cevd
I65.8,ICD10CM,Occlusion and stenosis of other precerebral arteries,35207823,cevd
I67.89,ICD10CM,Other cerebrovascular disease,45576890,cevd
G46.1,ICD10CM,Anterior cerebral artery syndrome,35207401,cevd
G46.8,ICD10CM,Other vascular syndromes of brain in cerebrovascular diseases,35207408,cevd
I60.00,ICD10CM,Nontraumatic subarachnoid hemorrhage from unspecified carotid siphon and bifurcation,45605800,cevd
I60.4,ICD10CM,Nontraumatic subarachnoid hemorrhage from basilar artery,35207803,cevd
I61.6,ICD10CM,"Nontraumatic intracerebral hemorrhage, multiple localized",35207814,cevd
I63.00,ICD10CM,Cerebral infarction due to thrombosis of unspecified precerebral artery,45601041,cevd
I63.031,ICD10CM,Cerebral infarction due to thrombosis of right carotid artery,45581781,cevd
I63.111,ICD10CM,Cerebral infarction due to embolism of right vertebral artery,45538395,cevd
I63.112,ICD10CM,Cerebral infarction due to embolism of left vertebral artery,45557551,cevd
I63.311,ICD10CM,Cerebral infarction due to thrombosis of right middle cerebral artery,45557552,cevd
I63.411,ICD10CM,Cerebral infarction due to embolism of right middle cerebral artery,45562367,cevd
I63.439,ICD10CM,Cerebral infarction due to embolism of unspecified posterior cerebral artery,45581783,cevd
I63.522,ICD10CM,Cerebral infarction due to unspecified occlusion or stenosis of left anterior cerebral artery,45533464,cevd
I65.09,ICD10CM,Occlusion and stenosis of unspecified vertebral artery,45552807,cevd
I66.19,ICD10CM,Occlusion and stenosis of unspecified anterior cerebral artery,45601051,cevd
I66.21,ICD10CM,Occlusion and stenosis of right posterior cerebral artery,45601052,cevd
I69.034,ICD10CM,Monoplegia of upper limb following nontraumatic subarachnoid hemorrhage affecting left non-dominant side,45591482,cevd
I69.039,ICD10CM,Monoplegia of upper limb following nontraumatic subarachnoid hemorrhage affecting unspecified side,45576892,cevd
I69.041,ICD10CM,Monoplegia of lower limb following nontraumatic subarachnoid hemorrhage affecting right dominant side,45548037,cevd
I69.052,ICD10CM,Hemiplegia and hemiparesis following nontraumatic subarachnoid hemorrhage affecting left dominant side,45543196,cevd
I69.053,ICD10CM,Hemiplegia and hemiparesis following nontraumatic subarachnoid hemorrhage affecting right non-dominant side,45591484,cevd
I69.091,ICD10CM,Dysphagia following nontraumatic subarachnoid hemorrhage,45543197,cevd
I69.123,ICD10CM,Fluency disorder following nontraumatic intracerebral hemorrhage,45548040,cevd
I69.128,ICD10CM,Other speech and language deficits following nontraumatic intracerebral hemorrhage,45605816,cevd
I69.131,ICD10CM,Monoplegia of upper limb following nontraumatic intracerebral hemorrhage affecting right dominant side,45605817,cevd
I69.133,ICD10CM,Monoplegia of upper limb following nontraumatic intracerebral hemorrhage affecting right non-dominant side,45601057,cevd
I69.142,ICD10CM,Monoplegia of lower limb following nontraumatic intracerebral hemorrhage affecting left dominant side,45548042,cevd
I69.254,ICD10CM,Hemiplegia and hemiparesis following other nontraumatic intracranial hemorrhage affecting left non-dominant side,45567197,cevd
I69.262,ICD10CM,Other paralytic syndrome following other nontraumatic intracranial hemorrhage affecting left dominant side,45543200,cevd
I69.263,ICD10CM,Other paralytic syndrome following other nontraumatic intracranial hemorrhage affecting right non-dominant side,45586609,cevd
I69.264,ICD10CM,Other paralytic syndrome following other nontraumatic intracranial hemorrhage affecting left non-dominant side,45552815,cevd
I69.291,ICD10CM,Dysphagia following other nontraumatic intracranial hemorrhage,45572109,cevd
I69.323,ICD10CM,Fluency disorder following cerebral infarction,45581794,cevd
I69.333,ICD10CM,Monoplegia of upper limb following cerebral infarction affecting right non-dominant side,45576898,cevd
I69.339,ICD10CM,Monoplegia of upper limb following cerebral infarction affecting unspecified side,45576899,cevd
I69.341,ICD10CM,Monoplegia of lower limb following cerebral infarction affecting right dominant side,45548048,cevd
I69.363,ICD10CM,Other paralytic syndrome following cerebral infarction affecting right non-dominant side,45572112,cevd
I69.391,ICD10CM,Dysphagia following cerebral infarction,45557564,cevd
I69.393,ICD10CM,Ataxia following cerebral infarction,45605822,cevd
I69.842,ICD10CM,Monoplegia of lower limb following other cerebrovascular disease affecting left dominant side,45591491,cevd
I69.890,ICD10CM,Apraxia following other cerebrovascular disease,45567201,cevd
I69.920,ICD10CM,Aphasia following unspecified cerebrovascular disease,45562381,cevd
I69.932,ICD10CM,Monoplegia of upper limb following unspecified cerebrovascular disease affecting left dominant side,45596227,cevd
I69.939,ICD10CM,Monoplegia of upper limb following unspecified cerebrovascular disease affecting unspecified side,45567204,cevd
I69.944,ICD10CM,Monoplegia of lower limb following unspecified cerebrovascular disease affecting left non-dominant side,45576901,cevd
I69.961,ICD10CM,Other paralytic syndrome following unspecified cerebrovascular disease affecting right dominant side,45533482,cevd
I69.993,ICD10CM,Ataxia following unspecified cerebrovascular disease,45567206,cevd
I63.523,ICD10CM,Cerebral infarction due to unspecified occlusion or stenosis of bilateral anterior cerebral arteries,37200511,cevd
I69.313,ICD10CM,Psychomotor deficit following cerebral infarction,37200541,cevd
I69.319,ICD10CM,Unspecified symptoms and signs involving cognitive functions following cerebral infarction,37200545,cevd
I69.819,ICD10CM,Unspecified symptoms and signs involving cognitive functions following other cerebrovascular disease,37200553,cevd
I67.9,ICD10CM,"Cerebrovascular disease, unspecified",35207837,cevd
G45.0,ICD10CM,Vertebro-basilar artery syndrome,35207393,cevd
I67.4,ICD10CM,Hypertensive encephalopathy,35207832,cevd
G46.4,ICD10CM,Cerebellar stroke syndrome,35207404,cevd
H34.03,ICD10CM,"Transient retinal artery occlusion, bilateral",45538259,cevd
I60.12,ICD10CM,Nontraumatic subarachnoid hemorrhage from left middle cerebral artery,45533460,cevd
I63.231,ICD10CM,Cerebral infarction due to unspecified occlusion or stenosis of right carotid arteries,45601043,cevd
I63.239,ICD10CM,Cerebral infarction due to unspecified occlusion or stenosis of unspecified carotid artery,45543187,cevd
I63.332,ICD10CM,Cerebral infarction due to thrombosis of left posterior cerebral artery,45596213,cevd
I63.39,ICD10CM,Cerebral infarction due to thrombosis of other cerebral artery,45576888,cevd
I63.412,ICD10CM,Cerebral infarction due to embolism of left middle cerebral artery,45586594,cevd
I63.432,ICD10CM,Cerebral infarction due to embolism of left posterior cerebral artery,45548030,cevd
I63.531,ICD10CM,Cerebral infarction due to unspecified occlusion or stenosis of right posterior cerebral artery,45586596,cevd
I63.541,ICD10CM,Cerebral infarction due to unspecified occlusion or stenosis of right cerebellar artery,45581784,cevd
I63.549,ICD10CM,Cerebral infarction due to unspecified occlusion or stenosis of unspecified cerebellar artery,45591476,cevd
I65.01,ICD10CM,Occlusion and stenosis of right vertebral artery,45586598,cevd
I65.29,ICD10CM,Occlusion and stenosis of unspecified carotid artery,45601050,cevd
I66.13,ICD10CM,Occlusion and stenosis of bilateral anterior cerebral arteries,45552809,cevd
I69.031,ICD10CM,Monoplegia of upper limb following nontraumatic subarachnoid hemorrhage affecting right dominant side,45543195,cevd
I69.033,ICD10CM,Monoplegia of upper limb following nontraumatic subarachnoid hemorrhage affecting right non-dominant side,45586602,cevd
I69.042,ICD10CM,Monoplegia of lower limb following nontraumatic subarachnoid hemorrhage affecting left dominant side,45548038,cevd
I69.061,ICD10CM,Other paralytic syndrome following nontraumatic subarachnoid hemorrhage affecting right dominant side,45567194,cevd
I69.063,ICD10CM,Other paralytic syndrome following nontraumatic subarachnoid hemorrhage affecting right non-dominant side,45533470,cevd
I69.120,ICD10CM,Aphasia following nontraumatic intracerebral hemorrhage,45557559,cevd
I69.121,ICD10CM,Dysphasia following nontraumatic intracerebral hemorrhage,45548039,cevd
I69.141,ICD10CM,Monoplegia of lower limb following nontraumatic intracerebral hemorrhage affecting right dominant side,45581789,cevd
I69.191,ICD10CM,Dysphagia following nontraumatic intracerebral hemorrhage,45601058,cevd
I69.192,ICD10CM,Facial weakness following nontraumatic intracerebral hemorrhage,45567196,cevd
I69.220,ICD10CM,Aphasia following other nontraumatic intracranial hemorrhage,45605819,cevd
I69.221,ICD10CM,Dysphasia following other nontraumatic intracranial hemorrhage,45586607,cevd
I69.242,ICD10CM,Monoplegia of lower limb following other nontraumatic intracranial hemorrhage affecting left dominant side,45581792,cevd
I69.244,ICD10CM,Monoplegia of lower limb following other nontraumatic intracranial hemorrhage affecting left non-dominant side,45581793,cevd
I69.298,ICD10CM,Other sequelae of other nontraumatic intracranial hemorrhage,45557561,cevd
I69.352,ICD10CM,Hemiplegia and hemiparesis following cerebral infarction affecting left dominant side,45543201,cevd
I69.398,ICD10CM,Other sequelae of cerebral infarction,45596223,cevd
I69.823,ICD10CM,Fluency disorder following other cerebrovascular disease,45552818,cevd
I69.831,ICD10CM,Monoplegia of upper limb following other cerebrovascular disease affecting right dominant side,45543205,cevd
I69.833,ICD10CM,Monoplegia of upper limb following other cerebrovascular disease affecting right non-dominant side,45605824,cevd
I69.849,ICD10CM,Monoplegia of lower limb following other cerebrovascular disease affecting unspecified side,45552820,cevd
I69.861,ICD10CM,Other paralytic syndrome following other cerebrovascular disease affecting right dominant side,45543206,cevd
I69.891,ICD10CM,Dysphagia following other cerebrovascular disease,45538416,cevd
I63.333,ICD10CM,Cerebral infarction due to thrombosis of bilateral posterior cerebral arteries,37200504,cevd
I63.413,ICD10CM,Cerebral infarction due to embolism of bilateral middle cerebral arteries,37200506,cevd
I69.011,ICD10CM,Memory deficit following nontraumatic subarachnoid hemorrhage,37200515,cevd
I69.018,ICD10CM,Other symptoms and signs involving cognitive functions following nontraumatic subarachnoid hemorrhage,37200520,cevd
I69.110,ICD10CM,Attention and concentration deficit following nontraumatic intracerebral hemorrhage,37200522,cevd
I69.215,ICD10CM,Cognitive social or emotional deficit following other nontraumatic intracranial hemorrhage,37200535,cevd
I69.910,ICD10CM,Attention and concentration deficit following unspecified cerebrovascular disease,37200554,cevd
I69.912,ICD10CM,Visuospatial deficit and spatial neglect following unspecified cerebrovascular disease,37200556,cevd
I69.913,ICD10CM,Psychomotor deficit following unspecified cerebrovascular disease,37200557,cevd
F01.51,ICD10CM,"Vascular dementia, unspecified severity, with behavioral disturbance",45600684,dementia
G31.1,ICD10CM,"Senile degeneration of brain, not elsewhere classified",35207360,dementia
F02.81,ICD10CM,"Dementia in other diseases classified elsewhere, unspecified severity, with behavioral disturbance",45595842,dementia
G30.9,ICD10CM,"Alzheimer's disease, unspecified",35207359,dementia
G30.8,ICD10CM,Other Alzheimer's disease,35207358,dementia
G30.1,ICD10CM,Alzheimer's disease with late onset,35207357,dementia
F01.50,ICD10CM,"Vascular dementia, unspecified severity, without behavioral disturbance, psychotic disturbance, mood disturbance, and anxiety",45591073,dementia
F02.80,ICD10CM,"Dementia in other diseases classified elsewhere, unspecified severity, without behavioral disturbance, psychotic disturbance, mood disturbance, and anxiety",45591076,dementia
G30.0,ICD10CM,Alzheimer's disease with early onset,35207356,dementia
F03.90,ICD10CM,"Unspecified dementia, unspecified severity, without behavioral disturbance, psychotic disturbance, mood disturbance, and anxiety",45538000,dementia
F03.91,ICD10CM,"Unspecified dementia, unspecified severity, with behavioral disturbance",45595843,dementia
J63.2,ICD10CM,Berylliosis,35208032,cpd
J67.2,ICD10CM,Bird fancier's lung,35208044,cpd
J42,ICD10CM,Unspecified chronic bronchitis,35208017,cpd
J67.8,ICD10CM,Hypersensitivity pneumonitis due to other organic dusts,35208050,cpd
J67.9,ICD10CM,Hypersensitivity pneumonitis due to unspecified organic dust,35208051,cpd
J43.0,ICD10CM,Unilateral pulmonary emphysema [MacLeod's syndrome],35208018,cpd
J45.42,ICD10CM,Moderate persistent asthma with status asthmaticus,45557626,cpd
J60,ICD10CM,Coalworker's pneumoconiosis,35208026,cpd
J44.9,ICD10CM,"Chronic obstructive pulmonary disease, unspecified",35208025,cpd
J41.0,ICD10CM,Simple chronic bronchitis,35208014,cpd
J67.7,ICD10CM,Air conditioner and humidifier lung,35208049,cpd
J62.8,ICD10CM,Pneumoconiosis due to other dust containing silica,35208029,cpd
J68.4,ICD10CM,"Chronic respiratory conditions due to chemicals, gases, fumes and vapors",35208056,cpd
I27.82,ICD10CM,Chronic pulmonary embolism,45533441,cpd
I27.81,ICD10CM,Cor pulmonale (chronic),45601029,cpd
J45.20,ICD10CM,"Mild intermittent asthma, uncomplicated",45548116,cpd
J45.901,ICD10CM,Unspecified asthma with (acute) exacerbation,45601134,cpd
J66.0,ICD10CM,Byssinosis,35208038,cpd
J67.0,ICD10CM,Farmer's lung,35208042,cpd
J43.9,ICD10CM,"Emphysema, unspecified",35208022,cpd
J70.1,ICD10CM,Chronic and other pulmonary manifestations due to radiation,35208063,cpd
J63.6,ICD10CM,Pneumoconiosis due to other specified inorganic dusts,45586677,cpd
J66.8,ICD10CM,Airway disease due to other specific organic dusts,35208041,cpd
J45.41,ICD10CM,Moderate persistent asthma with (acute) exacerbation,45543269,cpd
J47.0,ICD10CM,Bronchiectasis with acute lower respiratory infection,45562458,cpd
I27.9,ICD10CM,"Pulmonary heart disease, unspecified",35207710,cpd
J67.3,ICD10CM,Suberosis,35208045,cpd
J67.4,ICD10CM,Maltworker's lung,35208046,cpd
J43.1,ICD10CM,Panlobular emphysema,35208019,cpd
J63.1,ICD10CM,Bauxite fibrosis (of lung),35208031,cpd
J63.5,ICD10CM,Stannosis,35208035,cpd
J44.1,ICD10CM,Chronic obstructive pulmonary disease with (acute) exacerbation,35208024,cpd
J70.3,ICD10CM,Chronic drug-induced interstitial lung disorders,35208065,cpd
J45.21,ICD10CM,Mild intermittent asthma with (acute) exacerbation,45572169,cpd
J45.22,ICD10CM,Mild intermittent asthma with status asthmaticus,45572170,cpd
J45.30,ICD10CM,"Mild persistent asthma, uncomplicated",45576951,cpd
J45.32,ICD10CM,Mild persistent asthma with status asthmaticus,45576952,cpd
J66.2,ICD10CM,Cannabinosis,35208040,cpd
I27.83,ICD10CM,Eisenmenger's syndrome,1326598,cpd
J41.1,ICD10CM,Mucopurulent chronic bronchitis,35208015,cpd
J62.0,ICD10CM,Pneumoconiosis due to talc dust,35208028,cpd
J63.3,ICD10CM,Graphite fibrosis (of lung),35208033,cpd
J63.0,ICD10CM,Aluminosis (of lung),35208030,cpd
I27.89,ICD10CM,Other specified pulmonary heart diseases,45533442,cpd
J65,ICD10CM,Pneumoconiosis associated with tuberculosis,35208037,cpd
J45.991,ICD10CM,Cough variant asthma,45586675,cpd
J47.9,ICD10CM,"Bronchiectasis, uncomplicated",45562459,cpd
J67.1,ICD10CM,Bagassosis,35208043,cpd
J64,ICD10CM,Unspecified pneumoconiosis,35208036,cpd
J63.4,ICD10CM,Siderosis,35208034,cpd
J43.2,ICD10CM,Centrilobular emphysema,35208020,cpd
J41.8,ICD10CM,Mixed simple and mucopurulent chronic bronchitis,35208016,cpd
J44.0,ICD10CM,Chronic obstructive pulmonary disease with (acute) lower respiratory infection,35208023,cpd
J45.31,ICD10CM,Mild persistent asthma with (acute) exacerbation,45548117,cpd
J45.40,ICD10CM,"Moderate persistent asthma, uncomplicated",45601133,cpd
J45.902,ICD10CM,Unspecified asthma with status asthmaticus,45543270,cpd
J45.998,ICD10CM,Other asthma,45572171,cpd
J45.990,ICD10CM,Exercise induced bronchospasm,45586674,cpd
J61,ICD10CM,Pneumoconiosis due to asbestos and other mineral fibers,35208027,cpd
J66.1,ICD10CM,Flax-dressers' disease,35208039,cpd
J45.52,ICD10CM,Severe persistent asthma with status asthmaticus,45581860,cpd
J40,ICD10CM,"Bronchitis, not specified as acute or chronic",35208013,cpd
J43.8,ICD10CM,Other emphysema,35208021,cpd
J67.5,ICD10CM,Mushroom-worker's lung,35208047,cpd
J67.6,ICD10CM,Maple-bark-stripper's lung,35208048,cpd
J45.50,ICD10CM,"Severe persistent asthma, uncomplicated",45567265,cpd
J45.51,ICD10CM,Severe persistent asthma with (acute) exacerbation,45567266,cpd
J45.909,ICD10CM,"Unspecified asthma, uncomplicated",45562457,cpd
J47.1,ICD10CM,Bronchiectasis with (acute) exacerbation,45572172,cpd
M34.0,ICD10CM,Progressive systemic sclerosis,35208828,rheumd
M34.9,ICD10CM,"Systemic sclerosis, unspecified",35208831,rheumd
M32.0,ICD10CM,Drug-induced systemic lupus erythematosus,35208825,rheumd
M36.0,ICD10CM,Dermato(poly)myositis in neoplastic disease,35208841,rheumd
M05.031,ICD10CM,"Felty's syndrome, right wrist",45582002,rheumd
M05.121,ICD10CM,Rheumatoid lung disease with rheumatoid arthritis of right elbow,45562582,rheumd
M05.152,ICD10CM,Rheumatoid lung disease with rheumatoid arthritis of left hip,45548254,rheumd
M05.249,ICD10CM,Rheumatoid vasculitis with rheumatoid arthritis of unspecified hand,45538624,rheumd
M05.279,ICD10CM,Rheumatoid vasculitis with rheumatoid arthritis of unspecified ankle and foot,45538626,rheumd
M05.30,ICD10CM,Rheumatoid heart disease with rheumatoid arthritis of unspecified site,45586836,rheumd
M05.312,ICD10CM,Rheumatoid heart disease with rheumatoid arthritis of left shoulder,45567409,rheumd
M05.321,ICD10CM,Rheumatoid heart disease with rheumatoid arthritis of right elbow,45553039,rheumd
M05.452,ICD10CM,Rheumatoid myopathy with rheumatoid arthritis of left hip,45572333,rheumd
M05.511,ICD10CM,Rheumatoid polyneuropathy with rheumatoid arthritis of right shoulder,45538629,rheumd
M05.529,ICD10CM,Rheumatoid polyneuropathy with rheumatoid arthritis of unspecified elbow,45596434,rheumd
M05.552,ICD10CM,Rheumatoid polyneuropathy with rheumatoid arthritis of left hip,45582010,rheumd
M05.559,ICD10CM,Rheumatoid polyneuropathy with rheumatoid arthritis of unspecified hip,45582011,rheumd
M05.652,ICD10CM,Rheumatoid arthritis of left hip with involvement of other organs and systems,45533696,rheumd
M05.70,ICD10CM,Rheumatoid arthritis with rheumatoid factor of unspecified site without organ or systems involvement,45543434,rheumd
M05.752,ICD10CM,Rheumatoid arthritis with rheumatoid factor of left hip without organ or systems involvement,45538633,rheumd
M05.819,ICD10CM,Other rheumatoid arthritis with rheumatoid factor of unspecified shoulder,45557761,rheumd
M05.841,ICD10CM,Other rheumatoid arthritis with rheumatoid factor of right hand,45586838,rheumd
M05.859,ICD10CM,Other rheumatoid arthritis with rheumatoid factor of unspecified hip,45533700,rheumd
M06.021,ICD10CM,"Rheumatoid arthritis without rheumatoid factor, right elbow",45557762,rheumd
M06.041,ICD10CM,"Rheumatoid arthritis without rheumatoid factor, right hand",45606055,rheumd
M06.079,ICD10CM,"Rheumatoid arthritis without rheumatoid factor, unspecified ankle and foot",45533703,rheumd
M06.212,ICD10CM,"Rheumatoid bursitis, left shoulder",45591702,rheumd
M06.221,ICD10CM,"Rheumatoid bursitis, right elbow",45577112,rheumd
M06.222,ICD10CM,"Rheumatoid bursitis, left elbow",45601285,rheumd
M06.269,ICD10CM,"Rheumatoid bursitis, unspecified knee",45562595,rheumd
M06.272,ICD10CM,"Rheumatoid bursitis, left ankle and foot",45586842,rheumd
M06.312,ICD10CM,"Rheumatoid nodule, left shoulder",45606061,rheumd
M06.869,ICD10CM,"Other specified rheumatoid arthritis, unspecified knee",45548271,rheumd
M32.10,ICD10CM,"Systemic lupus erythematosus, organ or system involvement unspecified",45582126,rheumd
M32.14,ICD10CM,Glomerular disease in systemic lupus erythematosus,45562709,rheumd
M32.19,ICD10CM,Other organ or system involvement in systemic lupus erythematosus,45606214,rheumd
M05.069,ICD10CM,"Felty's syndrome, unspecified knee",45577091,rheumd
M33.10,ICD10CM,"Other dermatomyositis, organ involvement unspecified",45562710,rheumd
M33.90,ICD10CM,"Dermatopolymyositis, unspecified, organ involvement unspecified",45553170,rheumd
M31.5,ICD10CM,Giant cell arteritis with polymyalgia rheumatica,35208820,rheumd
M05.049,ICD10CM,"Felty's syndrome, unspecified hand",45567405,rheumd
M05.69,ICD10CM,Rheumatoid arthritis of multiple sites with involvement of other organs and systems,45567417,rheumd
M05.019,ICD10CM,"Felty's syndrome, unspecified shoulder",45567403,rheumd
M05.111,ICD10CM,Rheumatoid lung disease with rheumatoid arthritis of right shoulder,45586834,rheumd
M05.119,ICD10CM,Rheumatoid lung disease with rheumatoid arthritis of unspecified shoulder,45582003,rheumd
M05.122,ICD10CM,Rheumatoid lung disease with rheumatoid arthritis of left elbow,45582004,rheumd
M05.211,ICD10CM,Rheumatoid vasculitis with rheumatoid arthritis of right shoulder,45601275,rheumd
M05.221,ICD10CM,Rheumatoid vasculitis with rheumatoid arthritis of right elbow,45596425,rheumd
M05.229,ICD10CM,Rheumatoid vasculitis with rheumatoid arthritis of unspecified elbow,45591689,rheumd
M05.231,ICD10CM,Rheumatoid vasculitis with rheumatoid arthritis of right wrist,45543431,rheumd
M05.252,ICD10CM,Rheumatoid vasculitis with rheumatoid arthritis of left hip,45533691,rheumd
M05.259,ICD10CM,Rheumatoid vasculitis with rheumatoid arthritis of unspecified hip,45596427,rheumd
M05.269,ICD10CM,Rheumatoid vasculitis with rheumatoid arthritis of unspecified knee,45591690,rheumd
M05.329,ICD10CM,Rheumatoid heart disease with rheumatoid arthritis of unspecified elbow,45533692,rheumd
M05.332,ICD10CM,Rheumatoid heart disease with rheumatoid arthritis of left wrist,45572329,rheumd
M05.352,ICD10CM,Rheumatoid heart disease with rheumatoid arthritis of left hip,45557756,rheumd
M05.379,ICD10CM,Rheumatoid heart disease with rheumatoid arthritis of unspecified ankle and foot,45557757,rheumd
M05.40,ICD10CM,Rheumatoid myopathy with rheumatoid arthritis of unspecified site,45572332,rheumd
M05.519,ICD10CM,Rheumatoid polyneuropathy with rheumatoid arthritis of unspecified shoulder,45596433,rheumd
M05.522,ICD10CM,Rheumatoid polyneuropathy with rheumatoid arthritis of left elbow,45533695,rheumd
M05.621,ICD10CM,Rheumatoid arthritis of right elbow with involvement of other organs and systems,45601277,rheumd
M05.632,ICD10CM,Rheumatoid arthritis of left wrist with involvement of other organs and systems,45601278,rheumd
M05.661,ICD10CM,Rheumatoid arthritis of right knee with involvement of other organs and systems,45606047,rheumd
M05.662,ICD10CM,Rheumatoid arthritis of left knee with involvement of other organs and systems,45591699,rheumd
M05.671,ICD10CM,Rheumatoid arthritis of right ankle and foot with involvement of other organs and systems,45553043,rheumd
M05.729,ICD10CM,Rheumatoid arthritis with rheumatoid factor of unspecified elbow without organ or systems involvement,45562591,rheumd
M05.749,ICD10CM,Rheumatoid arthritis with rheumatoid factor of unspecified hand without organ or systems involvement,45582015,rheumd
M05.751,ICD10CM,Rheumatoid arthritis with rheumatoid factor of right hip without organ or systems involvement,45572338,rheumd
M05.822,ICD10CM,Other rheumatoid arthritis with rheumatoid factor of left elbow,45601281,rheumd
M05.839,ICD10CM,Other rheumatoid arthritis with rheumatoid factor of unspecified wrist,45553047,rheumd
M05.872,ICD10CM,Other rheumatoid arthritis with rheumatoid factor of left ankle and foot,45586839,rheumd
M06.031,ICD10CM,"Rheumatoid arthritis without rheumatoid factor, right wrist",45606054,rheumd
M06.231,ICD10CM,"Rheumatoid bursitis, right wrist",45557764,rheumd
M06.261,ICD10CM,"Rheumatoid bursitis, right knee",45586841,rheumd
M06.322,ICD10CM,"Rheumatoid nodule, left elbow",45553052,rheumd
M06.359,ICD10CM,"Rheumatoid nodule, unspecified hip",45591704,rheumd
M06.361,ICD10CM,"Rheumatoid nodule, right knee",45553053,rheumd
M06.362,ICD10CM,"Rheumatoid nodule, left knee",45562597,rheumd
M06.812,ICD10CM,"Other specified rheumatoid arthritis, left shoulder",45567422,rheumd
M06.862,ICD10CM,"Other specified rheumatoid arthritis, left knee",45562600,rheumd
M33.12,ICD10CM,Other dermatomyositis with myopathy,45591822,rheumd
M05.059,ICD10CM,"Felty's syndrome, unspecified hip",45543428,rheumd
M05.8A,ICD10CM,Other rheumatoid arthritis with rheumatoid factor of other specified site,725371,rheumd
M05.00,ICD10CM,"Felty's syndrome, unspecified site",45586833,rheumd
M06.1,ICD10CM,Adult-onset Still's disease,35208751,rheumd
M32.12,ICD10CM,Pericarditis in systemic lupus erythematosus,45601434,rheumd
M06.89,ICD10CM,"Other specified rheumatoid arthritis, multiple sites",45586845,rheumd
M05.021,ICD10CM,"Felty's syndrome, right elbow",45557752,rheumd
M05.022,ICD10CM,"Felty's syndrome, left elbow",45562581,rheumd
M05.042,ICD10CM,"Felty's syndrome, left hand",45548250,rheumd
M05.072,ICD10CM,"Felty's syndrome, left ankle and foot",45548252,rheumd
M05.129,ICD10CM,Rheumatoid lung disease with rheumatoid arthritis of unspecified elbow,45543429,rheumd
M05.171,ICD10CM,Rheumatoid lung disease with rheumatoid arthritis of right ankle and foot,45601274,rheumd
M05.172,ICD10CM,Rheumatoid lung disease with rheumatoid arthritis of left ankle and foot,45582006,rheumd
M05.319,ICD10CM,Rheumatoid heart disease with rheumatoid arthritis of unspecified shoulder,45557755,rheumd
M05.341,ICD10CM,Rheumatoid heart disease with rheumatoid arthritis of right hand,45582008,rheumd
M05.349,ICD10CM,Rheumatoid heart disease with rheumatoid arthritis of unspecified hand,45601276,rheumd
M05.369,ICD10CM,Rheumatoid heart disease with rheumatoid arthritis of unspecified knee,45567410,rheumd
M05.412,ICD10CM,Rheumatoid myopathy with rheumatoid arthritis of left shoulder,45596430,rheumd
M05.429,ICD10CM,Rheumatoid myopathy with rheumatoid arthritis of unspecified elbow,45557758,rheumd
M05.459,ICD10CM,Rheumatoid myopathy with rheumatoid arthritis of unspecified hip,45548256,rheumd
M05.512,ICD10CM,Rheumatoid polyneuropathy with rheumatoid arthritis of left shoulder,45606046,rheumd
M05.579,ICD10CM,Rheumatoid polyneuropathy with rheumatoid arthritis of unspecified ankle and foot,45553041,rheumd
M05.59,ICD10CM,Rheumatoid polyneuropathy with rheumatoid arthritis of multiple sites,45567415,rheumd
M05.612,ICD10CM,Rheumatoid arthritis of left shoulder with involvement of other organs and systems,45577101,rheumd
M05.631,ICD10CM,Rheumatoid arthritis of right wrist with involvement of other organs and systems,45577102,rheumd
M05.679,ICD10CM,Rheumatoid arthritis of unspecified ankle and foot with involvement of other organs and systems,45601279,rheumd
M05.711,ICD10CM,Rheumatoid arthritis with rheumatoid factor of right shoulder without organ or systems involvement,45596436,rheumd
M05.721,ICD10CM,Rheumatoid arthritis with rheumatoid factor of right elbow without organ or systems involvement,45548261,rheumd
M05.779,ICD10CM,Rheumatoid arthritis with rheumatoid factor of unspecified ankle and foot without organ or systems involvement,45596439,rheumd
M05.811,ICD10CM,Other rheumatoid arthritis with rheumatoid factor of right shoulder,45562592,rheumd
M05.851,ICD10CM,Other rheumatoid arthritis with rheumatoid factor of right hip,45606052,rheumd
M05.9,ICD10CM,"Rheumatoid arthritis with rheumatoid factor, unspecified",35208750,rheumd
M06.00,ICD10CM,"Rheumatoid arthritis without rheumatoid factor, unspecified site",45596442,rheumd
M06.011,ICD10CM,"Rheumatoid arthritis without rheumatoid factor, right shoulder",45606053,rheumd
M06.019,ICD10CM,"Rheumatoid arthritis without rheumatoid factor, unspecified shoulder",45591701,rheumd
M06.049,ICD10CM,"Rheumatoid arthritis without rheumatoid factor, unspecified hand",45577107,rheumd
M06.059,ICD10CM,"Rheumatoid arthritis without rheumatoid factor, unspecified hip",45577108,rheumd
M06.229,ICD10CM,"Rheumatoid bursitis, unspecified elbow",45538636,rheumd
M06.279,ICD10CM,"Rheumatoid bursitis, unspecified ankle and foot",45562596,rheumd
M06.331,ICD10CM,"Rheumatoid nodule, right wrist",45577115,rheumd
M06.351,ICD10CM,"Rheumatoid nodule, right hip",45538638,rheumd
M06.38,ICD10CM,"Rheumatoid nodule, vertebrae",45582017,rheumd
M06.829,ICD10CM,"Other specified rheumatoid arthritis, unspecified elbow",45596446,rheumd
M06.831,ICD10CM,"Other specified rheumatoid arthritis, right wrist",45577117,rheumd
M06.841,ICD10CM,"Other specified rheumatoid arthritis, right hand",45606063,rheumd
M06.849,ICD10CM,"Other specified rheumatoid arthritis, unspecified hand",45577119,rheumd
M06.861,ICD10CM,"Other specified rheumatoid arthritis, right knee",45601289,rheumd
M06.872,ICD10CM,"Other specified rheumatoid arthritis, left ankle and foot",45591705,rheumd
M34.83,ICD10CM,Systemic sclerosis with polyneuropathy,45582130,rheumd
M05.7A,ICD10CM,Rheumatoid arthritis with rheumatoid factor of other specified site without organ or systems involvement,725370,rheumd
M35.3,ICD10CM,Polymyalgia rheumatica,35208834,rheumd
M06.29,ICD10CM,"Rheumatoid bursitis, multiple sites",45572344,rheumd
M06.30,ICD10CM,"Rheumatoid nodule, unspecified site",45591703,rheumd
M05.051,ICD10CM,"Felty's syndrome, right hip",45591685,rheumd
M05.061,ICD10CM,"Felty's syndrome, right knee",45548251,rheumd
M05.079,ICD10CM,"Felty's syndrome, unspecified ankle and foot",45553036,rheumd
M05.141,ICD10CM,Rheumatoid lung disease with rheumatoid arthritis of right hand,45591688,rheumd
M05.162,ICD10CM,Rheumatoid lung disease with rheumatoid arthritis of left knee,45553037,rheumd
M05.169,ICD10CM,Rheumatoid lung disease with rheumatoid arthritis of unspecified knee,45567407,rheumd
M05.212,ICD10CM,Rheumatoid vasculitis with rheumatoid arthritis of left shoulder,45553038,rheumd
M05.219,ICD10CM,Rheumatoid vasculitis with rheumatoid arthritis of unspecified shoulder,45606041,rheumd
M05.232,ICD10CM,Rheumatoid vasculitis with rheumatoid arthritis of left wrist,45562584,rheumd
M05.239,ICD10CM,Rheumatoid vasculitis with rheumatoid arthritis of unspecified wrist,45606042,rheumd
M05.322,ICD10CM,Rheumatoid heart disease with rheumatoid arthritis of left elbow,45553040,rheumd
M05.331,ICD10CM,Rheumatoid heart disease with rheumatoid arthritis of right wrist,45562586,rheumd
M05.359,ICD10CM,Rheumatoid heart disease with rheumatoid arthritis of unspecified hip,45548255,rheumd
M05.421,ICD10CM,Rheumatoid myopathy with rheumatoid arthritis of right elbow,45562589,rheumd
M05.439,ICD10CM,Rheumatoid myopathy with rheumatoid arthritis of unspecified wrist,45577099,rheumd
M05.469,ICD10CM,Rheumatoid myopathy with rheumatoid arthritis of unspecified knee,45591692,rheumd
M05.479,ICD10CM,Rheumatoid myopathy with rheumatoid arthritis of unspecified ankle and foot,45572334,rheumd
M05.49,ICD10CM,Rheumatoid myopathy with rheumatoid arthritis of multiple sites,45577100,rheumd
M05.521,ICD10CM,Rheumatoid polyneuropathy with rheumatoid arthritis of right elbow,45567414,rheumd
M05.541,ICD10CM,Rheumatoid polyneuropathy with rheumatoid arthritis of right hand,45591694,rheumd
M05.569,ICD10CM,Rheumatoid polyneuropathy with rheumatoid arthritis of unspecified knee,45562590,rheumd
M05.572,ICD10CM,Rheumatoid polyneuropathy with rheumatoid arthritis of left ankle and foot,45582013,rheumd
M05.649,ICD10CM,Rheumatoid arthritis of unspecified hand with involvement of other organs and systems,45572336,rheumd
M05.651,ICD10CM,Rheumatoid arthritis of right hip with involvement of other organs and systems,45548260,rheumd
M05.659,ICD10CM,Rheumatoid arthritis of unspecified hip with involvement of other organs and systems,45567416,rheumd
M05.672,ICD10CM,Rheumatoid arthritis of left ankle and foot with involvement of other organs and systems,45606049,rheumd
M05.762,ICD10CM,Rheumatoid arthritis with rheumatoid factor of left knee without organ or systems involvement,45548263,rheumd
M05.769,ICD10CM,Rheumatoid arthritis with rheumatoid factor of unspecified knee without organ or systems involvement,45533697,rheumd
M05.812,ICD10CM,Other rheumatoid arthritis with rheumatoid factor of left shoulder,45533698,rheumd
M05.831,ICD10CM,Other rheumatoid arthritis with rheumatoid factor of right wrist,45572339,rheumd
M06.029,ICD10CM,"Rheumatoid arthritis without rheumatoid factor, unspecified elbow",45577105,rheumd
M06.032,ICD10CM,"Rheumatoid arthritis without rheumatoid factor, left wrist",45562593,rheumd
M06.069,ICD10CM,"Rheumatoid arthritis without rheumatoid factor, unspecified knee",45538635,rheumd
M06.072,ICD10CM,"Rheumatoid arthritis without rheumatoid factor, left ankle and foot",45567420,rheumd
M06.211,ICD10CM,"Rheumatoid bursitis, right shoulder",45596443,rheumd
M06.219,ICD10CM,"Rheumatoid bursitis, unspecified shoulder",45577111,rheumd
M06.311,ICD10CM,"Rheumatoid nodule, right shoulder",45543438,rheumd
M06.321,ICD10CM,"Rheumatoid nodule, right elbow",45596444,rheumd
M06.332,ICD10CM,"Rheumatoid nodule, left wrist",45586843,rheumd
M06.349,ICD10CM,"Rheumatoid nodule, unspecified hand",45586844,rheumd
M06.352,ICD10CM,"Rheumatoid nodule, left hip",45596445,rheumd
M06.839,ICD10CM,"Other specified rheumatoid arthritis, unspecified wrist",45577118,rheumd
M06.871,ICD10CM,"Other specified rheumatoid arthritis, right ankle and foot",45606064,rheumd
M06.879,ICD10CM,"Other specified rheumatoid arthritis, unspecified ankle and foot",45567425,rheumd
M32.13,ICD10CM,Lung involvement in systemic lupus erythematosus,45567545,rheumd
M33.03,ICD10CM,Juvenile dermatomyositis without myopathy,1326704,rheumd
M06.8A,ICD10CM,"Other specified rheumatoid arthritis, other specified site",725373,rheumd
M34.2,ICD10CM,Systemic sclerosis induced by drug and chemical,35208830,rheumd
M35.1,ICD10CM,Other overlap syndromes,35208832,rheumd
M05.09,ICD10CM,"Felty's syndrome, multiple sites",45577092,rheumd
M05.60,ICD10CM,Rheumatoid arthritis of unspecified site with involvement of other organs and systems,45548259,rheumd
M05.012,ICD10CM,"Felty's syndrome, left shoulder",45533689,rheumd
M05.052,ICD10CM,"Felty's syndrome, left hip",45577090,rheumd
M05.151,ICD10CM,Rheumatoid lung disease with rheumatoid arthritis of right hip,45548253,rheumd
M05.241,ICD10CM,Rheumatoid vasculitis with rheumatoid arthritis of right hand,45596426,rheumd
M05.271,ICD10CM,Rheumatoid vasculitis with rheumatoid arthritis of right ankle and foot,45591691,rheumd
M05.372,ICD10CM,Rheumatoid heart disease with rheumatoid arthritis of left ankle and foot,45586837,rheumd
M05.431,ICD10CM,Rheumatoid myopathy with rheumatoid arthritis of right wrist,45567411,rheumd
M05.461,ICD10CM,Rheumatoid myopathy with rheumatoid arthritis of right knee,45567412,rheumd
M05.471,ICD10CM,Rheumatoid myopathy with rheumatoid arthritis of right ankle and foot,45557759,rheumd
M05.542,ICD10CM,Rheumatoid polyneuropathy with rheumatoid arthritis of left hand,45538631,rheumd
M05.642,ICD10CM,Rheumatoid arthritis of left hand with involvement of other organs and systems,45572335,rheumd
M05.731,ICD10CM,Rheumatoid arthritis with rheumatoid factor of right wrist without organ or systems involvement,45606050,rheumd
M05.742,ICD10CM,Rheumatoid arthritis with rheumatoid factor of left hand without organ or systems involvement,45596437,rheumd
M05.759,ICD10CM,Rheumatoid arthritis with rheumatoid factor of unspecified hip without organ or systems involvement,45567419,rheumd
M05.771,ICD10CM,Rheumatoid arthritis with rheumatoid factor of right ankle and foot without organ or systems involvement,45596438,rheumd
M05.79,ICD10CM,Rheumatoid arthritis with rheumatoid factor of multiple sites without organ or systems involvement,45553045,rheumd
M05.829,ICD10CM,Other rheumatoid arthritis with rheumatoid factor of unspecified elbow,45533699,rheumd
M05.852,ICD10CM,Other rheumatoid arthritis with rheumatoid factor of left hip,45601283,rheumd
M05.869,ICD10CM,Other rheumatoid arthritis with rheumatoid factor of unspecified knee,45548264,rheumd
M05.879,ICD10CM,Other rheumatoid arthritis with rheumatoid factor of unspecified ankle and foot,45548266,rheumd
M06.051,ICD10CM,"Rheumatoid arthritis without rheumatoid factor, right hip",45557763,rheumd
M06.232,ICD10CM,"Rheumatoid bursitis, left wrist",45572342,rheumd
M06.242,ICD10CM,"Rheumatoid bursitis, left hand",45606059,rheumd
M06.262,ICD10CM,"Rheumatoid bursitis, left knee",45562594,rheumd
M06.271,ICD10CM,"Rheumatoid bursitis, right ankle and foot",45577114,rheumd
M06.371,ICD10CM,"Rheumatoid nodule, right ankle and foot",45601287,rheumd
M06.372,ICD10CM,"Rheumatoid nodule, left ankle and foot",45548269,rheumd
M06.379,ICD10CM,"Rheumatoid nodule, unspecified ankle and foot",45572345,rheumd
M06.811,ICD10CM,"Other specified rheumatoid arthritis, right shoulder",45572346,rheumd
M06.821,ICD10CM,"Other specified rheumatoid arthritis, right elbow",45538639,rheumd
M06.822,ICD10CM,"Other specified rheumatoid arthritis, left elbow",45562598,rheumd
M06.859,ICD10CM,"Other specified rheumatoid arthritis, unspecified hip",45567424,rheumd
M32.15,ICD10CM,Tubulo-interstitial nephropathy in systemic lupus erythematosus,45591820,rheumd
M33.91,ICD10CM,"Dermatopolymyositis, unspecified with respiratory involvement",45572447,rheumd
M33.99,ICD10CM,"Dermatopolymyositis, unspecified with other organ involvement",45586956,rheumd
M33.21,ICD10CM,Polymyositis with respiratory involvement,45596564,rheumd
M33.00,ICD10CM,"Juvenile dermatomyositis, organ involvement unspecified",45567547,rheumd
M33.02,ICD10CM,Juvenile dermatomyositis with myopathy,45591821,rheumd
M06.4,ICD10CM,Inflammatory polyarthropathy,35208752,rheumd
M34.1,ICD10CM,CR(E)ST syndrome,35208829,rheumd
M34.81,ICD10CM,Systemic sclerosis with lung involvement,45596565,rheumd
M32.8,ICD10CM,Other forms of systemic lupus erythematosus,35208826,rheumd
M05.011,ICD10CM,"Felty's syndrome, right shoulder",45606039,rheumd
M05.039,ICD10CM,"Felty's syndrome, unspecified wrist",45538622,rheumd
M05.062,ICD10CM,"Felty's syndrome, left knee",45572326,rheumd
M05.132,ICD10CM,Rheumatoid lung disease with rheumatoid arthritis of left wrist,45582005,rheumd
M05.20,ICD10CM,Rheumatoid vasculitis with rheumatoid arthritis of unspecified site,45572327,rheumd
M05.29,ICD10CM,Rheumatoid vasculitis with rheumatoid arthritis of multiple sites,45596428,rheumd
M05.311,ICD10CM,Rheumatoid heart disease with rheumatoid arthritis of right shoulder,45562585,rheumd
M05.361,ICD10CM,Rheumatoid heart disease with rheumatoid arthritis of right knee,45572330,rheumd
M05.362,ICD10CM,Rheumatoid heart disease with rheumatoid arthritis of left knee,45562588,rheumd
M05.441,ICD10CM,Rheumatoid myopathy with rheumatoid arthritis of right hand,45533693,rheumd
M05.451,ICD10CM,Rheumatoid myopathy with rheumatoid arthritis of right hip,45543432,rheumd
M05.472,ICD10CM,Rheumatoid myopathy with rheumatoid arthritis of left ankle and foot,45538628,rheumd
M05.50,ICD10CM,Rheumatoid polyneuropathy with rheumatoid arthritis of unspecified site,45567413,rheumd
M05.539,ICD10CM,Rheumatoid polyneuropathy with rheumatoid arthritis of unspecified wrist,45538630,rheumd
M05.549,ICD10CM,Rheumatoid polyneuropathy with rheumatoid arthritis of unspecified hand,45543433,rheumd
M05.619,ICD10CM,Rheumatoid arthritis of unspecified shoulder with involvement of other organs and systems,45553042,rheumd
M05.622,ICD10CM,Rheumatoid arthritis of left elbow with involvement of other organs and systems,45591696,rheumd
M05.639,ICD10CM,Rheumatoid arthritis of unspecified wrist with involvement of other organs and systems,45557760,rheumd
M05.719,ICD10CM,Rheumatoid arthritis with rheumatoid factor of unspecified shoulder without organ or systems involvement,45567418,rheumd
M05.741,ICD10CM,Rheumatoid arthritis with rheumatoid factor of right hand without organ or systems involvement,45606051,rheumd
M05.80,ICD10CM,Other rheumatoid arthritis with rheumatoid factor of unspecified site,45553046,rheumd
M05.821,ICD10CM,Other rheumatoid arthritis with rheumatoid factor of right elbow,45601280,rheumd
M05.861,ICD10CM,Other rheumatoid arthritis with rheumatoid factor of right knee,45543436,rheumd
M06.022,ICD10CM,"Rheumatoid arthritis without rheumatoid factor, left elbow",45577104,rheumd
M06.062,ICD10CM,"Rheumatoid arthritis without rheumatoid factor, left knee",45553051,rheumd
M06.071,ICD10CM,"Rheumatoid arthritis without rheumatoid factor, right ankle and foot",45577109,rheumd
M06.09,ICD10CM,"Rheumatoid arthritis without rheumatoid factor, multiple sites",45572341,rheumd
M06.259,ICD10CM,"Rheumatoid bursitis, unspecified hip",45606060,rheumd
M06.341,ICD10CM,"Rheumatoid nodule, right hand",45548268,rheumd
M06.342,ICD10CM,"Rheumatoid nodule, left hand",45606062,rheumd
M06.842,ICD10CM,"Other specified rheumatoid arthritis, left hand",45562599,rheumd
M32.11,ICD10CM,Endocarditis in systemic lupus erythematosus,45601433,rheumd
M33.29,ICD10CM,Polymyositis with other organ involvement,45591823,rheumd
M33.92,ICD10CM,"Dermatopolymyositis, unspecified with myopathy",45582127,rheumd
M33.09,ICD10CM,Juvenile dermatomyositis with other organ involvement,45533827,rheumd
M06.0A,ICD10CM,"Rheumatoid arthritis without rheumatoid factor, other specified site",725372,rheumd
M06.9,ICD10CM,"Rheumatoid arthritis, unspecified",35208753,rheumd
M32.9,ICD10CM,"Systemic lupus erythematosus, unspecified",35208827,rheumd
M05.032,ICD10CM,"Felty's syndrome, left wrist",45567404,rheumd
M05.041,ICD10CM,"Felty's syndrome, right hand",45548249,rheumd
M05.112,ICD10CM,Rheumatoid lung disease with rheumatoid arthritis of left shoulder,45591687,rheumd
M05.139,ICD10CM,Rheumatoid lung disease with rheumatoid arthritis of unspecified wrist,45567406,rheumd
M05.142,ICD10CM,Rheumatoid lung disease with rheumatoid arthritis of left hand,45577093,rheumd
M05.161,ICD10CM,Rheumatoid lung disease with rheumatoid arthritis of right knee,45577095,rheumd
M05.261,ICD10CM,Rheumatoid vasculitis with rheumatoid arthritis of right knee,45572328,rheumd
M05.262,ICD10CM,Rheumatoid vasculitis with rheumatoid arthritis of left knee,45567408,rheumd
M05.351,ICD10CM,Rheumatoid heart disease with rheumatoid arthritis of right hip,45538627,rheumd
M05.411,ICD10CM,Rheumatoid myopathy with rheumatoid arthritis of right shoulder,45596429,rheumd
M05.422,ICD10CM,Rheumatoid myopathy with rheumatoid arthritis of left elbow,45606044,rheumd
M05.432,ICD10CM,Rheumatoid myopathy with rheumatoid arthritis of left wrist,45582009,rheumd
M05.532,ICD10CM,Rheumatoid polyneuropathy with rheumatoid arthritis of left wrist,45591693,rheumd
M05.551,ICD10CM,Rheumatoid polyneuropathy with rheumatoid arthritis of right hip,45591695,rheumd
M05.611,ICD10CM,Rheumatoid arthritis of right shoulder with involvement of other organs and systems,45596435,rheumd
M05.629,ICD10CM,Rheumatoid arthritis of unspecified elbow with involvement of other organs and systems,45591697,rheumd
M05.641,ICD10CM,Rheumatoid arthritis of right hand with involvement of other organs and systems,45591698,rheumd
M05.722,ICD10CM,Rheumatoid arthritis with rheumatoid factor of left elbow without organ or systems involvement,45572337,rheumd
M05.732,ICD10CM,Rheumatoid arthritis with rheumatoid factor of left wrist without organ or systems involvement,45582014,rheumd
M05.761,ICD10CM,Rheumatoid arthritis with rheumatoid factor of right knee without organ or systems involvement,45548262,rheumd
M05.772,ICD10CM,Rheumatoid arthritis with rheumatoid factor of left ankle and foot without organ or systems involvement,45591700,rheumd
M05.842,ICD10CM,Other rheumatoid arthritis with rheumatoid factor of left hand,45582016,rheumd
M05.89,ICD10CM,Other rheumatoid arthritis with rheumatoid factor of multiple sites,45553049,rheumd
M06.042,ICD10CM,"Rheumatoid arthritis without rheumatoid factor, left hand",45572340,rheumd
M06.052,ICD10CM,"Rheumatoid arthritis without rheumatoid factor, left hip",45533702,rheumd
M06.239,ICD10CM,"Rheumatoid bursitis, unspecified wrist",45606058,rheumd
M06.241,ICD10CM,"Rheumatoid bursitis, right hand",45543437,rheumd
M06.319,ICD10CM,"Rheumatoid nodule, unspecified shoulder",45548267,rheumd
M06.339,ICD10CM,"Rheumatoid nodule, unspecified wrist",45557765,rheumd
M06.819,ICD10CM,"Other specified rheumatoid arthritis, unspecified shoulder",45601288,rheumd
M06.851,ICD10CM,"Other specified rheumatoid arthritis, right hip",45543442,rheumd
M06.852,ICD10CM,"Other specified rheumatoid arthritis, left hip",45543443,rheumd
M33.11,ICD10CM,Other dermatomyositis with respiratory involvement,45572446,rheumd
M33.22,ICD10CM,Polymyositis with myopathy,45557865,rheumd
M34.82,ICD10CM,Systemic sclerosis with myopathy,45553171,rheumd
M34.89,ICD10CM,Other systemic sclerosis,45572448,rheumd
M05.029,ICD10CM,"Felty's syndrome, unspecified elbow",45548248,rheumd
M33.01,ICD10CM,Juvenile dermatomyositis with respiratory involvement,45557864,rheumd
M33.13,ICD10CM,Other dermatomyositis without myopathy,1326705,rheumd
M33.19,ICD10CM,Other dermatomyositis with other organ involvement,45553168,rheumd
M06.20,ICD10CM,"Rheumatoid bursitis, unspecified site",45606057,rheumd
M06.80,ICD10CM,"Other specified rheumatoid arthritis, unspecified site",45548270,rheumd
M06.39,ICD10CM,"Rheumatoid nodule, multiple sites",45543440,rheumd
M05.071,ICD10CM,"Felty's syndrome, right ankle and foot",45533690,rheumd
M05.10,ICD10CM,Rheumatoid lung disease with rheumatoid arthritis of unspecified site,45591686,rheumd
M05.131,ICD10CM,Rheumatoid lung disease with rheumatoid arthritis of right wrist,45543430,rheumd
M05.149,ICD10CM,Rheumatoid lung disease with rheumatoid arthritis of unspecified hand,45577094,rheumd
M05.159,ICD10CM,Rheumatoid lung disease with rheumatoid arthritis of unspecified hip,45538623,rheumd
M05.179,ICD10CM,Rheumatoid lung disease with rheumatoid arthritis of unspecified ankle and foot,45606040,rheumd
M05.19,ICD10CM,Rheumatoid lung disease with rheumatoid arthritis of multiple sites,45557754,rheumd
M05.222,ICD10CM,Rheumatoid vasculitis with rheumatoid arthritis of left elbow,45586835,rheumd
M05.242,ICD10CM,Rheumatoid vasculitis with rheumatoid arthritis of left hand,45606043,rheumd
M05.251,ICD10CM,Rheumatoid vasculitis with rheumatoid arthritis of right hip,45577096,rheumd
M05.272,ICD10CM,Rheumatoid vasculitis with rheumatoid arthritis of left ankle and foot,45538625,rheumd
M05.339,ICD10CM,Rheumatoid heart disease with rheumatoid arthritis of unspecified wrist,45582007,rheumd
M05.342,ICD10CM,Rheumatoid heart disease with rheumatoid arthritis of left hand,45562587,rheumd
M05.371,ICD10CM,Rheumatoid heart disease with rheumatoid arthritis of right ankle and foot,45572331,rheumd
M05.39,ICD10CM,Rheumatoid heart disease with rheumatoid arthritis of multiple sites,45577098,rheumd
M05.419,ICD10CM,Rheumatoid myopathy with rheumatoid arthritis of unspecified shoulder,45596431,rheumd
M05.449,ICD10CM,Rheumatoid myopathy with rheumatoid arthritis of unspecified hand,45606045,rheumd
M05.442,ICD10CM,Rheumatoid myopathy with rheumatoid arthritis of left hand,45596432,rheumd
M05.462,ICD10CM,Rheumatoid myopathy with rheumatoid arthritis of left knee,45533694,rheumd
M05.531,ICD10CM,Rheumatoid polyneuropathy with rheumatoid arthritis of right wrist,45548257,rheumd
M05.561,ICD10CM,Rheumatoid polyneuropathy with rheumatoid arthritis of right knee,45548258,rheumd
M05.562,ICD10CM,Rheumatoid polyneuropathy with rheumatoid arthritis of left knee,45582012,rheumd
M05.571,ICD10CM,Rheumatoid polyneuropathy with rheumatoid arthritis of right ankle and foot,45538632,rheumd
M05.669,ICD10CM,Rheumatoid arthritis of unspecified knee with involvement of other organs and systems,45606048,rheumd
M05.712,ICD10CM,Rheumatoid arthritis with rheumatoid factor of left shoulder without organ or systems involvement,45543435,rheumd
M05.739,ICD10CM,Rheumatoid arthritis with rheumatoid factor of unspecified wrist without organ or systems involvement,45553044,rheumd
M05.832,ICD10CM,Other rheumatoid arthritis with rheumatoid factor of left wrist,45596440,rheumd
M05.849,ICD10CM,Other rheumatoid arthritis with rheumatoid factor of unspecified hand,45601282,rheumd
M05.862,ICD10CM,Other rheumatoid arthritis with rheumatoid factor of left knee,45553048,rheumd
M05.871,ICD10CM,Other rheumatoid arthritis with rheumatoid factor of right ankle and foot,45548265,rheumd
M06.012,ICD10CM,"Rheumatoid arthritis without rheumatoid factor, left shoulder",45533701,rheumd
M06.039,ICD10CM,"Rheumatoid arthritis without rheumatoid factor, unspecified wrist",45577106,rheumd
M06.061,ICD10CM,"Rheumatoid arthritis without rheumatoid factor, right knee",45601284,rheumd
M06.08,ICD10CM,"Rheumatoid arthritis without rheumatoid factor, vertebrae",45606056,rheumd
M06.249,ICD10CM,"Rheumatoid bursitis, unspecified hand",45577113,rheumd
M06.251,ICD10CM,"Rheumatoid bursitis, right hip",45586840,rheumd
M06.252,ICD10CM,"Rheumatoid bursitis, left hip",45601286,rheumd
M06.28,ICD10CM,"Rheumatoid bursitis, vertebrae",45572343,rheumd
M06.329,ICD10CM,"Rheumatoid nodule, unspecified elbow",45543439,rheumd
M06.369,ICD10CM,"Rheumatoid nodule, unspecified knee",45577116,rheumd
M06.832,ICD10CM,"Other specified rheumatoid arthritis, left wrist",45567423,rheumd
M06.88,ICD10CM,"Other specified rheumatoid arthritis, vertebrae",45567426,rheumd
M33.20,ICD10CM,"Polymyositis, organ involvement unspecified",45548402,rheumd
M33.93,ICD10CM,"Dermatopolymyositis, unspecified without myopathy",1326706,rheumd
K26.4,ICD10CM,Chronic or unspecified duodenal ulcer with hemorrhage,35208214,pud
K28.0,ICD10CM,Acute gastrojejunal ulcer with hemorrhage,35208228,pud
K25.3,ICD10CM,Acute gastric ulcer without hemorrhage or perforation,35208204,pud
K26.9,ICD10CM,"Duodenal ulcer, unspecified as acute or chronic, without hemorrhage or perforation",35208218,pud
K27.7,ICD10CM,"Chronic peptic ulcer, site unspecified, without hemorrhage or perforation",35208226,pud
K27.9,ICD10CM,"Peptic ulcer, site unspecified, unspecified as acute or chronic, without hemorrhage or perforation",35208227,pud
K28.4,ICD10CM,Chronic or unspecified gastrojejunal ulcer with hemorrhage,35208232,pud
K26.3,ICD10CM,Acute duodenal ulcer without hemorrhage or perforation,35208213,pud
K27.5,ICD10CM,"Chronic or unspecified peptic ulcer, site unspecified, with perforation",35208224,pud
K27.3,ICD10CM,"Acute peptic ulcer, site unspecified, without hemorrhage or perforation",35208222,pud
K26.1,ICD10CM,Acute duodenal ulcer with perforation,35208211,pud
K28.5,ICD10CM,Chronic or unspecified gastrojejunal ulcer with perforation,35208233,pud
K26.7,ICD10CM,Chronic duodenal ulcer without hemorrhage or perforation,35208217,pud
K26.6,ICD10CM,Chronic or unspecified duodenal ulcer with both hemorrhage and perforation,35208216,pud
K25.1,ICD10CM,Acute gastric ulcer with perforation,35208202,pud
K25.2,ICD10CM,Acute gastric ulcer with both hemorrhage and perforation,35208203,pud
K26.0,ICD10CM,Acute duodenal ulcer with hemorrhage,35208210,pud
K25.6,ICD10CM,Chronic or unspecified gastric ulcer with both hemorrhage and perforation,35208207,pud
K28.9,ICD10CM,"Gastrojejunal ulcer, unspecified as acute or chronic, without hemorrhage or perforation",35208236,pud
K25.0,ICD10CM,Acute gastric ulcer with hemorrhage,35208201,pud
K25.4,ICD10CM,Chronic or unspecified gastric ulcer with hemorrhage,35208205,pud
K25.9,ICD10CM,"Gastric ulcer, unspecified as acute or chronic, without hemorrhage or perforation",35208209,pud
K25.5,ICD10CM,Chronic or unspecified gastric ulcer with perforation,35208206,pud
K28.1,ICD10CM,Acute gastrojejunal ulcer with perforation,35208229,pud
K25.7,ICD10CM,Chronic gastric ulcer without hemorrhage or perforation,35208208,pud
K27.0,ICD10CM,"Acute peptic ulcer, site unspecified, with hemorrhage",35208219,pud
K26.5,ICD10CM,Chronic or unspecified duodenal ulcer with perforation,35208215,pud
K28.3,ICD10CM,Acute gastrojejunal ulcer without hemorrhage or perforation,35208231,pud
K28.7,ICD10CM,Chronic gastrojejunal ulcer without hemorrhage or perforation,35208235,pud
K27.4,ICD10CM,"Chronic or unspecified peptic ulcer, site unspecified, with hemorrhage",35208223,pud
K28.6,ICD10CM,Chronic or unspecified gastrojejunal ulcer with both hemorrhage and perforation,35208234,pud
K27.2,ICD10CM,"Acute peptic ulcer, site unspecified, with both hemorrhage and perforation",35208221,pud
K27.6,ICD10CM,"Chronic or unspecified peptic ulcer, site unspecified, with both hemorrhage and perforation",35208225,pud
K26.2,ICD10CM,Acute duodenal ulcer with both hemorrhage and perforation,35208212,pud
K28.2,ICD10CM,Acute gastrojejunal ulcer with both hemorrhage and perforation,35208230,pud
K27.1,ICD10CM,"Acute peptic ulcer, site unspecified, with perforation",35208220,pud
K70.0,ICD10CM,Alcoholic fatty liver,35208330,mld
K76.9,ICD10CM,"Liver disease, unspecified",35208368,mld
B18.1,ICD10CM,Chronic viral hepatitis B without delta-agent,35205770,mld
B18.9,ICD10CM,"Chronic viral hepatitis, unspecified",35205773,mld
K71.4,ICD10CM,Toxic liver disease with chronic lobular hepatitis,35208336,mld
K73.8,ICD10CM,"Other chronic hepatitis, not elsewhere classified",35208344,mld
K70.31,ICD10CM,Alcoholic cirrhosis of liver with ascites,45538545,mld
K74.5,ICD10CM,"Biliary cirrhosis, unspecified",35208351,mld
K76.3,ICD10CM,Infarction of liver,35208362,mld
K74.3,ICD10CM,Primary biliary cirrhosis,35208349,mld
K73.2,ICD10CM,"Chronic active hepatitis, not elsewhere classified",35208343,mld
K70.30,ICD10CM,Alcoholic cirrhosis of liver without ascites,45605952,mld
K74.69,ICD10CM,Other cirrhosis of liver,45581912,mld
K70.9,ICD10CM,"Alcoholic liver disease, unspecified",35208332,mld
K74.1,ICD10CM,Hepatic sclerosis,35208347,mld
K74.2,ICD10CM,Hepatic fibrosis with hepatic sclerosis,35208348,mld
K76.2,ICD10CM,Central hemorrhagic necrosis of liver,35208361,mld
K76.81,ICD10CM,Hepatopulmonary syndrome,45548170,mld
K70.10,ICD10CM,Alcoholic hepatitis without ascites,45562507,mld
K70.11,ICD10CM,Alcoholic hepatitis with ascites,45552946,mld
K76.4,ICD10CM,Peliosis hepatis,35208363,mld
K74.00,ICD10CM,"Hepatic fibrosis, unspecified",725367,mld
K76.89,ICD10CM,Other specified diseases of liver,45605957,mld
K71.3,ICD10CM,Toxic liver disease with chronic persistent hepatitis,35208335,mld
K74.02,ICD10CM,"Hepatic fibrosis, advanced fibrosis",725369,mld
B18.0,ICD10CM,Chronic viral hepatitis B with delta-agent,35205769,mld
K71.51,ICD10CM,Toxic liver disease with chronic active hepatitis with ascites,45543335,mld
K74.60,ICD10CM,Unspecified cirrhosis of liver,45601187,mld
K74.01,ICD10CM,"Hepatic fibrosis, early fibrosis",725368,mld
K74.4,ICD10CM,Secondary biliary cirrhosis,35208350,mld
Z94.4,ICD10CM,Liver transplant status,35225408,mld
K70.2,ICD10CM,Alcoholic fibrosis and sclerosis of liver,35208331,mld
K71.7,ICD10CM,Toxic liver disease with fibrosis and cirrhosis of liver,35208338,mld
K76.0,ICD10CM,"Fatty (change of) liver, not elsewhere classified",35208359,mld
K73.9,ICD10CM,"Chronic hepatitis, unspecified",35208345,mld
B18.8,ICD10CM,Other chronic viral hepatitis,35205772,mld
K73.0,ICD10CM,"Chronic persistent hepatitis, not elsewhere classified",35208341,mld
K73.1,ICD10CM,"Chronic lobular hepatitis, not elsewhere classified",35208342,mld
B18.2,ICD10CM,Chronic viral hepatitis C,35205771,mld
K71.50,ICD10CM,Toxic liver disease with chronic active hepatitis without ascites,45586731,mld
E13.8,ICD10CM,Other specified diabetes mellitus with unspecified complications,35206884,diab
E11.11,ICD10CM,Type 2 diabetes mellitus with ketoacidosis with coma,1326493,diab
E13.11,ICD10CM,Other specified diabetes mellitus with ketoacidosis with coma,45576446,diab
E11.618,ICD10CM,Type 2 diabetes mellitus with other diabetic arthropathy,45586140,diab
E11.621,ICD10CM,Type 2 diabetes mellitus with foot ulcer,45581355,diab
E13.641,ICD10CM,Other specified diabetes mellitus with hypoglycemia with coma,45561958,diab
E13.649,ICD10CM,Other specified diabetes mellitus with hypoglycemia without coma,45533024,diab
E13.65,ICD10CM,Other specified diabetes mellitus with hyperglycemia,45595805,diab
E13.10,ICD10CM,Other specified diabetes mellitus with ketoacidosis without coma,45566733,diab
E11.630,ICD10CM,Type 2 diabetes mellitus with periodontal disease,45533023,diab
E13.610,ICD10CM,Other specified diabetes mellitus with diabetic neuropathic arthropathy,45586144,diab
E13.620,ICD10CM,Other specified diabetes mellitus with diabetic dermatitis,45586145,diab
E13.9,ICD10CM,Other specified diabetes mellitus without complications,35206885,diab
E11.00,ICD10CM,Type 2 diabetes mellitus with hyperosmolarity without nonketotic hyperglycemic-hyperosmolar coma (NKHHC),45542738,diab
E11.01,ICD10CM,Type 2 diabetes mellitus with hyperosmolarity with coma,45586139,diab
E10.8,ICD10CM,Type 1 diabetes mellitus with unspecified complications,35206878,diab
E10.622,ICD10CM,Type 1 diabetes mellitus with other skin ulcer,45581350,diab
E10.649,ICD10CM,Type 1 diabetes mellitus with hypoglycemia without coma,45600640,diab
E11.610,ICD10CM,Type 2 diabetes mellitus with diabetic neuropathic arthropathy,45600641,diab
E11.641,ICD10CM,Type 2 diabetes mellitus with hypoglycemia with coma,45561949,diab
E13.628,ICD10CM,Other specified diabetes mellitus with other skin complications,45571662,diab
E10.9,ICD10CM,Type 1 diabetes mellitus without complications,35206879,diab
E11.10,ICD10CM,Type 2 diabetes mellitus with ketoacidosis without coma,1326492,diab
E13.01,ICD10CM,Other specified diabetes mellitus with hyperosmolarity with coma,45561954,diab
E11.8,ICD10CM,Type 2 diabetes mellitus with unspecified complications,35206881,diab
E10.610,ICD10CM,Type 1 diabetes mellitus with diabetic neuropathic arthropathy,45576440,diab
E10.618,ICD10CM,Type 1 diabetes mellitus with other diabetic arthropathy,45537960,diab
E10.628,ICD10CM,Type 1 diabetes mellitus with other skin complications,45566729,diab
E11.620,ICD10CM,Type 2 diabetes mellitus with diabetic dermatitis,45547626,diab
E11.638,ICD10CM,Type 2 diabetes mellitus with other oral complications,45566731,diab
E11.65,ICD10CM,Type 2 diabetes mellitus with hyperglycemia,45605405,diab
E11.69,ICD10CM,Type 2 diabetes mellitus with other specified complication,45595799,diab
E10.641,ICD10CM,Type 1 diabetes mellitus with hypoglycemia with coma,45552383,diab
E11.622,ICD10CM,Type 2 diabetes mellitus with other skin ulcer,45600642,diab
E13.618,ICD10CM,Other specified diabetes mellitus with other diabetic arthropathy,45581358,diab
E13.621,ICD10CM,Other specified diabetes mellitus with foot ulcer,45566736,diab
E13.69,ICD10CM,Other specified diabetes mellitus with other specified complication,45600644,diab
E11.9,ICD10CM,Type 2 diabetes mellitus without complications,35206882,diab
E10.10,ICD10CM,Type 1 diabetes mellitus with ketoacidosis without coma,45600636,diab
E10.621,ICD10CM,Type 1 diabetes mellitus with foot ulcer,45605398,diab
E11.649,ICD10CM,Type 2 diabetes mellitus with hypoglycemia without coma,45591031,diab
E10.11,ICD10CM,Type 1 diabetes mellitus with ketoacidosis with coma,45557110,diab
E10.630,ICD10CM,Type 1 diabetes mellitus with periodontal disease,45557111,diab
E10.638,ICD10CM,Type 1 diabetes mellitus with other oral complications,45547623,diab
E13.638,ICD10CM,Other specified diabetes mellitus with other oral complications,45566737,diab
E10.69,ICD10CM,Type 1 diabetes mellitus with other specified complication,45547624,diab
E13.00,ICD10CM,Other specified diabetes mellitus with hyperosmolarity without nonketotic hyperglycemic-hyperosmolar coma (NKHHC),45561953,diab
E10.620,ICD10CM,Type 1 diabetes mellitus with diabetic dermatitis,45600639,diab
E10.65,ICD10CM,Type 1 diabetes mellitus with hyperglycemia,45533018,diab
E11.628,ICD10CM,Type 2 diabetes mellitus with other skin complications,45547627,diab
E13.622,ICD10CM,Other specified diabetes mellitus with other skin ulcer,45557116,diab
E13.630,ICD10CM,Other specified diabetes mellitus with periodontal disease,45581359,diab
E10.41,ICD10CM,Type 1 diabetes mellitus with diabetic mononeuropathy,45576439,diabwc
E11.21,ICD10CM,Type 2 diabetes mellitus with diabetic nephropathy,45591027,diabwc
E10.40,ICD10CM,"Type 1 diabetes mellitus with diabetic neuropathy, unspecified",45600638,diabwc
E10.51,ICD10CM,Type 1 diabetes mellitus with diabetic peripheral angiopathy without gangrene,45547622,diabwc
E10.59,ICD10CM,Type 1 diabetes mellitus with other circulatory complications,45581349,diabwc
E11.39,ICD10CM,Type 2 diabetes mellitus with other diabetic ophthalmic complication,45533019,diabwc
E11.52,ICD10CM,Type 2 diabetes mellitus with diabetic peripheral angiopathy with gangrene,45533022,diabwc
E10.3291,ICD10CM,"Type 1 diabetes mellitus with mild nonproliferative diabetic retinopathy without macular edema, right eye",37200145,diabwc
E10.3499,ICD10CM,"Type 1 diabetes mellitus with severe nonproliferative diabetic retinopathy without macular edema, unspecified eye",37200164,diabwc
E10.3523,ICD10CM,"Type 1 diabetes mellitus with proliferative diabetic retinopathy with traction retinal detachment involving the macula, bilateral",37200172,diabwc
E10.3529,ICD10CM,"Type 1 diabetes mellitus with proliferative diabetic retinopathy with traction retinal detachment involving the macula, unspecified eye",37200173,diabwc
E10.3541,ICD10CM,"Type 1 diabetes mellitus with proliferative diabetic retinopathy with combined traction retinal detachment and rhegmatogenous retinal detachment, right eye",37200180,diabwc
E10.3593,ICD10CM,"Type 1 diabetes mellitus with proliferative diabetic retinopathy without macular edema, bilateral",37200191,diabwc
E10.37X9,ICD10CM,"Type 1 diabetes mellitus with diabetic macular edema, resolved following treatment, unspecified eye",37200197,diabwc
E11.3213,ICD10CM,"Type 2 diabetes mellitus with mild nonproliferative diabetic retinopathy with macular edema, bilateral",37200200,diabwc
E11.3319,ICD10CM,"Type 2 diabetes mellitus with moderate nonproliferative diabetic retinopathy with macular edema, unspecified eye",37200209,diabwc
E11.3391,ICD10CM,"Type 2 diabetes mellitus with moderate nonproliferative diabetic retinopathy without macular edema, right eye",37200210,diabwc
E11.3521,ICD10CM,"Type 2 diabetes mellitus with proliferative diabetic retinopathy with traction retinal detachment involving the macula, right eye",37200227,diabwc
E11.3531,ICD10CM,"Type 2 diabetes mellitus with proliferative diabetic retinopathy with traction retinal detachment not involving the macula, right eye",37200232,diabwc
E11.3532,ICD10CM,"Type 2 diabetes mellitus with proliferative diabetic retinopathy with traction retinal detachment not involving the macula, left eye",37200233,diabwc
E11.3539,ICD10CM,"Type 2 diabetes mellitus with proliferative diabetic retinopathy with traction retinal detachment not involving the macula, unspecified eye",37200235,diabwc
E11.3549,ICD10CM,"Type 2 diabetes mellitus with proliferative diabetic retinopathy with combined traction retinal detachment and rhegmatogenous retinal detachment, unspecified eye",37200240,diabwc
E11.37X3,ICD10CM,"Type 2 diabetes mellitus with diabetic macular edema, resolved following treatment, bilateral",37200253,diabwc
E13.3312,ICD10CM,"Other specified diabetes mellitus with moderate nonproliferative diabetic retinopathy with macular edema, left eye",37200264,diabwc
E13.3313,ICD10CM,"Other specified diabetes mellitus with moderate nonproliferative diabetic retinopathy with macular edema, bilateral",37200265,diabwc
E13.3319,ICD10CM,"Other specified diabetes mellitus with moderate nonproliferative diabetic retinopathy with macular edema, unspecified eye",37200266,diabwc
E13.3519,ICD10CM,"Other specified diabetes mellitus with proliferative diabetic retinopathy with macular edema, unspecified eye",37200282,diabwc
E13.3521,ICD10CM,"Other specified diabetes mellitus with proliferative diabetic retinopathy with traction retinal detachment involving the macula, right eye",37200284,diabwc
E13.3592,ICD10CM,"Other specified diabetes mellitus with proliferative diabetic retinopathy without macular edema, left eye",37200304,diabwc
E13.3593,ICD10CM,"Other specified diabetes mellitus with proliferative diabetic retinopathy without macular edema, bilateral",37200305,diabwc
E11.41,ICD10CM,Type 2 diabetes mellitus with diabetic mononeuropathy,45547625,diabwc
E10.311,ICD10CM,Type 1 diabetes mellitus with unspecified diabetic retinopathy with macular edema,45552381,diabwc
E10.319,ICD10CM,Type 1 diabetes mellitus with unspecified diabetic retinopathy without macular edema,45542736,diabwc
E11.40,ICD10CM,"Type 2 diabetes mellitus with diabetic neuropathy, unspecified",45605403,diabwc
E11.51,ICD10CM,Type 2 diabetes mellitus with diabetic peripheral angiopathy without gangrene,45533021,diabwc
E13.43,ICD10CM,Other specified diabetes mellitus with diabetic autonomic (poly)neuropathy,45595804,diabwc
E13.44,ICD10CM,Other specified diabetes mellitus with diabetic amyotrophy,45576448,diabwc
E13.51,ICD10CM,Other specified diabetes mellitus with diabetic peripheral angiopathy without gangrene,45571661,diabwc
E10.3213,ICD10CM,"Type 1 diabetes mellitus with mild nonproliferative diabetic retinopathy with macular edema, bilateral",37200143,diabwc
E10.3391,ICD10CM,"Type 1 diabetes mellitus with moderate nonproliferative diabetic retinopathy without macular edema, right eye",37200153,diabwc
E10.3419,ICD10CM,"Type 1 diabetes mellitus with severe nonproliferative diabetic retinopathy with macular edema, unspecified eye",37200160,diabwc
E10.3493,ICD10CM,"Type 1 diabetes mellitus with severe nonproliferative diabetic retinopathy without macular edema, bilateral",37200163,diabwc
E10.3531,ICD10CM,"Type 1 diabetes mellitus with proliferative diabetic retinopathy with traction retinal detachment not involving the macula, right eye",37200175,diabwc
E10.3539,ICD10CM,"Type 1 diabetes mellitus with proliferative diabetic retinopathy with traction retinal detachment not involving the macula, unspecified eye",37200178,diabwc
E10.3543,ICD10CM,"Type 1 diabetes mellitus with proliferative diabetic retinopathy with combined traction retinal detachment and rhegmatogenous retinal detachment, bilateral",37200182,diabwc
E10.3553,ICD10CM,"Type 1 diabetes mellitus with stable proliferative diabetic retinopathy, bilateral",37200187,diabwc
E10.37X1,ICD10CM,"Type 1 diabetes mellitus with diabetic macular edema, resolved following treatment, right eye",37200194,diabwc
E11.3212,ICD10CM,"Type 2 diabetes mellitus with mild nonproliferative diabetic retinopathy with macular edema, left eye",37200199,diabwc
E11.3393,ICD10CM,"Type 2 diabetes mellitus with moderate nonproliferative diabetic retinopathy without macular edema, bilateral",37200212,diabwc
E11.3411,ICD10CM,"Type 2 diabetes mellitus with severe nonproliferative diabetic retinopathy with macular edema, right eye",37200214,diabwc
E11.3413,ICD10CM,"Type 2 diabetes mellitus with severe nonproliferative diabetic retinopathy with macular edema, bilateral",37200216,diabwc
E11.3493,ICD10CM,"Type 2 diabetes mellitus with severe nonproliferative diabetic retinopathy without macular edema, bilateral",37200220,diabwc
E11.3522,ICD10CM,"Type 2 diabetes mellitus with proliferative diabetic retinopathy with traction retinal detachment involving the macula, left eye",37200228,diabwc
E11.3529,ICD10CM,"Type 2 diabetes mellitus with proliferative diabetic retinopathy with traction retinal detachment involving the macula, unspecified eye",37200230,diabwc
E13.3311,ICD10CM,"Other specified diabetes mellitus with moderate nonproliferative diabetic retinopathy with macular edema, right eye",37200263,diabwc
E13.3393,ICD10CM,"Other specified diabetes mellitus with moderate nonproliferative diabetic retinopathy without macular edema, bilateral",37200269,diabwc
E13.3413,ICD10CM,"Other specified diabetes mellitus with severe nonproliferative diabetic retinopathy with macular edema, bilateral",37200273,diabwc
E13.3512,ICD10CM,"Other specified diabetes mellitus with proliferative diabetic retinopathy with macular edema, left eye",37200280,diabwc
E13.3513,ICD10CM,"Other specified diabetes mellitus with proliferative diabetic retinopathy with macular edema, bilateral",37200281,diabwc
E10.22,ICD10CM,Type 1 diabetes mellitus with diabetic chronic kidney disease,45547621,diabwc
E13.22,ICD10CM,Other specified diabetes mellitus with diabetic chronic kidney disease,45561955,diabwc
E13.29,ICD10CM,Other specified diabetes mellitus with other diabetic kidney complication,45552388,diabwc
E10.3311,ICD10CM,"Type 1 diabetes mellitus with moderate nonproliferative diabetic retinopathy with macular edema, right eye",37200149,diabwc
E10.3411,ICD10CM,"Type 1 diabetes mellitus with severe nonproliferative diabetic retinopathy with macular edema, right eye",37200157,diabwc
E10.3533,ICD10CM,"Type 1 diabetes mellitus with proliferative diabetic retinopathy with traction retinal detachment not involving the macula, bilateral",37200177,diabwc
E10.3542,ICD10CM,"Type 1 diabetes mellitus with proliferative diabetic retinopathy with combined traction retinal detachment and rhegmatogenous retinal detachment, left eye",37200181,diabwc
E10.37X3,ICD10CM,"Type 1 diabetes mellitus with diabetic macular edema, resolved following treatment, bilateral",37200196,diabwc
E11.3299,ICD10CM,"Type 2 diabetes mellitus with mild nonproliferative diabetic retinopathy without macular edema, unspecified eye",37200205,diabwc
E11.3313,ICD10CM,"Type 2 diabetes mellitus with moderate nonproliferative diabetic retinopathy with macular edema, bilateral",37200208,diabwc
E11.3491,ICD10CM,"Type 2 diabetes mellitus with severe nonproliferative diabetic retinopathy without macular edema, right eye",37200218,diabwc
E11.3533,ICD10CM,"Type 2 diabetes mellitus with proliferative diabetic retinopathy with traction retinal detachment not involving the macula, bilateral",37200234,diabwc
E11.3541,ICD10CM,"Type 2 diabetes mellitus with proliferative diabetic retinopathy with combined traction retinal detachment and rhegmatogenous retinal detachment, right eye",37200237,diabwc
E11.3559,ICD10CM,"Type 2 diabetes mellitus with stable proliferative diabetic retinopathy, unspecified eye",37200245,diabwc
E11.3593,ICD10CM,"Type 2 diabetes mellitus with proliferative diabetic retinopathy without macular edema, bilateral",37200248,diabwc
E11.37X2,ICD10CM,"Type 2 diabetes mellitus with diabetic macular edema, resolved following treatment, left eye",37200252,diabwc
E13.3211,ICD10CM,"Other specified diabetes mellitus with mild nonproliferative diabetic retinopathy with macular edema, right eye",37200255,diabwc
E13.3299,ICD10CM,"Other specified diabetes mellitus with mild nonproliferative diabetic retinopathy without macular edema, unspecified eye",37200262,diabwc
E13.3529,ICD10CM,"Other specified diabetes mellitus with proliferative diabetic retinopathy with traction retinal detachment involving the macula, unspecified eye",37200287,diabwc
E13.3532,ICD10CM,"Other specified diabetes mellitus with proliferative diabetic retinopathy with traction retinal detachment not involving the macula, left eye",37200290,diabwc
E13.3543,ICD10CM,"Other specified diabetes mellitus with proliferative diabetic retinopathy with combined traction retinal detachment and rhegmatogenous retinal detachment, bilateral",37200296,diabwc
E13.3599,ICD10CM,"Other specified diabetes mellitus with proliferative diabetic retinopathy without macular edema, unspecified eye",37200306,diabwc
E13.37X3,ICD10CM,"Other specified diabetes mellitus with diabetic macular edema, resolved following treatment, bilateral",37200310,diabwc
E10.36,ICD10CM,Type 1 diabetes mellitus with diabetic cataract,45552382,diabwc
E10.42,ICD10CM,Type 1 diabetes mellitus with diabetic polyneuropathy,45595795,diabwc
E13.36,ICD10CM,Other specified diabetes mellitus with diabetic cataract,45566734,diabwc
E13.42,ICD10CM,Other specified diabetes mellitus with diabetic polyneuropathy,45566735,diabwc
E10.39,ICD10CM,Type 1 diabetes mellitus with other diabetic ophthalmic complication,45576438,diabwc
E10.43,ICD10CM,Type 1 diabetes mellitus with diabetic autonomic (poly)neuropathy,45533017,diabwc
E11.59,ICD10CM,Type 2 diabetes mellitus with other circulatory complications,45576443,diabwc
E13.39,ICD10CM,Other specified diabetes mellitus with other diabetic ophthalmic complication,45547635,diabwc
E13.49,ICD10CM,Other specified diabetes mellitus with other diabetic neurological complication,45561957,diabwc
E10.3292,ICD10CM,"Type 1 diabetes mellitus with mild nonproliferative diabetic retinopathy without macular edema, left eye",37200146,diabwc
E10.3293,ICD10CM,"Type 1 diabetes mellitus with mild nonproliferative diabetic retinopathy without macular edema, bilateral",37200147,diabwc
E10.3299,ICD10CM,"Type 1 diabetes mellitus with mild nonproliferative diabetic retinopathy without macular edema, unspecified eye",37200148,diabwc
E10.3412,ICD10CM,"Type 1 diabetes mellitus with severe nonproliferative diabetic retinopathy with macular edema, left eye",37200158,diabwc
E10.3521,ICD10CM,"Type 1 diabetes mellitus with proliferative diabetic retinopathy with traction retinal detachment involving the macula, right eye",37200170,diabwc
E10.3559,ICD10CM,"Type 1 diabetes mellitus with stable proliferative diabetic retinopathy, unspecified eye",37200188,diabwc
E10.3599,ICD10CM,"Type 1 diabetes mellitus with proliferative diabetic retinopathy without macular edema, unspecified eye",37200192,diabwc
E11.3219,ICD10CM,"Type 2 diabetes mellitus with mild nonproliferative diabetic retinopathy with macular edema, unspecified eye",37200201,diabwc
E11.3292,ICD10CM,"Type 2 diabetes mellitus with mild nonproliferative diabetic retinopathy without macular edema, left eye",37200203,diabwc
E11.3312,ICD10CM,"Type 2 diabetes mellitus with moderate nonproliferative diabetic retinopathy with macular edema, left eye",37200207,diabwc
E11.3412,ICD10CM,"Type 2 diabetes mellitus with severe nonproliferative diabetic retinopathy with macular edema, left eye",37200215,diabwc
E11.3511,ICD10CM,"Type 2 diabetes mellitus with proliferative diabetic retinopathy with macular edema, right eye",37200222,diabwc
E11.3512,ICD10CM,"Type 2 diabetes mellitus with proliferative diabetic retinopathy with macular edema, left eye",37200223,diabwc
E11.37X1,ICD10CM,"Type 2 diabetes mellitus with diabetic macular edema, resolved following treatment, right eye",37200251,diabwc
E13.3219,ICD10CM,"Other specified diabetes mellitus with mild nonproliferative diabetic retinopathy with macular edema, unspecified eye",37200258,diabwc
E13.3412,ICD10CM,"Other specified diabetes mellitus with severe nonproliferative diabetic retinopathy with macular edema, left eye",37200272,diabwc
E13.3491,ICD10CM,"Other specified diabetes mellitus with severe nonproliferative diabetic retinopathy without macular edema, right eye",37200275,diabwc
E13.3493,ICD10CM,"Other specified diabetes mellitus with severe nonproliferative diabetic retinopathy without macular edema, bilateral",37200277,diabwc
E13.3522,ICD10CM,"Other specified diabetes mellitus with proliferative diabetic retinopathy with traction retinal detachment involving the macula, left eye",37200285,diabwc
E13.3533,ICD10CM,"Other specified diabetes mellitus with proliferative diabetic retinopathy with traction retinal detachment not involving the macula, bilateral",37200291,diabwc
E13.3549,ICD10CM,"Other specified diabetes mellitus with proliferative diabetic retinopathy with combined traction retinal detachment and rhegmatogenous retinal detachment, unspecified eye",37200297,diabwc
E13.3591,ICD10CM,"Other specified diabetes mellitus with proliferative diabetic retinopathy without macular edema, right eye",37200303,diabwc
E13.41,ICD10CM,Other specified diabetes mellitus with diabetic mononeuropathy,45591034,diabwc
E10.44,ICD10CM,Type 1 diabetes mellitus with diabetic amyotrophy,45561948,diabwc
E11.319,ICD10CM,Type 2 diabetes mellitus with unspecified diabetic retinopathy without macular edema,45581353,diabwc
E13.21,ICD10CM,Other specified diabetes mellitus with diabetic nephropathy,45542741,diabwc
E10.3211,ICD10CM,"Type 1 diabetes mellitus with mild nonproliferative diabetic retinopathy with macular edema, right eye",37200141,diabwc
E10.3212,ICD10CM,"Type 1 diabetes mellitus with mild nonproliferative diabetic retinopathy with macular edema, left eye",37200142,diabwc
E10.3399,ICD10CM,"Type 1 diabetes mellitus with moderate nonproliferative diabetic retinopathy without macular edema, unspecified eye",37200156,diabwc
E10.3522,ICD10CM,"Type 1 diabetes mellitus with proliferative diabetic retinopathy with traction retinal detachment involving the macula, left eye",37200171,diabwc
E10.3532,ICD10CM,"Type 1 diabetes mellitus with proliferative diabetic retinopathy with traction retinal detachment not involving the macula, left eye",37200176,diabwc
E10.3552,ICD10CM,"Type 1 diabetes mellitus with stable proliferative diabetic retinopathy, left eye",37200186,diabwc
E11.3492,ICD10CM,"Type 2 diabetes mellitus with severe nonproliferative diabetic retinopathy without macular edema, left eye",37200219,diabwc
E11.3499,ICD10CM,"Type 2 diabetes mellitus with severe nonproliferative diabetic retinopathy without macular edema, unspecified eye",37200221,diabwc
E11.3513,ICD10CM,"Type 2 diabetes mellitus with proliferative diabetic retinopathy with macular edema, bilateral",37200224,diabwc
E11.3543,ICD10CM,"Type 2 diabetes mellitus with proliferative diabetic retinopathy with combined traction retinal detachment and rhegmatogenous retinal detachment, bilateral",37200239,diabwc
E11.3551,ICD10CM,"Type 2 diabetes mellitus with stable proliferative diabetic retinopathy, right eye",37200242,diabwc
E11.3591,ICD10CM,"Type 2 diabetes mellitus with proliferative diabetic retinopathy without macular edema, right eye",37200246,diabwc
E13.3213,ICD10CM,"Other specified diabetes mellitus with mild nonproliferative diabetic retinopathy with macular edema, bilateral",37200257,diabwc
E13.3399,ICD10CM,"Other specified diabetes mellitus with moderate nonproliferative diabetic retinopathy without macular edema, unspecified eye",37200270,diabwc
E13.3499,ICD10CM,"Other specified diabetes mellitus with severe nonproliferative diabetic retinopathy without macular edema, unspecified eye",37200278,diabwc
E13.3551,ICD10CM,"Other specified diabetes mellitus with stable proliferative diabetic retinopathy, right eye",37200299,diabwc
E13.3553,ICD10CM,"Other specified diabetes mellitus with stable proliferative diabetic retinopathy, bilateral",37200301,diabwc
E13.37X2,ICD10CM,"Other specified diabetes mellitus with diabetic macular edema, resolved following treatment, left eye",37200309,diabwc
E11.42,ICD10CM,Type 2 diabetes mellitus with diabetic polyneuropathy,45557113,diabwc
E10.49,ICD10CM,Type 1 diabetes mellitus with other diabetic neurological complication,45586138,diabwc
E10.52,ICD10CM,Type 1 diabetes mellitus with diabetic peripheral angiopathy with gangrene,45542737,diabwc
E11.311,ICD10CM,Type 2 diabetes mellitus with unspecified diabetic retinopathy with macular edema,45581352,diabwc
E13.319,ICD10CM,Other specified diabetes mellitus with unspecified diabetic retinopathy without macular edema,45586142,diabwc
E10.3312,ICD10CM,"Type 1 diabetes mellitus with moderate nonproliferative diabetic retinopathy with macular edema, left eye",37200150,diabwc
E10.3319,ICD10CM,"Type 1 diabetes mellitus with moderate nonproliferative diabetic retinopathy with macular edema, unspecified eye",37200152,diabwc
E10.3491,ICD10CM,"Type 1 diabetes mellitus with severe nonproliferative diabetic retinopathy without macular edema, right eye",37200161,diabwc
E10.3551,ICD10CM,"Type 1 diabetes mellitus with stable proliferative diabetic retinopathy, right eye",37200185,diabwc
E11.3523,ICD10CM,"Type 2 diabetes mellitus with proliferative diabetic retinopathy with traction retinal detachment involving the macula, bilateral",37200229,diabwc
E11.3592,ICD10CM,"Type 2 diabetes mellitus with proliferative diabetic retinopathy without macular edema, left eye",37200247,diabwc
E11.3599,ICD10CM,"Type 2 diabetes mellitus with proliferative diabetic retinopathy without macular edema, unspecified eye",37200249,diabwc
E13.3411,ICD10CM,"Other specified diabetes mellitus with severe nonproliferative diabetic retinopathy with macular edema, right eye",37200271,diabwc
E13.3419,ICD10CM,"Other specified diabetes mellitus with severe nonproliferative diabetic retinopathy with macular edema, unspecified eye",37200274,diabwc
E13.3542,ICD10CM,"Other specified diabetes mellitus with proliferative diabetic retinopathy with combined traction retinal detachment and rhegmatogenous retinal detachment, left eye",37200295,diabwc
E13.37X1,ICD10CM,"Other specified diabetes mellitus with diabetic macular edema, resolved following treatment, right eye",37200308,diabwc
E13.37X9,ICD10CM,"Other specified diabetes mellitus with diabetic macular edema, resolved following treatment, unspecified eye",37200311,diabwc
E10.29,ICD10CM,Type 1 diabetes mellitus with other diabetic kidney complication,45600637,diabwc
E11.29,ICD10CM,Type 2 diabetes mellitus with other diabetic kidney complication,45605401,diabwc
E11.43,ICD10CM,Type 2 diabetes mellitus with diabetic autonomic (poly)neuropathy,45537962,diabwc
E11.44,ICD10CM,Type 2 diabetes mellitus with diabetic amyotrophy,45533020,diabwc
E11.49,ICD10CM,Type 2 diabetes mellitus with other diabetic neurological complication,45605404,diabwc
E13.311,ICD10CM,Other specified diabetes mellitus with unspecified diabetic retinopathy with macular edema,45576447,diabwc
E13.40,ICD10CM,"Other specified diabetes mellitus with diabetic neuropathy, unspecified",45561956,diabwc
E13.52,ICD10CM,Other specified diabetes mellitus with diabetic peripheral angiopathy with gangrene,45586143,diabwc
E11.22,ICD10CM,Type 2 diabetes mellitus with diabetic chronic kidney disease,45595797,diabwc
E10.3219,ICD10CM,"Type 1 diabetes mellitus with mild nonproliferative diabetic retinopathy with macular edema, unspecified eye",37200144,diabwc
E10.3392,ICD10CM,"Type 1 diabetes mellitus with moderate nonproliferative diabetic retinopathy without macular edema, left eye",37200154,diabwc
E10.3393,ICD10CM,"Type 1 diabetes mellitus with moderate nonproliferative diabetic retinopathy without macular edema, bilateral",37200155,diabwc
E10.3492,ICD10CM,"Type 1 diabetes mellitus with severe nonproliferative diabetic retinopathy without macular edema, left eye",37200162,diabwc
E10.3512,ICD10CM,"Type 1 diabetes mellitus with proliferative diabetic retinopathy with macular edema, left eye",37200166,diabwc
E10.3591,ICD10CM,"Type 1 diabetes mellitus with proliferative diabetic retinopathy without macular edema, right eye",37200189,diabwc
E10.37X2,ICD10CM,"Type 1 diabetes mellitus with diabetic macular edema, resolved following treatment, left eye",37200195,diabwc
E11.3399,ICD10CM,"Type 2 diabetes mellitus with moderate nonproliferative diabetic retinopathy without macular edema, unspecified eye",37200213,diabwc
E11.3419,ICD10CM,"Type 2 diabetes mellitus with severe nonproliferative diabetic retinopathy with macular edema, unspecified eye",37200217,diabwc
E11.3542,ICD10CM,"Type 2 diabetes mellitus with proliferative diabetic retinopathy with combined traction retinal detachment and rhegmatogenous retinal detachment, left eye",37200238,diabwc
E13.3293,ICD10CM,"Other specified diabetes mellitus with mild nonproliferative diabetic retinopathy without macular edema, bilateral",37200261,diabwc
E13.3392,ICD10CM,"Other specified diabetes mellitus with moderate nonproliferative diabetic retinopathy without macular edema, left eye",37200268,diabwc
E13.3492,ICD10CM,"Other specified diabetes mellitus with severe nonproliferative diabetic retinopathy without macular edema, left eye",37200276,diabwc
E13.3511,ICD10CM,"Other specified diabetes mellitus with proliferative diabetic retinopathy with macular edema, right eye",37200279,diabwc
E13.3541,ICD10CM,"Other specified diabetes mellitus with proliferative diabetic retinopathy with combined traction retinal detachment and rhegmatogenous retinal detachment, right eye",37200294,diabwc
E13.3559,ICD10CM,"Other specified diabetes mellitus with stable proliferative diabetic retinopathy, unspecified eye",37200302,diabwc
E10.21,ICD10CM,Type 1 diabetes mellitus with diabetic nephropathy,45552379,diabwc
E11.36,ICD10CM,Type 2 diabetes mellitus with diabetic cataract,45595798,diabwc
E13.59,ICD10CM,Other specified diabetes mellitus with other circulatory complications,45537963,diabwc
E10.3313,ICD10CM,"Type 1 diabetes mellitus with moderate nonproliferative diabetic retinopathy with macular edema, bilateral",37200151,diabwc
E10.3413,ICD10CM,"Type 1 diabetes mellitus with severe nonproliferative diabetic retinopathy with macular edema, bilateral",37200159,diabwc
E10.3511,ICD10CM,"Type 1 diabetes mellitus with proliferative diabetic retinopathy with macular edema, right eye",37200165,diabwc
E10.3513,ICD10CM,"Type 1 diabetes mellitus with proliferative diabetic retinopathy with macular edema, bilateral",37200167,diabwc
E10.3519,ICD10CM,"Type 1 diabetes mellitus with proliferative diabetic retinopathy with macular edema, unspecified eye",37200168,diabwc
E10.3549,ICD10CM,"Type 1 diabetes mellitus with proliferative diabetic retinopathy with combined traction retinal detachment and rhegmatogenous retinal detachment, unspecified eye",37200183,diabwc
E10.3592,ICD10CM,"Type 1 diabetes mellitus with proliferative diabetic retinopathy without macular edema, left eye",37200190,diabwc
E11.3211,ICD10CM,"Type 2 diabetes mellitus with mild nonproliferative diabetic retinopathy with macular edema, right eye",37200198,diabwc
E11.3291,ICD10CM,"Type 2 diabetes mellitus with mild nonproliferative diabetic retinopathy without macular edema, right eye",37200202,diabwc
E11.3293,ICD10CM,"Type 2 diabetes mellitus with mild nonproliferative diabetic retinopathy without macular edema, bilateral",37200204,diabwc
E11.3311,ICD10CM,"Type 2 diabetes mellitus with moderate nonproliferative diabetic retinopathy with macular edema, right eye",37200206,diabwc
E11.3392,ICD10CM,"Type 2 diabetes mellitus with moderate nonproliferative diabetic retinopathy without macular edema, left eye",37200211,diabwc
E11.3519,ICD10CM,"Type 2 diabetes mellitus with proliferative diabetic retinopathy with macular edema, unspecified eye",37200225,diabwc
E11.3552,ICD10CM,"Type 2 diabetes mellitus with stable proliferative diabetic retinopathy, left eye",37200243,diabwc
E11.3553,ICD10CM,"Type 2 diabetes mellitus with stable proliferative diabetic retinopathy, bilateral",37200244,diabwc
E11.37X9,ICD10CM,"Type 2 diabetes mellitus with diabetic macular edema, resolved following treatment, unspecified eye",37200254,diabwc
E13.3212,ICD10CM,"Other specified diabetes mellitus with mild nonproliferative diabetic retinopathy with macular edema, left eye",37200256,diabwc
E13.3291,ICD10CM,"Other specified diabetes mellitus with mild nonproliferative diabetic retinopathy without macular edema, right eye",37200259,diabwc
E13.3292,ICD10CM,"Other specified diabetes mellitus with mild nonproliferative diabetic retinopathy without macular edema, left eye",37200260,diabwc
E13.3391,ICD10CM,"Other specified diabetes mellitus with moderate nonproliferative diabetic retinopathy without macular edema, right eye",37200267,diabwc
E13.3523,ICD10CM,"Other specified diabetes mellitus with proliferative diabetic retinopathy with traction retinal detachment involving the macula, bilateral",37200286,diabwc
E13.3531,ICD10CM,"Other specified diabetes mellitus with proliferative diabetic retinopathy with traction retinal detachment not involving the macula, right eye",37200289,diabwc
E13.3539,ICD10CM,"Other specified diabetes mellitus with proliferative diabetic retinopathy with traction retinal detachment not involving the macula, unspecified eye",37200292,diabwc
E13.3552,ICD10CM,"Other specified diabetes mellitus with stable proliferative diabetic retinopathy, left eye",37200300,diabwc
G81.00,ICD10CM,Flaccid hemiplegia affecting unspecified side,45605573,hp
G82.21,ICD10CM,"Paraplegia, complete",45566903,hp
G81.03,ICD10CM,Flaccid hemiplegia affecting right nondominant side,45576609,hp
G81.94,ICD10CM,"Hemiplegia, unspecified affecting left nondominant side",45571830,hp
G82.51,ICD10CM,"Quadriplegia, C1-C4 complete",45581516,hp
G83.21,ICD10CM,Monoplegia of upper limb affecting right dominant side,45591198,hp
G83.32,ICD10CM,"Monoplegia, unspecified affecting left dominant side",45538142,hp
G83.10,ICD10CM,Monoplegia of lower limb affecting unspecified side,45571831,hp
G83.4,ICD10CM,Cauda equina syndrome,35207487,hp
G81.13,ICD10CM,Spastic hemiplegia affecting right nondominant side,45538139,hp
G83.24,ICD10CM,Monoplegia of upper limb affecting left nondominant side,45562108,hp
G83.34,ICD10CM,"Monoplegia, unspecified affecting left nondominant side",45557260,hp
G80.1,ICD10CM,Spastic diplegic cerebral palsy,35207480,hp
G04.1,ICD10CM,Tropical spastic paraplegia,35207306,hp
G82.50,ICD10CM,"Quadriplegia, unspecified",45542907,hp
G11.4,ICD10CM,Hereditary spastic paraplegia,35207319,hp
G80.2,ICD10CM,Spastic hemiplegic cerebral palsy,35207481,hp
G81.14,ICD10CM,Spastic hemiplegia affecting left nondominant side,45566902,hp
G82.52,ICD10CM,"Quadriplegia, C1-C4 incomplete",45600809,hp
G83.31,ICD10CM,"Monoplegia, unspecified affecting right dominant side",45566905,hp
G81.12,ICD10CM,Spastic hemiplegia affecting left dominant side,45538138,hp
G81.10,ICD10CM,Spastic hemiplegia affecting unspecified side,45557257,hp
G83.20,ICD10CM,Monoplegia of upper limb affecting unspecified side,45542910,hp
G81.90,ICD10CM,"Hemiplegia, unspecified affecting unspecified side",45542906,hp
G81.02,ICD10CM,Flaccid hemiplegia affecting left dominant side,45571828,hp
G81.04,ICD10CM,Flaccid hemiplegia affecting left nondominant side,45562105,hp
G81.11,ICD10CM,Spastic hemiplegia affecting right dominant side,45586315,hp
G81.92,ICD10CM,"Hemiplegia, unspecified affecting left dominant side",45571829,hp
G83.11,ICD10CM,Monoplegia of lower limb affecting right dominant side,45533169,hp
G83.12,ICD10CM,Monoplegia of lower limb affecting left dominant side,45576612,hp
G83.23,ICD10CM,Monoplegia of upper limb affecting right nondominant side,45557258,hp
G83.30,ICD10CM,"Monoplegia, unspecified affecting unspecified side",45571832,hp
G83.33,ICD10CM,"Monoplegia, unspecified affecting right nondominant side",45533170,hp
G82.20,ICD10CM,"Paraplegia, unspecified",45581515,hp
G83.0,ICD10CM,Diplegia of upper limbs,35207486,hp
G81.01,ICD10CM,Flaccid hemiplegia affecting right dominant side,45600806,hp
G82.53,ICD10CM,"Quadriplegia, C5-C7 complete",45595962,hp
G82.54,ICD10CM,"Quadriplegia, C5-C7 incomplete",45547760,hp
G81.93,ICD10CM,"Hemiplegia, unspecified affecting right nondominant side",45600807,hp
G83.13,ICD10CM,Monoplegia of lower limb affecting right nondominant side,45600810,hp
G83.9,ICD10CM,"Paralytic syndrome, unspecified",35207488,hp
G82.22,ICD10CM,"Paraplegia, incomplete",45586316,hp
G81.91,ICD10CM,"Hemiplegia, unspecified affecting right dominant side",45538140,hp
G83.14,ICD10CM,Monoplegia of lower limb affecting left nondominant side,45542909,hp
G83.22,ICD10CM,Monoplegia of upper limb affecting left dominant side,45552549,hp
N19,ICD10CM,Unspecified kidney failure,35209280,rend
Z94.0,ICD10CM,Kidney transplant status,35225404,rend
N18.2,ICD10CM,"Chronic kidney disease, stage 2 (mild)",35209275,rend
N18.4,ICD10CM,"Chronic kidney disease, stage 4 (severe)",35209277,rend
N18.9,ICD10CM,"Chronic kidney disease, unspecified",35209279,rend
Z49.01,ICD10CM,Encounter for fitting and adjustment of extracorporeal dialysis catheter,45609945,rend
N05.7,ICD10CM,Unspecified nephritic syndrome with diffuse crescentic glomerulonephritis,35209222,rend
N03.5,ICD10CM,Chronic nephritic syndrome with diffuse mesangiocapillary glomerulonephritis,35209200,rend
N05.3,ICD10CM,Unspecified nephritic syndrome with diffuse mesangial proliferative glomerulonephritis,35209218,rend
N05.5,ICD10CM,Unspecified nephritic syndrome with diffuse mesangiocapillary glomerulonephritis,35209220,rend
N18.5,ICD10CM,"Chronic kidney disease, stage 5",35209278,rend
N18.6,ICD10CM,End stage renal disease,45548653,rend
N18.30,ICD10CM,"Chronic kidney disease, stage 3 unspecified",725440,rend
N03.3,ICD10CM,Chronic nephritic syndrome with diffuse mesangial proliferative glomerulonephritis,35209198,rend
N05.2,ICD10CM,Unspecified nephritic syndrome with diffuse membranous glomerulonephritis,35209217,rend
Z99.2,ICD10CM,Dependence on renal dialysis,35225436,rend
N18.1,ICD10CM,"Chronic kidney disease, stage 1",35209274,rend
I13.10,ICD10CM,"Hypertensive heart and chronic kidney disease without heart failure, with stage 1 through stage 4 chronic kidney disease, or unspecified chronic kidney disease",45543164,rend
Z49.02,ICD10CM,Encounter for fitting and adjustment of peritoneal dialysis catheter,45585835,rend
N18.31,ICD10CM,"Chronic kidney disease, stage 3a",725441,rend
N18.32,ICD10CM,"Chronic kidney disease, stage 3b",725442,rend
N03.4,ICD10CM,Chronic nephritic syndrome with diffuse endocapillary proliferative glomerulonephritis,35209199,rend
N05.4,ICD10CM,Unspecified nephritic syndrome with diffuse endocapillary proliferative glomerulonephritis,35209219,rend
N05.6,ICD10CM,Unspecified nephritic syndrome with dense deposit disease,35209221,rend
N03.2,ICD10CM,Chronic nephritic syndrome with diffuse membranous glomerulonephritis,35209197,rend
I12.0,ICD10CM,Hypertensive chronic kidney disease with stage 5 chronic kidney disease or end stage renal disease,35207671,rend
N25.0,ICD10CM,Renal osteodystrophy,35209291,rend
N03.6,ICD10CM,Chronic nephritic syndrome with dense deposit disease,35209201,rend
N03.7,ICD10CM,Chronic nephritic syndrome with diffuse crescentic glomerulonephritis,35209202,rend
I13.11,ICD10CM,"Hypertensive heart and chronic kidney disease without heart failure, with stage 5 chronic kidney disease, or end stage renal disease",45596188,rend
C18.9,ICD10CM,"Malignant neoplasm of colon, unspecified",35206139,canc
C45.9,ICD10CM,"Mesothelioma, unspecified",35206212,canc
C84.00,ICD10CM,"Mycosis fungoides, unspecified site",45605313,canc
C46.9,ICD10CM,"Kaposi's sarcoma, unspecified",35206218,canc
C52,ICD10CM,Malignant neoplasm of vagina,35206242,canc
C02.9,ICD10CM,"Malignant neoplasm of tongue, unspecified",35206063,canc
C03.0,ICD10CM,Malignant neoplasm of upper gum,35206064,canc
C05.0,ICD10CM,Malignant neoplasm of hard palate,35206071,canc
C09.1,ICD10CM,Malignant neoplasm of tonsillar pillar (anterior) (posterior),35206085,canc
C17.1,ICD10CM,Malignant neoplasm of jejunum,35206125,canc
C18.7,ICD10CM,Malignant neoplasm of sigmoid colon,35206137,canc
C21.1,ICD10CM,Malignant neoplasm of anal canal,35206143,canc
C21.0,ICD10CM,"Malignant neoplasm of anus, unspecified",35206142,canc
C24.0,ICD10CM,Malignant neoplasm of extrahepatic bile duct,35206154,canc
C24.1,ICD10CM,Malignant neoplasm of ampulla of Vater,35206155,canc
C26.1,ICD10CM,Malignant neoplasm of spleen,35206167,canc
C38.2,ICD10CM,Malignant neoplasm of posterior mediastinum,35206188,canc
C46.4,ICD10CM,Kaposi's sarcoma of gastrointestinal sites,45566592,canc
C53.0,ICD10CM,Malignant neoplasm of endocervix,35206243,canc
C60.0,ICD10CM,Malignant neoplasm of prepuce,35206261,canc
C63.9,ICD10CM,"Malignant neoplasm of male genital organ, unspecified",35206270,canc
C68.0,ICD10CM,Malignant neoplasm of urethra,35206284,canc
C68.1,ICD10CM,Malignant neoplasm of paraurethral glands,35206285,canc
C72.0,ICD10CM,Malignant neoplasm of spinal cord,35206301,canc
C75.9,ICD10CM,"Malignant neoplasm of endocrine gland, unspecified",35206312,canc
C83.74,ICD10CM,"Burkitt lymphoma, lymph nodes of axilla and upper limb",45605309,canc
C83.76,ICD10CM,"Burkitt lymphoma, intrapelvic lymph nodes",45547541,canc
C81.11,ICD10CM,"Nodular sclerosis Hodgkin lymphoma, lymph nodes of head, face, and neck",45561839,canc
C81.34,ICD10CM,"Lymphocyte depleted Hodgkin lymphoma, lymph nodes of axilla and upper limb",45547531,canc
C90.01,ICD10CM,Multiple myeloma in remission,45581251,canc
C45.2,ICD10CM,Mesothelioma of pericardium,35206210,canc
C49.0,ICD10CM,"Malignant neoplasm of connective and soft tissue of head, face and neck",35206230,canc
C63.7,ICD10CM,Malignant neoplasm of other specified male genital organs,35206268,canc
C63.8,ICD10CM,Malignant neoplasm of overlapping sites of male genital organs,35206269,canc
C53.8,ICD10CM,Malignant neoplasm of overlapping sites of cervix uteri,35206245,canc
C11.8,ICD10CM,Malignant neoplasm of overlapping sites of nasopharynx,35206099,canc
C43.8,ICD10CM,Malignant melanoma of overlapping sites of skin,35206202,canc
C95.11,ICD10CM,"Chronic leukemia of unspecified cell type, in remission",45581261,canc
C05.8,ICD10CM,Malignant neoplasm of overlapping sites of palate,35206074,canc
C51.8,ICD10CM,Malignant neoplasm of overlapping sites of vulva,35206240,canc
C91.Z2,ICD10CM,"Other lymphoid leukemia, in relapse",45576366,canc
C95.02,ICD10CM,"Acute leukemia of unspecified cell type, in relapse",45552317,canc
C34.31,ICD10CM,"Malignant neoplasm of lower lobe, right bronchus or lung",45581205,canc
C40.12,ICD10CM,Malignant neoplasm of short bones of left upper limb,45542594,canc
C43.72,ICD10CM,"Malignant melanoma of left lower limb, including hip",45547490,canc
C47.10,ICD10CM,"Malignant neoplasm of peripheral nerves of unspecified upper limb, including shoulder",45542609,canc
C47.11,ICD10CM,"Malignant neoplasm of peripheral nerves of right upper limb, including shoulder",45595661,canc
C49.10,ICD10CM,"Malignant neoplasm of connective and soft tissue of unspecified upper limb, including shoulder",45576319,canc
C50.411,ICD10CM,Malignant neoplasm of upper-outer quadrant of right female breast,45537821,canc
C50.412,ICD10CM,Malignant neoplasm of upper-outer quadrant of left female breast,45561817,canc
C50.422,ICD10CM,Malignant neoplasm of upper-outer quadrant of left male breast,45600508,canc
C65.1,ICD10CM,Malignant neoplasm of right renal pelvis,45537828,canc
C69.41,ICD10CM,Malignant neoplasm of right ciliary body,45561824,canc
C69.50,ICD10CM,Malignant neoplasm of unspecified lacrimal gland and duct,45547515,canc
C72.22,ICD10CM,Malignant neoplasm of left olfactory nerve,45547517,canc
C72.50,ICD10CM,Malignant neoplasm of unspecified cranial nerve,45566614,canc
C72.59,ICD10CM,Malignant neoplasm of other cranial nerves,45547518,canc
C74.10,ICD10CM,Malignant neoplasm of medulla of unspecified adrenal gland,45542623,canc
C76.52,ICD10CM,Malignant neoplasm of left lower limb,45571537,canc
C81.93,ICD10CM,"Hodgkin lymphoma, unspecified, intra-abdominal lymph nodes",45571547,canc
C82.02,ICD10CM,"Follicular lymphoma grade I, intrathoracic lymph nodes",45537850,canc
C82.04,ICD10CM,"Follicular lymphoma grade I, lymph nodes of axilla and upper limb",45566629,canc
C82.05,ICD10CM,"Follicular lymphoma grade I, lymph nodes of inguinal region and lower limb",45557024,canc
C82.19,ICD10CM,"Follicular lymphoma grade II, extranodal and solid organ sites",45581234,canc
C82.36,ICD10CM,"Follicular lymphoma grade IIIa, intrapelvic lymph nodes",45581235,canc
C82.37,ICD10CM,"Follicular lymphoma grade IIIa, spleen",45590937,canc
C82.38,ICD10CM,"Follicular lymphoma grade IIIa, lymph nodes of multiple sites",45576351,canc
C82.42,ICD10CM,"Follicular lymphoma grade IIIb, intrathoracic lymph nodes",45605299,canc
C82.54,ICD10CM,"Diffuse follicle center lymphoma, lymph nodes of axilla and upper limb",45542642,canc
C82.87,ICD10CM,"Other types of follicular lymphoma, spleen",45561846,canc
C82.90,ICD10CM,"Follicular lymphoma, unspecified, unspecified site",45552300,canc
C83.08,ICD10CM,"Small cell B-cell lymphoma, lymph nodes of multiple sites",45590941,canc
C83.57,ICD10CM,"Lymphoblastic (diffuse) lymphoma, spleen",45557029,canc
C83.58,ICD10CM,"Lymphoblastic (diffuse) lymphoma, lymph nodes of multiple sites",45595707,canc
C83.87,ICD10CM,"Other non-follicular lymphoma, spleen",45586047,canc
C83.98,ICD10CM,"Non-follicular (diffuse) lymphoma, unspecified, lymph nodes of multiple sites",45561856,canc
C83.99,ICD10CM,"Non-follicular (diffuse) lymphoma, unspecified, extranodal and solid organ sites",45590948,canc
C84.76,ICD10CM,"Anaplastic large cell lymphoma, ALK-negative, intrapelvic lymph nodes",45576362,canc
C84.79,ICD10CM,"Anaplastic large cell lymphoma, ALK-negative, extranodal and solid organ sites",45586053,canc
C84.98,ICD10CM,"Mature T/NK-cell lymphomas, unspecified, lymph nodes of multiple sites",45571564,canc
C84.A7,ICD10CM,"Cutaneous T-cell lymphoma, unspecified, spleen",45605324,canc
C84.Z5,ICD10CM,"Other mature T/NK-cell lymphomas, lymph nodes of inguinal region and lower limb",45595712,canc
C85.28,ICD10CM,"Mediastinal (thymic) large B-cell lymphoma, lymph nodes of multiple sites",45552308,canc
C85.82,ICD10CM,"Other specified types of non-Hodgkin lymphoma, intrathoracic lymph nodes",45566642,canc
C90.20,ICD10CM,Extramedullary plasmacytoma not having achieved remission,45542660,canc
C92.10,ICD10CM,"Chronic myeloid leukemia, BCR/ABL-positive, not having achieved remission",45576368,canc
C93.30,ICD10CM,"Juvenile myelomonocytic leukemia, not having achieved remission",45547559,canc
C93.90,ICD10CM,"Monocytic leukemia, unspecified, not having achieved remission",45600569,canc
C94.80,ICD10CM,Other specified leukemias not having achieved remission,45542668,canc
C96.5,ICD10CM,Multifocal and unisystemic Langerhans-cell histiocytosis,920126,canc
C82.69,ICD10CM,"Cutaneous follicle center lymphoma, extranodal and solid organ sites",45576356,canc
C82.62,ICD10CM,"Cutaneous follicle center lymphoma, intrathoracic lymph nodes",45532949,canc
C81.29,ICD10CM,"Mixed cellularity Hodgkin lymphoma, extranodal and solid organ sites",45576346,canc
C81.79,ICD10CM,"Other Hodgkin lymphoma, extranodal and solid organ sites",45600539,canc
C43.111,ICD10CM,"Malignant melanoma of right upper eyelid, including canthus",1595483,canc
C43.112,ICD10CM,"Malignant melanoma of right lower eyelid, including canthus",1595484,canc
C84.45,ICD10CM,"Peripheral T-cell lymphoma, not elsewhere classified, lymph nodes of inguinal region and lower limb",45566638,canc
C73,ICD10CM,Malignant neoplasm of thyroid gland,35206304,canc
C02.3,ICD10CM,"Malignant neoplasm of anterior two-thirds of tongue, part unspecified",35206060,canc
C08.1,ICD10CM,Malignant neoplasm of sublingual gland,35206082,canc
C05.1,ICD10CM,Malignant neoplasm of soft palate,35206072,canc
C06.9,ICD10CM,"Malignant neoplasm of mouth, unspecified",35206079,canc
C11.1,ICD10CM,Malignant neoplasm of posterior wall of nasopharynx,35206096,canc
C16.1,ICD10CM,Malignant neoplasm of fundus of stomach,35206116,canc
C16.5,ICD10CM,"Malignant neoplasm of lesser curvature of stomach, unspecified",35206120,canc
C18.5,ICD10CM,Malignant neoplasm of splenic flexure,35206135,canc
C32.3,ICD10CM,Malignant neoplasm of laryngeal cartilage,35206180,canc
C41.1,ICD10CM,Malignant neoplasm of mandible,35206195,canc
C41.4,ICD10CM,"Malignant neoplasm of pelvic bones, sacrum and coccyx",35206198,canc
C46.2,ICD10CM,Kaposi's sarcoma of palate,35206215,canc
C58,ICD10CM,Malignant neoplasm of placenta,35206260,canc
C71.1,ICD10CM,Malignant neoplasm of frontal lobe,35206292,canc
C71.2,ICD10CM,Malignant neoplasm of temporal lobe,35206293,canc
C70.1,ICD10CM,Malignant neoplasm of spinal meninges,35206289,canc
C75.4,ICD10CM,Malignant neoplasm of carotid body,35206309,canc
C83.71,ICD10CM,"Burkitt lymphoma, lymph nodes of head, face, and neck",45600550,canc
C81.45,ICD10CM,"Lymphocyte-rich Hodgkin lymphoma, lymph nodes of inguinal region and lower limb",45561840,canc
C81.12,ICD10CM,"Nodular sclerosis Hodgkin lymphoma, intrathoracic lymph nodes",45581230,canc
C81.13,ICD10CM,"Nodular sclerosis Hodgkin lymphoma, intra-abdominal lymph nodes",45542635,canc
C81.15,ICD10CM,"Nodular sclerosis Hodgkin lymphoma, lymph nodes of inguinal region and lower limb",45576345,canc
C84.03,ICD10CM,"Mycosis fungoides, intra-abdominal lymph nodes",45547542,canc
C84.04,ICD10CM,"Mycosis fungoides, lymph nodes of axilla and upper limb",45600553,canc
C49.3,ICD10CM,Malignant neoplasm of connective and soft tissue of thorax,35206231,canc
C25.9,ICD10CM,"Malignant neoplasm of pancreas, unspecified",35206165,canc
C22.4,ICD10CM,Other sarcomas of liver,35206150,canc
C45.7,ICD10CM,Mesothelioma of other sites,35206211,canc
C47.5,ICD10CM,Malignant neoplasm of peripheral nerves of pelvis,35206222,canc
C32.8,ICD10CM,Malignant neoplasm of overlapping sites of larynx,35206181,canc
C16.8,ICD10CM,Malignant neoplasm of overlapping sites of stomach,35206122,canc
C51.9,ICD10CM,"Malignant neoplasm of vulva, unspecified",35206241,canc
C81.28,ICD10CM,"Mixed cellularity Hodgkin lymphoma, lymph nodes of multiple sites",45566623,canc
C00.5,ICD10CM,"Malignant neoplasm of lip, unspecified, inner aspect",35206052,canc
C13.2,ICD10CM,Malignant neoplasm of posterior wall of hypopharynx,35206104,canc
C25.7,ICD10CM,Malignant neoplasm of other parts of pancreas,35206163,canc
C00.2,ICD10CM,"Malignant neoplasm of external lip, unspecified",35206049,canc
C95.91,ICD10CM,"Leukemia, unspecified, in remission",45595726,canc
C93.91,ICD10CM,"Monocytic leukemia, unspecified in remission",45561881,canc
C07,ICD10CM,Malignant neoplasm of parotid gland,35206080,canc
C96.6,ICD10CM,Unifocal Langerhans-cell histiocytosis,920127,canc
C90.02,ICD10CM,Multiple myeloma in relapse,45600563,canc
C92.32,ICD10CM,"Myeloid sarcoma, in relapse",45595722,canc
C94.82,ICD10CM,"Other specified leukemias, in relapse",45586072,canc
C06.89,ICD10CM,Malignant neoplasm of overlapping sites of other parts of mouth,45561783,canc
C34.91,ICD10CM,Malignant neoplasm of unspecified part of right bronchus or lung,45600488,canc
C34.92,ICD10CM,Malignant neoplasm of unspecified part of left bronchus or lung,45581206,canc
C40.80,ICD10CM,Malignant neoplasm of overlapping sites of bone and articular cartilage of unspecified limb,45537802,canc
C40.81,ICD10CM,Malignant neoplasm of overlapping sites of bone and articular cartilage of right limb,45581210,canc
C40.90,ICD10CM,Malignant neoplasm of unspecified bones and articular cartilage of unspecified limb,45571499,canc
C40.91,ICD10CM,Malignant neoplasm of unspecified bones and articular cartilage of right limb,45605269,canc
C43.20,ICD10CM,Malignant melanoma of unspecified ear and external auricular canal,45561798,canc
C43.21,ICD10CM,Malignant melanoma of right ear and external auricular canal,45571502,canc
C43.31,ICD10CM,Malignant melanoma of nose,45542598,canc
C43.39,ICD10CM,Malignant melanoma of other parts of face,45561799,canc
C43.60,ICD10CM,"Malignant melanoma of unspecified upper limb, including shoulder",45590888,canc
C49.20,ICD10CM,"Malignant neoplasm of connective and soft tissue of unspecified lower limb, including hip",45552259,canc
C49.21,ICD10CM,"Malignant neoplasm of connective and soft tissue of right lower limb, including hip",45595663,canc
C50.321,ICD10CM,Malignant neoplasm of lower-inner quadrant of right male breast,45571521,canc
C50.329,ICD10CM,Malignant neoplasm of lower-inner quadrant of unspecified male breast,45590907,canc
C50.419,ICD10CM,Malignant neoplasm of upper-outer quadrant of unspecified female breast,45600507,canc
C50.522,ICD10CM,Malignant neoplasm of lower-outer quadrant of left male breast,45571522,canc
C50.619,ICD10CM,Malignant neoplasm of axillary tail of unspecified female breast,45556995,canc
C50.622,ICD10CM,Malignant neoplasm of axillary tail of left male breast,45576326,canc
C50.811,ICD10CM,Malignant neoplasm of overlapping sites of right female breast,45576327,canc
C50.819,ICD10CM,Malignant neoplasm of overlapping sites of unspecified female breast,45552262,canc
C50.821,ICD10CM,Malignant neoplasm of overlapping sites of right male breast,45595668,canc
C50.922,ICD10CM,Malignant neoplasm of unspecified site of left male breast,45561820,canc
C57.22,ICD10CM,Malignant neoplasm of left round ligament,45605279,canc
C62.92,ICD10CM,"Malignant neoplasm of left testis, unspecified whether descended or undescended",45532920,canc
C69.11,ICD10CM,Malignant neoplasm of right cornea,45537832,canc
C69.12,ICD10CM,Malignant neoplasm of left cornea,45561823,canc
C69.60,ICD10CM,Malignant neoplasm of unspecified orbit,45542619,canc
C69.61,ICD10CM,Malignant neoplasm of right orbit,45590917,canc
C72.20,ICD10CM,Malignant neoplasm of unspecified olfactory nerve,45595684,canc
C72.42,ICD10CM,Malignant neoplasm of left acoustic nerve,45557010,canc
C81.07,ICD10CM,"Nodular lymphocyte predominant Hodgkin lymphoma, spleen",45600535,canc
C82.13,ICD10CM,"Follicular lymphoma grade II, intra-abdominal lymph nodes",45600541,canc
C82.20,ICD10CM,"Follicular lymphoma grade III, unspecified, unspecified site",45576350,canc
C82.23,ICD10CM,"Follicular lymphoma grade III, unspecified, intra-abdominal lymph nodes",45566630,canc
C82.26,ICD10CM,"Follicular lymphoma grade III, unspecified, intrapelvic lymph nodes",45586032,canc
C82.39,ICD10CM,"Follicular lymphoma grade IIIa, extranodal and solid organ sites",45557026,canc
C82.48,ICD10CM,"Follicular lymphoma grade IIIb, lymph nodes of multiple sites",45576352,canc
C82.50,ICD10CM,"Diffuse follicle center lymphoma, unspecified site",45600544,canc
C83.00,ICD10CM,"Small cell B-cell lymphoma, unspecified site",45600547,canc
C83.11,ICD10CM,"Mantle cell lymphoma, lymph nodes of head, face, and neck",45586039,canc
C83.54,ICD10CM,"Lymphoblastic (diffuse) lymphoma, lymph nodes of axilla and upper limb",45542648,canc
C83.56,ICD10CM,"Lymphoblastic (diffuse) lymphoma, intrapelvic lymph nodes",45571556,canc
C84.60,ICD10CM,"Anaplastic large cell lymphoma, ALK-positive, unspecified site",45557034,canc
C84.62,ICD10CM,"Anaplastic large cell lymphoma, ALK-positive, intrathoracic lymph nodes",45595709,canc
C84.64,ICD10CM,"Anaplastic large cell lymphoma, ALK-positive, lymph nodes of axilla and upper limb",45605318,canc
C84.68,ICD10CM,"Anaplastic large cell lymphoma, ALK-positive, lymph nodes of multiple sites",45537865,canc
C84.94,ICD10CM,"Mature T/NK-cell lymphomas, unspecified, lymph nodes of axilla and upper limb",45605323,canc
C84.Z3,ICD10CM,"Other mature T/NK-cell lymphomas, intra-abdominal lymph nodes",45561862,canc
C84.Z7,ICD10CM,"Other mature T/NK-cell lymphomas, spleen",45605325,canc
C85.12,ICD10CM,"Unspecified B-cell lymphoma, intrathoracic lymph nodes",45561864,canc
C85.26,ICD10CM,"Mediastinal (thymic) large B-cell lymphoma, intrapelvic lymph nodes",45581249,canc
C85.81,ICD10CM,"Other specified types of non-Hodgkin lymphoma, lymph nodes of head, face, and neck",45557035,canc
C85.85,ICD10CM,"Other specified types of non-Hodgkin lymphoma, lymph nodes of inguinal region and lower limb",45576363,canc
C85.89,ICD10CM,"Other specified types of non-Hodgkin lymphoma, extranodal and solid organ sites",45566645,canc
C90.22,ICD10CM,Extramedullary plasmacytoma in relapse,45586060,canc
C90.31,ICD10CM,Solitary plasmacytoma in remission,45590963,canc
C91.30,ICD10CM,Prolymphocytic leukemia of B-cell type not having achieved remission,45532958,canc
C91.90,ICD10CM,"Lymphoid leukemia, unspecified not having achieved remission",45595719,canc
C92.02,ICD10CM,"Acute myeloblastic leukemia, in relapse",45532959,canc
C92.20,ICD10CM,"Atypical chronic myeloid leukemia, BCR/ABL-negative, not having achieved remission",45561875,canc
C92.22,ICD10CM,"Atypical chronic myeloid leukemia, BCR/ABL-negative, in relapse",45547556,canc
C92.A0,ICD10CM,"Acute myeloid leukemia with multilineage dysplasia, not having achieved remission",45557045,canc
C64.2,ICD10CM,"Malignant neoplasm of left kidney, except renal pelvis",45586019,canc
C65.2,ICD10CM,Malignant neoplasm of left renal pelvis,45547514,canc
C66.2,ICD10CM,Malignant neoplasm of left ureter,45576334,canc
C82.51,ICD10CM,"Diffuse follicle center lymphoma, lymph nodes of head, face, and neck",45576354,canc
C81.18,ICD10CM,"Nodular sclerosis Hodgkin lymphoma, lymph nodes of multiple sites",45537847,canc
C81.30,ICD10CM,"Lymphocyte depleted Hodgkin lymphoma, unspecified site",45576347,canc
C81.40,ICD10CM,"Lymphocyte-rich Hodgkin lymphoma, unspecified site",45557020,canc
C81.78,ICD10CM,"Other Hodgkin lymphoma, lymph nodes of multiple sites",45605298,canc
C43.122,ICD10CM,"Malignant melanoma of left lower eyelid, including canthus",1595486,canc
C84.47,ICD10CM,"Peripheral T-cell lymphoma, not elsewhere classified, spleen",45605316,canc
C88.0,ICD10CM,Waldenström macroglobulinemia,35206425,canc
C16.9,ICD10CM,"Malignant neoplasm of stomach, unspecified",35206123,canc
C96.22,ICD10CM,Mast cell sarcoma,1326486,canc
C04.0,ICD10CM,Malignant neoplasm of anterior floor of mouth,35206067,canc
C05.2,ICD10CM,Malignant neoplasm of uvula,35206073,canc
C14.2,ICD10CM,Malignant neoplasm of Waldeyer's ring,35206108,canc
C15.3,ICD10CM,Malignant neoplasm of upper third of esophagus,35206110,canc
C15.4,ICD10CM,Malignant neoplasm of middle third of esophagus,35206111,canc
C16.0,ICD10CM,Malignant neoplasm of cardia,35206115,canc
C16.3,ICD10CM,Malignant neoplasm of pyloric antrum,35206118,canc
C18.3,ICD10CM,Malignant neoplasm of hepatic flexure,35206133,canc
C25.1,ICD10CM,Malignant neoplasm of body of pancreas,35206159,canc
C32.0,ICD10CM,Malignant neoplasm of glottis,35206177,canc
C38.0,ICD10CM,Malignant neoplasm of heart,35206186,canc
C41.3,ICD10CM,"Malignant neoplasm of ribs, sternum and clavicle",35206197,canc
C54.9,ICD10CM,"Malignant neoplasm of corpus uteri, unspecified",35206252,canc
C57.9,ICD10CM,"Malignant neoplasm of female genital organ, unspecified",35206259,canc
C67.6,ICD10CM,Malignant neoplasm of ureteric orifice,35206280,canc
C71.0,ICD10CM,"Malignant neoplasm of cerebrum, except lobes and ventricles",35206291,canc
C71.7,ICD10CM,Malignant neoplasm of brain stem,35206298,canc
C81.43,ICD10CM,"Lymphocyte-rich Hodgkin lymphoma, intra-abdominal lymph nodes",45566626,canc
C81.23,ICD10CM,"Mixed cellularity Hodgkin lymphoma, intra-abdominal lymph nodes",45571544,canc
C81.24,ICD10CM,"Mixed cellularity Hodgkin lymphoma, lymph nodes of axilla and upper limb",45605293,canc
C81.27,ICD10CM,"Mixed cellularity Hodgkin lymphoma, spleen",45605294,canc
C81.35,ICD10CM,"Lymphocyte depleted Hodgkin lymphoma, lymph nodes of inguinal region and lower limb",45595695,canc
C84.06,ICD10CM,"Mycosis fungoides, intrapelvic lymph nodes",45571559,canc
C84.11,ICD10CM,"Sézary disease, lymph nodes of head, face, and neck",45576360,canc
C84.14,ICD10CM,"Sézary disease, lymph nodes of axilla and upper limb",45605314,canc
C90.11,ICD10CM,Plasma cell leukemia in remission,45595716,canc
C94.81,ICD10CM,"Other specified leukemias, in remission",45566651,canc
C22.1,ICD10CM,Intrahepatic bile duct carcinoma,35206147,canc
C57.8,ICD10CM,Malignant neoplasm of overlapping sites of female genital organs,35206258,canc
C96.9,ICD10CM,"Malignant neoplasm of lymphoid, hematopoietic and related tissue, unspecified",35206456,canc
C47.4,ICD10CM,Malignant neoplasm of peripheral nerves of abdomen,35206221,canc
C49.8,ICD10CM,Malignant neoplasm of overlapping sites of connective and soft tissue,35206235,canc
C13.8,ICD10CM,Malignant neoplasm of overlapping sites of hypopharynx,35206105,canc
C38.8,ICD10CM,"Malignant neoplasm of overlapping sites of heart, mediastinum and pleura",35206191,canc
C00.0,ICD10CM,Malignant neoplasm of external upper lip,35206047,canc
C18.1,ICD10CM,Malignant neoplasm of appendix,35206131,canc
C51.1,ICD10CM,Malignant neoplasm of labium minus,35206238,canc
C54.2,ICD10CM,Malignant neoplasm of myometrium,35206249,canc
C75.2,ICD10CM,Malignant neoplasm of craniopharyngeal duct,35206307,canc
C02.2,ICD10CM,Malignant neoplasm of ventral surface of tongue,35206059,canc
C37,ICD10CM,Malignant neoplasm of thymus,35206185,canc
C93.11,ICD10CM,"Chronic myelomonocytic leukemia, in remission",45566649,canc
C95.92,ICD10CM,"Leukemia, unspecified, in relapse",45576371,canc
C71.8,ICD10CM,Malignant neoplasm of overlapping sites of brain,35206299,canc
C94.01,ICD10CM,"Acute erythroid leukemia, in remission",45571577,canc
C22.8,ICD10CM,"Malignant neoplasm of liver, primary, unspecified as to type",45585987,canc
C34.00,ICD10CM,Malignant neoplasm of unspecified main bronchus,45581204,canc
C34.12,ICD10CM,"Malignant neoplasm of upper lobe, left bronchus or lung",45571494,canc
C46.52,ICD10CM,Kaposi's sarcoma of left lung,45595659,canc
C49.12,ICD10CM,"Malignant neoplasm of connective and soft tissue of left upper limb, including shoulder",45566596,canc
C50.229,ICD10CM,Malignant neoplasm of upper-inner quadrant of unspecified male breast,45561814,canc
C50.611,ICD10CM,Malignant neoplasm of axillary tail of right female breast,45586013,canc
C50.612,ICD10CM,Malignant neoplasm of axillary tail of left female breast,45581222,canc
C50.621,ICD10CM,Malignant neoplasm of axillary tail of right male breast,45600510,canc
C50.822,ICD10CM,Malignant neoplasm of overlapping sites of left male breast,45566603,canc
C50.921,ICD10CM,Malignant neoplasm of unspecified site of right male breast,45571523,canc
C57.01,ICD10CM,Malignant neoplasm of right fallopian tube,45566607,canc
C57.02,ICD10CM,Malignant neoplasm of left fallopian tube,45595672,canc
C62.90,ICD10CM,"Malignant neoplasm of unspecified testis, unspecified whether descended or undescended",45532919,canc
C63.01,ICD10CM,Malignant neoplasm of right epididymis,45547510,canc
C66.1,ICD10CM,Malignant neoplasm of right ureter,45532923,canc
C69.30,ICD10CM,Malignant neoplasm of unspecified choroid,45590916,canc
C69.31,ICD10CM,Malignant neoplasm of right choroid,45532927,canc
C72.40,ICD10CM,Malignant neoplasm of unspecified acoustic nerve,45605286,canc
C72.41,ICD10CM,Malignant neoplasm of right acoustic nerve,45586023,canc
C74.00,ICD10CM,Malignant neoplasm of cortex of unspecified adrenal gland,45600522,canc
C76.42,ICD10CM,Malignant neoplasm of left upper limb,45600524,canc
C76.50,ICD10CM,Malignant neoplasm of unspecified lower limb,45600525,canc
C81.06,ICD10CM,"Nodular lymphocyte predominant Hodgkin lymphoma, intrapelvic lymph nodes",45561838,canc
C81.09,ICD10CM,"Nodular lymphocyte predominant Hodgkin lymphoma, extranodal and solid organ sites",45542634,canc
C81.97,ICD10CM,"Hodgkin lymphoma, unspecified, spleen",45571548,canc
C82.03,ICD10CM,"Follicular lymphoma grade I, intra-abdominal lymph nodes",45542637,canc
C82.24,ICD10CM,"Follicular lymphoma grade III, unspecified, lymph nodes of axilla and upper limb",45595701,canc
C82.28,ICD10CM,"Follicular lymphoma grade III, unspecified, lymph nodes of multiple sites",45586033,canc
C82.30,ICD10CM,"Follicular lymphoma grade IIIa, unspecified site",45561844,canc
C82.49,ICD10CM,"Follicular lymphoma grade IIIb, extranodal and solid organ sites",45600543,canc
C82.85,ICD10CM,"Other types of follicular lymphoma, lymph nodes of inguinal region and lower limb",45561845,canc
C82.86,ICD10CM,"Other types of follicular lymphoma, intrapelvic lymph nodes",45542644,canc
C82.88,ICD10CM,"Other types of follicular lymphoma, lymph nodes of multiple sites",45532950,canc
C83.06,ICD10CM,"Small cell B-cell lymphoma, intrapelvic lymph nodes",45605306,canc
C83.13,ICD10CM,"Mantle cell lymphoma, intra-abdominal lymph nodes",45586040,canc
C83.14,ICD10CM,"Mantle cell lymphoma, lymph nodes of axilla and upper limb",45590942,canc
C83.19,ICD10CM,"Mantle cell lymphoma, extranodal and solid organ sites",45590943,canc
C83.33,ICD10CM,"Diffuse large B-cell lymphoma, intra-abdominal lymph nodes",45542647,canc
C83.35,ICD10CM,"Diffuse large B-cell lymphoma, lymph nodes of inguinal region and lower limb",45581240,canc
C83.51,ICD10CM,"Lymphoblastic (diffuse) lymphoma, lymph nodes of head, face, and neck",45557028,canc
C83.85,ICD10CM,"Other non-follicular lymphoma, lymph nodes of inguinal region and lower limb",45557030,canc
C83.88,ICD10CM,"Other non-follicular lymphoma, lymph nodes of multiple sites",45566636,canc
C84.09,ICD10CM,"Mycosis fungoides, extranodal and solid organ sites",45600554,canc
C84.70,ICD10CM,"Anaplastic large cell lymphoma, ALK-negative, unspecified site",45547544,canc
C84.73,ICD10CM,"Anaplastic large cell lymphoma, ALK-negative, intra-abdominal lymph nodes",45537866,canc
C84.78,ICD10CM,"Anaplastic large cell lymphoma, ALK-negative, lymph nodes of multiple sites",45595710,canc
C84.90,ICD10CM,"Mature T/NK-cell lymphomas, unspecified, unspecified site",45532953,canc
C84.93,ICD10CM,"Mature T/NK-cell lymphomas, unspecified, intra-abdominal lymph nodes",45605322,canc
C84.96,ICD10CM,"Mature T/NK-cell lymphomas, unspecified, intrapelvic lymph nodes",45532954,canc
C84.Z6,ICD10CM,"Other mature T/NK-cell lymphomas, intrapelvic lymph nodes",45566640,canc
C85.10,ICD10CM,"Unspecified B-cell lymphoma, unspecified site",45590954,canc
C85.16,ICD10CM,"Unspecified B-cell lymphoma, intrapelvic lymph nodes",45537868,canc
C85.25,ICD10CM,"Mediastinal (thymic) large B-cell lymphoma, lymph nodes of inguinal region and lower limb",45590958,canc
C85.27,ICD10CM,"Mediastinal (thymic) large B-cell lymphoma, spleen",45595714,canc
C85.84,ICD10CM,"Other specified types of non-Hodgkin lymphoma, lymph nodes of axilla and upper limb",45566644,canc
C85.98,ICD10CM,"Non-Hodgkin lymphoma, unspecified, lymph nodes of multiple sites",45576365,canc
C85.99,ICD10CM,"Non-Hodgkin lymphoma, unspecified, extranodal and solid organ sites",45590960,canc
C91.10,ICD10CM,Chronic lymphocytic leukemia of B-cell type not having achieved remission,45571568,canc
C91.12,ICD10CM,Chronic lymphocytic leukemia of B-cell type in relapse,45581253,canc
C91.32,ICD10CM,"Prolymphocytic leukemia of B-cell type, in relapse",45552311,canc
C91.60,ICD10CM,Prolymphocytic leukemia of T-cell type not having achieved remission,45537874,canc
C91.A2,ICD10CM,"Mature B-cell leukemia Burkitt-type, in relapse",45547553,canc
C91.Z0,ICD10CM,Other lymphoid leukemia not having achieved remission,45595720,canc
C92.40,ICD10CM,"Acute promyelocytic leukemia, not having achieved remission",45532961,canc
C92.50,ICD10CM,"Acute myelomonocytic leukemia, not having achieved remission",45557043,canc
C92.52,ICD10CM,"Acute myelomonocytic leukemia, in relapse",45561876,canc
C92.A1,ICD10CM,"Acute myeloid leukemia with multilineage dysplasia, in remission",45586068,canc
C93.32,ICD10CM,"Juvenile myelomonocytic leukemia, in relapse",45557047,canc
C94.40,ICD10CM,Acute panmyelosis with myelofibrosis not having achieved remission,45595724,canc
C56.2,ICD10CM,Malignant neoplasm of left ovary,45532915,canc
C81.19,ICD10CM,"Nodular sclerosis Hodgkin lymphoma, extranodal and solid organ sites",45586031,canc
C81.41,ICD10CM,"Lymphocyte-rich Hodgkin lymphoma, lymph nodes of head, face, and neck",45557021,canc
C56.3,ICD10CM,Malignant neoplasm of bilateral ovaries,766339,canc
C84.41,ICD10CM,"Peripheral T-cell lymphoma, not elsewhere classified, lymph nodes of head, face, and neck",45600555,canc
C84.42,ICD10CM,"Peripheral T-cell lymphoma, not elsewhere classified, intrathoracic lymph nodes",45571561,canc
C84.43,ICD10CM,"Peripheral T-cell lymphoma, not elsewhere classified, intra-abdominal lymph nodes",45586050,canc
C84.46,ICD10CM,"Peripheral T-cell lymphoma, not elsewhere classified, intrapelvic lymph nodes",45542654,canc
C06.1,ICD10CM,Malignant neoplasm of vestibule of mouth,35206077,canc
C10.9,ICD10CM,"Malignant neoplasm of oropharynx, unspecified",35206094,canc
C11.9,ICD10CM,"Malignant neoplasm of nasopharynx, unspecified",35206100,canc
C11.2,ICD10CM,Malignant neoplasm of lateral wall of nasopharynx,35206097,canc
C48.0,ICD10CM,Malignant neoplasm of retroperitoneum,35206226,canc
C48.2,ICD10CM,"Malignant neoplasm of peritoneum, unspecified",35206228,canc
C38.1,ICD10CM,Malignant neoplasm of anterior mediastinum,35206187,canc
C43.0,ICD10CM,Malignant melanoma of lip,35206200,canc
C46.1,ICD10CM,Kaposi's sarcoma of soft tissue,35206214,canc
C46.3,ICD10CM,Kaposi's sarcoma of lymph nodes,35206216,canc
C55,ICD10CM,"Malignant neoplasm of uterus, part unspecified",35206253,canc
C63.2,ICD10CM,Malignant neoplasm of scrotum,35206267,canc
C83.72,ICD10CM,"Burkitt lymphoma, intrathoracic lymph nodes",45605308,canc
C83.75,ICD10CM,"Burkitt lymphoma, lymph nodes of inguinal region and lower limb",45600551,canc
C81.17,ICD10CM,"Nodular sclerosis Hodgkin lymphoma, spleen",45600536,canc
C81.33,ICD10CM,"Lymphocyte depleted Hodgkin lymphoma, intra-abdominal lymph nodes",45590930,canc
C81.38,ICD10CM,"Lymphocyte depleted Hodgkin lymphoma, lymph nodes of multiple sites",45581231,canc
C84.07,ICD10CM,"Mycosis fungoides, spleen",45581242,canc
C84.18,ICD10CM,"Sézary disease, lymph nodes of multiple sites",45547543,canc
C92.31,ICD10CM,"Myeloid sarcoma, in remission",45552314,canc
C92.Z1,ICD10CM,"Other myeloid leukemia, in remission",45542665,canc
C22.2,ICD10CM,Hepatoblastoma,35206148,canc
C88.4,ICD10CM,Extranodal marginal zone B-cell lymphoma of mucosa-associated lymphoid tissue [MALT-lymphoma],920123,canc
C43.4,ICD10CM,Malignant melanoma of scalp and neck,35206201,canc
C22.7,ICD10CM,Other specified carcinomas of liver,35206151,canc
C49.9,ICD10CM,"Malignant neoplasm of connective and soft tissue, unspecified",35206236,canc
C46.7,ICD10CM,Kaposi's sarcoma of other sites,35206217,canc
C57.7,ICD10CM,Malignant neoplasm of other specified female genital organs,35206257,canc
C70.9,ICD10CM,"Malignant neoplasm of meninges, unspecified",35206290,canc
C75.8,ICD10CM,"Malignant neoplasm with pluriglandular involvement, unspecified",35206311,canc
C25.8,ICD10CM,Malignant neoplasm of overlapping sites of pancreas,35206164,canc
C67.8,ICD10CM,Malignant neoplasm of overlapping sites of bladder,35206282,canc
C00.3,ICD10CM,"Malignant neoplasm of upper lip, inner aspect",35206050,canc
C00.8,ICD10CM,Malignant neoplasm of overlapping sites of lip,35206054,canc
C04.1,ICD10CM,Malignant neoplasm of lateral floor of mouth,35206068,canc
C10.1,ICD10CM,Malignant neoplasm of anterior surface of epiglottis,35206089,canc
C02.8,ICD10CM,Malignant neoplasm of overlapping sites of tongue,35206062,canc
C24.9,ICD10CM,"Malignant neoplasm of biliary tract, unspecified",35206157,canc
C09.9,ICD10CM,"Malignant neoplasm of tonsil, unspecified",35206087,canc
C45.0,ICD10CM,Mesothelioma of pleura,35206208,canc
C92.41,ICD10CM,"Acute promyelocytic leukemia, in remission",45547557,canc
C96.21,ICD10CM,Aggressive systemic mastocytosis,1326485,canc
C83.37,ICD10CM,"Diffuse large B-cell lymphoma, spleen",45586043,canc
C93.Z2,ICD10CM,"Other monocytic leukemia, in relapse",45581259,canc
C94.32,ICD10CM,"Mast cell leukemia, in relapse",45532964,canc
C34.02,ICD10CM,Malignant neoplasm of left main bronchus,45532899,canc
C34.32,ICD10CM,"Malignant neoplasm of lower lobe, left bronchus or lung",45556973,canc
C40.00,ICD10CM,Malignant neoplasm of scapula and long bones of unspecified upper limb,45605267,canc
C50.012,ICD10CM,"Malignant neoplasm of nipple and areola, left female breast",45571519,canc
C50.029,ICD10CM,"Malignant neoplasm of nipple and areola, unspecified male breast",45542613,canc
C50.219,ICD10CM,Malignant neoplasm of upper-inner quadrant of unspecified female breast,45586011,canc
C50.311,ICD10CM,Malignant neoplasm of lower-inner quadrant of right female breast,45561815,canc
C50.421,ICD10CM,Malignant neoplasm of upper-outer quadrant of right male breast,45561818,canc
C50.511,ICD10CM,Malignant neoplasm of lower-outer quadrant of right female breast,45590909,canc
C50.512,ICD10CM,Malignant neoplasm of lower-outer quadrant of left female breast,45605276,canc
C50.521,ICD10CM,Malignant neoplasm of lower-outer quadrant of right male breast,45605277,canc
C50.529,ICD10CM,Malignant neoplasm of lower-outer quadrant of unspecified male breast,45537822,canc
C56.1,ICD10CM,Malignant neoplasm of right ovary,45571525,canc
C57.00,ICD10CM,Malignant neoplasm of unspecified fallopian tube,45586017,canc
C62.00,ICD10CM,Malignant neoplasm of unspecified undescended testis,45600515,canc
C62.01,ICD10CM,Malignant neoplasm of undescended right testis,45586018,canc
C72.21,ICD10CM,Malignant neoplasm of right olfactory nerve,45542622,canc
C72.32,ICD10CM,Malignant neoplasm of left optic nerve,45557009,canc
C81.99,ICD10CM,"Hodgkin lymphoma, unspecified, extranodal and solid organ sites",45576348,canc
C82.27,ICD10CM,"Follicular lymphoma grade III, unspecified, spleen",45590935,canc
C82.32,ICD10CM,"Follicular lymphoma grade IIIa, intrathoracic lymph nodes",45542639,canc
C82.33,ICD10CM,"Follicular lymphoma grade IIIa, intra-abdominal lymph nodes",45547535,canc
C82.43,ICD10CM,"Follicular lymphoma grade IIIb, intra-abdominal lymph nodes",45532948,canc
C82.52,ICD10CM,"Diffuse follicle center lymphoma, intrathoracic lymph nodes",45576355,canc
C82.59,ICD10CM,"Diffuse follicle center lymphoma, extranodal and solid organ sites",45537857,canc
C82.98,ICD10CM,"Follicular lymphoma, unspecified, lymph nodes of multiple sites",45552302,canc
C83.03,ICD10CM,"Small cell B-cell lymphoma, intra-abdominal lymph nodes",45605304,canc
C83.07,ICD10CM,"Small cell B-cell lymphoma, spleen",45566634,canc
C83.09,ICD10CM,"Small cell B-cell lymphoma, extranodal and solid organ sites",45537859,canc
C83.12,ICD10CM,"Mantle cell lymphoma, intrathoracic lymph nodes",45600548,canc
C83.30,ICD10CM,"Diffuse large B-cell lymphoma, unspecified site",45561851,canc
C83.34,ICD10CM,"Diffuse large B-cell lymphoma, lymph nodes of axilla and upper limb",45561853,canc
C83.38,ICD10CM,"Diffuse large B-cell lymphoma, lymph nodes of multiple sites",45571554,canc
C83.91,ICD10CM,"Non-follicular (diffuse) lymphoma, unspecified, lymph nodes of head, face, and neck",45566637,canc
C83.92,ICD10CM,"Non-follicular (diffuse) lymphoma, unspecified, intrathoracic lymph nodes",45571558,canc
C84.72,ICD10CM,"Anaplastic large cell lymphoma, ALK-negative, intrathoracic lymph nodes",45571563,canc
C84.99,ICD10CM,"Mature T/NK-cell lymphomas, unspecified, extranodal and solid organ sites",45571565,canc
C84.A0,ICD10CM,"Cutaneous T-cell lymphoma, unspecified, unspecified site",45590951,canc
C84.A9,ICD10CM,"Cutaneous T-cell lymphoma, unspecified, extranodal and solid organ sites",45561860,canc
C84.Z1,ICD10CM,"Other mature T/NK-cell lymphomas, lymph nodes of head, face, and neck",45561861,canc
C85.14,ICD10CM,"Unspecified B-cell lymphoma, lymph nodes of axilla and upper limb",45605326,canc
C85.17,ICD10CM,"Unspecified B-cell lymphoma, spleen",45605327,canc
C85.18,ICD10CM,"Unspecified B-cell lymphoma, lymph nodes of multiple sites",45547548,canc
C85.19,ICD10CM,"Unspecified B-cell lymphoma, extranodal and solid organ sites",45542658,canc
C85.21,ICD10CM,"Mediastinal (thymic) large B-cell lymphoma, lymph nodes of head, face, and neck",45581248,canc
C85.24,ICD10CM,"Mediastinal (thymic) large B-cell lymphoma, lymph nodes of axilla and upper limb",45566641,canc
C85.29,ICD10CM,"Mediastinal (thymic) large B-cell lymphoma, extranodal and solid organ sites",45561865,canc
C85.87,ICD10CM,"Other specified types of non-Hodgkin lymphoma, spleen",45537869,canc
C85.97,ICD10CM,"Non-Hodgkin lymphoma, unspecified, spleen",45537870,canc
C90.10,ICD10CM,Plasma cell leukemia not having achieved remission,45557038,canc
C90.30,ICD10CM,Solitary plasmacytoma not having achieved remission,45537872,canc
C90.32,ICD10CM,Solitary plasmacytoma in relapse,45571567,canc
C91.31,ICD10CM,"Prolymphocytic leukemia of B-cell type, in remission",45571569,canc
C91.51,ICD10CM,"Adult T-cell lymphoma/leukemia (HTLV-1-associated), in remission",45552313,canc
C91.61,ICD10CM,"Prolymphocytic leukemia of T-cell type, in remission",45586064,canc
C92.21,ICD10CM,"Atypical chronic myeloid leukemia, BCR/ABL-negative, in remission",45586066,canc
C92.61,ICD10CM,Acute myeloid leukemia with 11q23-abnormality in remission,45586067,canc
C92.62,ICD10CM,Acute myeloid leukemia with 11q23-abnormality in relapse,45532962,canc
C93.31,ICD10CM,"Juvenile myelomonocytic leukemia, in remission",45552315,canc
C95.00,ICD10CM,Acute leukemia of unspecified cell type not having achieved remission,45571579,canc
C96.0,ICD10CM,Multifocal and multisystemic (disseminated) Langerhans-cell histiocytosis,35206451,canc
C76.8,ICD10CM,Malignant neoplasm of other specified ill-defined sites,35206318,canc
C82.65,ICD10CM,"Cutaneous follicle center lymphoma, lymph nodes of inguinal region and lower limb",45586036,canc
C49.A9,ICD10CM,Gastrointestinal stromal tumor of other sites,37200009,canc
C81.10,ICD10CM,"Nodular sclerosis Hodgkin lymphoma, unspecified site",45581229,canc
C81.49,ICD10CM,"Lymphocyte-rich Hodgkin lymphoma, extranodal and solid organ sites",45590931,canc
C81.72,ICD10CM,"Other Hodgkin lymphoma, intrathoracic lymph nodes",45552294,canc
C96.29,ICD10CM,Other malignant mast cell neoplasm,1326487,canc
C43.121,ICD10CM,"Malignant melanoma of left upper eyelid, including canthus",1595485,canc
C53.9,ICD10CM,"Malignant neoplasm of cervix uteri, unspecified",35206246,canc
C03.9,ICD10CM,"Malignant neoplasm of gum, unspecified",35206066,canc
C13.9,ICD10CM,"Malignant neoplasm of hypopharynx, unspecified",35206106,canc
C13.1,ICD10CM,"Malignant neoplasm of aryepiglottic fold, hypopharyngeal aspect",35206103,canc
C17.9,ICD10CM,"Malignant neoplasm of small intestine, unspecified",35206129,canc
C23,ICD10CM,Malignant neoplasm of gallbladder,35206153,canc
C25.2,ICD10CM,Malignant neoplasm of tail of pancreas,35206160,canc
C31.9,ICD10CM,"Malignant neoplasm of accessory sinus, unspecified",35206176,canc
C31.2,ICD10CM,Malignant neoplasm of frontal sinus,35206173,canc
C34.2,ICD10CM,"Malignant neoplasm of middle lobe, bronchus or lung",35206184,canc
C60.2,ICD10CM,Malignant neoplasm of body of penis,35206263,canc
C71.9,ICD10CM,"Malignant neoplasm of brain, unspecified",35206300,canc
C71.6,ICD10CM,Malignant neoplasm of cerebellum,35206297,canc
C75.0,ICD10CM,Malignant neoplasm of parathyroid gland,35206305,canc
C83.73,ICD10CM,"Burkitt lymphoma, intra-abdominal lymph nodes",45576358,canc
C81.42,ICD10CM,"Lymphocyte-rich Hodgkin lymphoma, intrathoracic lymph nodes",45566625,canc
C81.16,ICD10CM,"Nodular sclerosis Hodgkin lymphoma, intrapelvic lymph nodes",45537846,canc
C84.01,ICD10CM,"Mycosis fungoides, lymph nodes of head, face, and neck",45542650,canc
C84.02,ICD10CM,"Mycosis fungoides, intrathoracic lymph nodes",45590949,canc
C84.08,ICD10CM,"Mycosis fungoides, lymph nodes of multiple sites",45586048,canc
C84.15,ICD10CM,"Sézary disease, lymph nodes of inguinal region and lower limb",45537863,canc
C94.21,ICD10CM,"Acute megakaryoblastic leukemia, in remission",45571578,canc
C49.6,ICD10CM,"Malignant neoplasm of connective and soft tissue of trunk, unspecified",35206234,canc
C72.9,ICD10CM,"Malignant neoplasm of central nervous system, unspecified",35206303,canc
C54.8,ICD10CM,Malignant neoplasm of overlapping sites of corpus uteri,35206251,canc
C47.3,ICD10CM,Malignant neoplasm of peripheral nerves of thorax,35206220,canc
C04.8,ICD10CM,Malignant neoplasm of overlapping sites of floor of mouth,35206069,canc
C17.8,ICD10CM,Malignant neoplasm of overlapping sites of small intestine,35206128,canc
C00.1,ICD10CM,Malignant neoplasm of external lower lip,35206048,canc
C75.5,ICD10CM,Malignant neoplasm of aortic body and other paraganglia,35206310,canc
C02.1,ICD10CM,Malignant neoplasm of border of tongue,35206058,canc
C10.4,ICD10CM,Malignant neoplasm of branchial cleft,35206092,canc
C51.0,ICD10CM,Malignant neoplasm of labium majus,35206237,canc
C54.0,ICD10CM,Malignant neoplasm of isthmus uteri,35206247,canc
C67.0,ICD10CM,Malignant neoplasm of trigone of bladder,35206274,canc
C67.1,ICD10CM,Malignant neoplasm of dome of bladder,35206275,canc
C15.9,ICD10CM,"Malignant neoplasm of esophagus, unspecified",35206114,canc
C48.8,ICD10CM,Malignant neoplasm of overlapping sites of retroperitoneum and peritoneum,35206229,canc
C90.21,ICD10CM,Extramedullary plasmacytoma in remission,45605330,canc
C92.51,ICD10CM,"Acute myelomonocytic leukemia, in remission",45595723,canc
C93.92,ICD10CM,"Monocytic leukemia, unspecified in relapse",45542666,canc
C95.12,ICD10CM,"Chronic leukemia of unspecified cell type, in relapse",45532965,canc
C06.80,ICD10CM,Malignant neoplasm of overlapping sites of unspecified parts of mouth,45537790,canc
C34.82,ICD10CM,Malignant neoplasm of overlapping sites of left bronchus and lung,45576310,canc
C39.9,ICD10CM,"Malignant neoplasm of lower respiratory tract, part unspecified",35206193,canc
C43.10,ICD10CM,"Malignant melanoma of unspecified eyelid, including canthus",45561797,canc
C43.62,ICD10CM,"Malignant melanoma of left upper limb, including shoulder",45581211,canc
C43.71,ICD10CM,"Malignant melanoma of right lower limb, including hip",45542599,canc
C47.12,ICD10CM,"Malignant neoplasm of peripheral nerves of left upper limb, including shoulder",45566594,canc
C47.20,ICD10CM,"Malignant neoplasm of peripheral nerves of unspecified lower limb, including hip",45566595,canc
C47.22,ICD10CM,"Malignant neoplasm of peripheral nerves of left lower limb, including hip",45571513,canc
C49.11,ICD10CM,"Malignant neoplasm of connective and soft tissue of right upper limb, including shoulder",45590904,canc
C50.011,ICD10CM,"Malignant neoplasm of nipple and areola, right female breast",45566599,canc
C50.122,ICD10CM,Malignant neoplasm of central portion of left male breast,45586010,canc
C50.211,ICD10CM,Malignant neoplasm of upper-inner quadrant of right female breast,45561812,canc
C50.319,ICD10CM,Malignant neoplasm of lower-inner quadrant of unspecified female breast,45566602,canc
C50.629,ICD10CM,Malignant neoplasm of axillary tail of unspecified male breast,45537823,canc
C57.12,ICD10CM,Malignant neoplasm of left broad ligament,45590911,canc
C57.21,ICD10CM,Malignant neoplasm of right round ligament,45561821,canc
C63.02,ICD10CM,Malignant neoplasm of left epididymis,45547511,canc
C66.9,ICD10CM,Malignant neoplasm of unspecified ureter,45581225,canc
C69.10,ICD10CM,Malignant neoplasm of unspecified cornea,45595678,canc
C69.42,ICD10CM,Malignant neoplasm of left ciliary body,45605284,canc
C69.51,ICD10CM,Malignant neoplasm of right lacrimal gland and duct,45561825,canc
C69.62,ICD10CM,Malignant neoplasm of left orbit,45552274,canc
C69.80,ICD10CM,Malignant neoplasm of overlapping sites of unspecified eye and adnexa,45571531,canc
C74.92,ICD10CM,Malignant neoplasm of unspecified part of left adrenal gland,45566616,canc
C76.40,ICD10CM,Malignant neoplasm of unspecified upper limb,45557011,canc
C76.51,ICD10CM,Malignant neoplasm of right lower limb,45571536,canc
C81.02,ICD10CM,"Nodular lymphocyte predominant Hodgkin lymphoma, intrathoracic lymph nodes",45552290,canc
C81.91,ICD10CM,"Hodgkin lymphoma, unspecified, lymph nodes of head, face, and neck",45561842,canc
C81.92,ICD10CM,"Hodgkin lymphoma, unspecified, intrathoracic lymph nodes",45571546,canc
C81.94,ICD10CM,"Hodgkin lymphoma, unspecified, lymph nodes of axilla and upper limb",45566628,canc
C82.01,ICD10CM,"Follicular lymphoma grade I, lymph nodes of head, face, and neck",45532944,canc
C82.07,ICD10CM,"Follicular lymphoma grade I, spleen",45590934,canc
C82.12,ICD10CM,"Follicular lymphoma grade II, intrathoracic lymph nodes",45557025,canc
C82.21,ICD10CM,"Follicular lymphoma grade III, unspecified, lymph nodes of head, face, and neck",45595700,canc
C82.22,ICD10CM,"Follicular lymphoma grade III, unspecified, intrathoracic lymph nodes",45537853,canc
C82.40,ICD10CM,"Follicular lymphoma grade IIIb, unspecified site",45586034,canc
C82.44,ICD10CM,"Follicular lymphoma grade IIIb, lymph nodes of axilla and upper limb",45600542,canc
C82.46,ICD10CM,"Follicular lymphoma grade IIIb, intrapelvic lymph nodes",45566631,canc
C82.56,ICD10CM,"Diffuse follicle center lymphoma, intrapelvic lymph nodes",45547536,canc
C82.58,ICD10CM,"Diffuse follicle center lymphoma, lymph nodes of multiple sites",45537856,canc
C82.60,ICD10CM,"Cutaneous follicle center lymphoma, unspecified site",45547537,canc
C82.80,ICD10CM,"Other types of follicular lymphoma, unspecified site",45547538,canc
C82.82,ICD10CM,"Other types of follicular lymphoma, intrathoracic lymph nodes",45542643,canc
C82.93,ICD10CM,"Follicular lymphoma, unspecified, intra-abdominal lymph nodes",45590938,canc
C82.99,ICD10CM,"Follicular lymphoma, unspecified, extranodal and solid organ sites",45561849,canc
C83.01,ICD10CM,"Small cell B-cell lymphoma, lymph nodes of head, face, and neck",45561850,canc
C83.02,ICD10CM,"Small cell B-cell lymphoma, intrathoracic lymph nodes",45537858,canc
C83.04,ICD10CM,"Small cell B-cell lymphoma, lymph nodes of axilla and upper limb",45605305,canc
C83.53,ICD10CM,"Lymphoblastic (diffuse) lymphoma, intra-abdominal lymph nodes",45586046,canc
C83.80,ICD10CM,"Other non-follicular lymphoma, unspecified site",45532951,canc
C83.86,ICD10CM,"Other non-follicular lymphoma, intrapelvic lymph nodes",45557031,canc
C84.61,ICD10CM,"Anaplastic large cell lymphoma, ALK-positive, lymph nodes of head, face, and neck",45571562,canc
C84.75,ICD10CM,"Anaplastic large cell lymphoma, ALK-negative, lymph nodes of inguinal region and lower limb",45586052,canc
C84.77,ICD10CM,"Anaplastic large cell lymphoma, ALK-negative, spleen",45605321,canc
C84.Z8,ICD10CM,"Other mature T/NK-cell lymphomas, lymph nodes of multiple sites",45552307,canc
C85.13,ICD10CM,"Unspecified B-cell lymphoma, intra-abdominal lymph nodes",45590955,canc
C85.15,ICD10CM,"Unspecified B-cell lymphoma, lymph nodes of inguinal region and lower limb",45595713,canc
C85.22,ICD10CM,"Mediastinal (thymic) large B-cell lymphoma, intrathoracic lymph nodes",45586057,canc
C85.80,ICD10CM,"Other specified types of non-Hodgkin lymphoma, unspecified site",45561866,canc
C85.88,ICD10CM,"Other specified types of non-Hodgkin lymphoma, lymph nodes of multiple sites",45576364,canc
C85.94,ICD10CM,"Non-Hodgkin lymphoma, unspecified, lymph nodes of axilla and upper limb",45561868,canc
C91.11,ICD10CM,Chronic lymphocytic leukemia of B-cell type in remission,45561871,canc
C91.40,ICD10CM,Hairy cell leukemia not having achieved remission,45590964,canc
C91.62,ICD10CM,"Prolymphocytic leukemia of T-cell type, in relapse",45595718,canc
C92.00,ICD10CM,"Acute myeloblastic leukemia, not having achieved remission",45547554,canc
C92.11,ICD10CM,"Chronic myeloid leukemia, BCR/ABL-positive, in remission",45595721,canc
C92.42,ICD10CM,"Acute promyelocytic leukemia, in relapse",45605331,canc
C92.90,ICD10CM,"Myeloid leukemia, unspecified, not having achieved remission",45561879,canc
C93.00,ICD10CM,"Acute monoblastic/monocytic leukemia, not having achieved remission",45581257,canc
C93.02,ICD10CM,"Acute monoblastic/monocytic leukemia, in relapse",45537878,canc
C94.42,ICD10CM,"Acute panmyelosis with myelofibrosis, in relapse",45581260,canc
C95.90,ICD10CM,"Leukemia, unspecified not having achieved remission",45590968,canc
C49.A1,ICD10CM,Gastrointestinal stromal tumor of esophagus,37200004,canc
C93.Z0,ICD10CM,"Other monocytic leukemia, not having achieved remission",45605334,canc
C83.39,ICD10CM,"Diffuse large B-cell lymphoma, extranodal and solid organ sites",45557027,canc
C82.64,ICD10CM,"Cutaneous follicle center lymphoma, lymph nodes of axilla and upper limb",45566632,canc
C81.70,ICD10CM,"Other Hodgkin lymphoma, unspecified site",45590932,canc
C81.71,ICD10CM,"Other Hodgkin lymphoma, lymph nodes of head, face, and neck",45561841,canc
C81.76,ICD10CM,"Other Hodgkin lymphoma, intrapelvic lymph nodes",45595697,canc
C84.48,ICD10CM,"Peripheral T-cell lymphoma, not elsewhere classified, lymph nodes of multiple sites",45605317,canc
C67.9,ICD10CM,"Malignant neoplasm of bladder, unspecified",35206283,canc
C43.9,ICD10CM,"Malignant melanoma of skin, unspecified",35206203,canc
C08.0,ICD10CM,Malignant neoplasm of submandibular gland,35206081,canc
C04.9,ICD10CM,"Malignant neoplasm of floor of mouth, unspecified",35206070,canc
C10.3,ICD10CM,Malignant neoplasm of posterior wall of oropharynx,35206091,canc
C11.3,ICD10CM,Malignant neoplasm of anterior wall of nasopharynx,35206098,canc
C17.0,ICD10CM,Malignant neoplasm of duodenum,35206124,canc
C19,ICD10CM,Malignant neoplasm of rectosigmoid junction,35206140,canc
C25.0,ICD10CM,Malignant neoplasm of head of pancreas,35206158,canc
C32.1,ICD10CM,Malignant neoplasm of supraglottis,35206178,canc
C38.3,ICD10CM,"Malignant neoplasm of mediastinum, part unspecified",35206189,canc
C39.0,ICD10CM,"Malignant neoplasm of upper respiratory tract, part unspecified",35206192,canc
C57.3,ICD10CM,Malignant neoplasm of parametrium,35206255,canc
C60.1,ICD10CM,Malignant neoplasm of glans penis,35206262,canc
C60.9,ICD10CM,"Malignant neoplasm of penis, unspecified",35206265,canc
C81.44,ICD10CM,"Lymphocyte-rich Hodgkin lymphoma, lymph nodes of axilla and upper limb",45532943,canc
C81.46,ICD10CM,"Lymphocyte-rich Hodgkin lymphoma, intrapelvic lymph nodes",45595696,canc
C81.26,ICD10CM,"Mixed cellularity Hodgkin lymphoma, intrapelvic lymph nodes",45552292,canc
C81.32,ICD10CM,"Lymphocyte depleted Hodgkin lymphoma, intrathoracic lymph nodes",45537849,canc
C84.05,ICD10CM,"Mycosis fungoides, lymph nodes of inguinal region and lower limb",45552305,canc
C84.13,ICD10CM,"Sézary disease, intra-abdominal lymph nodes",45581243,canc
C96.A,ICD10CM,Histiocytic sarcoma,45581266,canc
C49.4,ICD10CM,Malignant neoplasm of connective and soft tissue of abdomen,35206232,canc
C71.5,ICD10CM,Malignant neoplasm of cerebral ventricle,35206296,canc
C47.9,ICD10CM,"Malignant neoplasm of peripheral nerves and autonomic nervous system, unspecified",35206225,canc
C47.0,ICD10CM,"Malignant neoplasm of peripheral nerves of head, face and neck",35206219,canc
C24.8,ICD10CM,Malignant neoplasm of overlapping sites of biliary tract,35206156,canc
C03.1,ICD10CM,Malignant neoplasm of lower gum,35206065,canc
C10.8,ICD10CM,Malignant neoplasm of overlapping sites of oropharynx,35206093,canc
C13.0,ICD10CM,Malignant neoplasm of postcricoid region,35206102,canc
C14.8,ICD10CM,"Malignant neoplasm of overlapping sites of lip, oral cavity and pharynx",35206109,canc
C25.4,ICD10CM,Malignant neoplasm of endocrine pancreas,35206162,canc
C30.1,ICD10CM,Malignant neoplasm of middle ear,35206170,canc
C54.3,ICD10CM,Malignant neoplasm of fundus uteri,35206250,canc
C67.2,ICD10CM,Malignant neoplasm of lateral wall of bladder,35206276,canc
C75.1,ICD10CM,Malignant neoplasm of pituitary gland,35206306,canc
C43.52,ICD10CM,Malignant melanoma of skin of breast,45585993,canc
C20,ICD10CM,Malignant neoplasm of rectum,35206141,canc
C96.4,ICD10CM,Sarcoma of dendritic cells (accessory cells),920125,canc
C90.12,ICD10CM,Plasma cell leukemia in relapse,45595717,canc
C92.Z2,ICD10CM,"Other myeloid leukemia, in relapse",45586069,canc
C92.92,ICD10CM,"Myeloid leukemia, unspecified in relapse",45571573,canc
C34.30,ICD10CM,"Malignant neoplasm of lower lobe, unspecified bronchus or lung",45566582,canc
C34.90,ICD10CM,Malignant neoplasm of unspecified part of unspecified bronchus or lung,45590885,canc
C40.01,ICD10CM,Malignant neoplasm of scapula and long bones of right upper limb,45542593,canc
C40.22,ICD10CM,Malignant neoplasm of long bones of left lower limb,45581209,canc
C40.31,ICD10CM,Malignant neoplasm of short bones of right lower limb,45547488,canc
C43.22,ICD10CM,Malignant melanoma of left ear and external auricular canal,45566584,canc
C43.30,ICD10CM,Malignant melanoma of unspecified part of face,45605271,canc
C46.50,ICD10CM,Kaposi's sarcoma of unspecified lung,45552256,canc
C50.021,ICD10CM,"Malignant neoplasm of nipple and areola, right male breast",45566600,canc
C50.111,ICD10CM,Malignant neoplasm of central portion of right female breast,45532911,canc
C50.121,ICD10CM,Malignant neoplasm of central portion of right male breast,45532912,canc
C50.222,ICD10CM,Malignant neoplasm of upper-inner quadrant of left male breast,45595667,canc
C50.312,ICD10CM,Malignant neoplasm of lower-inner quadrant of left female breast,45576325,canc
C50.322,ICD10CM,Malignant neoplasm of lower-inner quadrant of left male breast,45586012,canc
C50.911,ICD10CM,Malignant neoplasm of unspecified site of right female breast,45586014,canc
C62.02,ICD10CM,Malignant neoplasm of undescended left testis,45557001,canc
C63.11,ICD10CM,Malignant neoplasm of right spermatic cord,45561822,canc
C69.21,ICD10CM,Malignant neoplasm of right retina,45552273,canc
C69.82,ICD10CM,Malignant neoplasm of overlapping sites of left eye and adnexa,45605285,canc
C69.90,ICD10CM,Malignant neoplasm of unspecified site of unspecified eye,45537833,canc
C69.91,ICD10CM,Malignant neoplasm of unspecified site of right eye,45537834,canc
C74.01,ICD10CM,Malignant neoplasm of cortex of right adrenal gland,45586026,canc
C81.04,ICD10CM,"Nodular lymphocyte predominant Hodgkin lymphoma, lymph nodes of axilla and upper limb",45566621,canc
C81.95,ICD10CM,"Hodgkin lymphoma, unspecified, lymph nodes of inguinal region and lower limb",45552296,canc
C82.00,ICD10CM,"Follicular lymphoma grade I, unspecified site",45557023,canc
C82.10,ICD10CM,"Follicular lymphoma grade II, unspecified site",45552297,canc
C82.17,ICD10CM,"Follicular lymphoma grade II, spleen",45595699,canc
C82.29,ICD10CM,"Follicular lymphoma grade III, unspecified, extranodal and solid organ sites",45571552,canc
C82.41,ICD10CM,"Follicular lymphoma grade IIIb, lymph nodes of head, face, and neck",45542640,canc
C82.47,ICD10CM,"Follicular lymphoma grade IIIb, spleen",45537854,canc
C82.92,ICD10CM,"Follicular lymphoma, unspecified, intrathoracic lymph nodes",45581238,canc
C82.97,ICD10CM,"Follicular lymphoma, unspecified, spleen",45561848,canc
C83.36,ICD10CM,"Diffuse large B-cell lymphoma, intrapelvic lymph nodes",45547540,canc
C83.50,ICD10CM,"Lymphoblastic (diffuse) lymphoma, unspecified site",45586045,canc
C83.81,ICD10CM,"Other non-follicular lymphoma, lymph nodes of head, face, and neck",45605311,canc
C83.82,ICD10CM,"Other non-follicular lymphoma, intrathoracic lymph nodes",45590946,canc
C83.84,ICD10CM,"Other non-follicular lymphoma, lymph nodes of axilla and upper limb",45552304,canc
C83.89,ICD10CM,"Other non-follicular lymphoma, extranodal and solid organ sites",45532952,canc
C83.93,ICD10CM,"Non-follicular (diffuse) lymphoma, unspecified, intra-abdominal lymph nodes",45581241,canc
C83.97,ICD10CM,"Non-follicular (diffuse) lymphoma, unspecified, spleen",45537862,canc
C84.63,ICD10CM,"Anaplastic large cell lymphoma, ALK-positive, intra-abdominal lymph nodes",45552306,canc
C84.66,ICD10CM,"Anaplastic large cell lymphoma, ALK-positive, intrapelvic lymph nodes",45561859,canc
C84.67,ICD10CM,"Anaplastic large cell lymphoma, ALK-positive, spleen",45605319,canc
C84.A2,ICD10CM,"Cutaneous T-cell lymphoma, unspecified, intrathoracic lymph nodes",45586055,canc
C84.Z2,ICD10CM,"Other mature T/NK-cell lymphomas, intrathoracic lymph nodes",45547546,canc
C84.Z9,ICD10CM,"Other mature T/NK-cell lymphomas, extranodal and solid organ sites",45561863,canc
C85.11,ICD10CM,"Unspecified B-cell lymphoma, lymph nodes of head, face, and neck",45581247,canc
C85.92,ICD10CM,"Non-Hodgkin lymphoma, unspecified, intrathoracic lymph nodes",45547549,canc
C85.93,ICD10CM,"Non-Hodgkin lymphoma, unspecified, intra-abdominal lymph nodes",45600559,canc
C90.00,ICD10CM,Multiple myeloma not having achieved remission,45605329,canc
C91.50,ICD10CM,Adult T-cell lymphoma/leukemia (HTLV-1-associated) not having achieved remission,45561873,canc
C92.12,ICD10CM,"Chronic myeloid leukemia, BCR/ABL-positive, in relapse",45547555,canc
C93.01,ICD10CM,"Acute monoblastic/monocytic leukemia, in remission",45571574,canc
C94.41,ICD10CM,"Acute panmyelosis with myelofibrosis, in remission",45552316,canc
C82.66,ICD10CM,"Cutaneous follicle center lymphoma, intrapelvic lymph nodes",45581237,canc
C49.A0,ICD10CM,"Gastrointestinal stromal tumor, unspecified site",37200003,canc
C81.25,ICD10CM,"Mixed cellularity Hodgkin lymphoma, lymph nodes of inguinal region and lower limb",45537848,canc
C81.31,ICD10CM,"Lymphocyte depleted Hodgkin lymphoma, lymph nodes of head, face, and neck",45566624,canc
C94.02,ICD10CM,"Acute erythroid leukemia, in relapse",45566650,canc
C84.40,ICD10CM,"Peripheral T-cell lymphoma, not elsewhere classified, unspecified site",45542652,canc
C84.44,ICD10CM,"Peripheral T-cell lymphoma, not elsewhere classified, lymph nodes of axilla and upper limb",45542653,canc
C83.70,ICD10CM,"Burkitt lymphoma, unspecified site",45566635,canc
C54.1,ICD10CM,Malignant neoplasm of endometrium,35206248,canc
C88.2,ICD10CM,Heavy chain disease,35206427,canc
C84.10,ICD10CM,"Sézary disease, unspecified site",45586049,canc
C00.9,ICD10CM,"Malignant neoplasm of lip, unspecified",35206055,canc
C01,ICD10CM,Malignant neoplasm of base of tongue,35206056,canc
C02.0,ICD10CM,Malignant neoplasm of dorsal surface of tongue,35206057,canc
C10.0,ICD10CM,Malignant neoplasm of vallecula,35206088,canc
C10.2,ICD10CM,Malignant neoplasm of lateral wall of oropharynx,35206090,canc
C11.0,ICD10CM,Malignant neoplasm of superior wall of nasopharynx,35206095,canc
C14.0,ICD10CM,"Malignant neoplasm of pharynx, unspecified",35206107,canc
C15.5,ICD10CM,Malignant neoplasm of lower third of esophagus,35206112,canc
C16.4,ICD10CM,Malignant neoplasm of pylorus,35206119,canc
C16.2,ICD10CM,Malignant neoplasm of body of stomach,35206117,canc
C18.0,ICD10CM,Malignant neoplasm of cecum,35206130,canc
C25.3,ICD10CM,Malignant neoplasm of pancreatic duct,35206161,canc
C48.1,ICD10CM,Malignant neoplasm of specified parts of peritoneum,35206227,canc
C31.1,ICD10CM,Malignant neoplasm of ethmoidal sinus,35206172,canc
C31.3,ICD10CM,Malignant neoplasm of sphenoid sinus,35206174,canc
C32.2,ICD10CM,Malignant neoplasm of subglottis,35206179,canc
C38.4,ICD10CM,Malignant neoplasm of pleura,35206190,canc
C46.0,ICD10CM,Kaposi's sarcoma of skin,35206213,canc
C57.4,ICD10CM,"Malignant neoplasm of uterine adnexa, unspecified",35206256,canc
C51.2,ICD10CM,Malignant neoplasm of clitoris,35206239,canc
C67.3,ICD10CM,Malignant neoplasm of anterior wall of bladder,35206277,canc
C67.5,ICD10CM,Malignant neoplasm of bladder neck,35206279,canc
C67.7,ICD10CM,Malignant neoplasm of urachus,35206281,canc
C76.2,ICD10CM,Malignant neoplasm of abdomen,35206315,canc
C83.78,ICD10CM,"Burkitt lymphoma, lymph nodes of multiple sites",45561854,canc
C81.14,ICD10CM,"Nodular sclerosis Hodgkin lymphoma, lymph nodes of axilla and upper limb",45532942,canc
C81.21,ICD10CM,"Mixed cellularity Hodgkin lymphoma, lymph nodes of head, face, and neck",45552291,canc
C81.36,ICD10CM,"Lymphocyte depleted Hodgkin lymphoma, intrapelvic lymph nodes",45605295,canc
C84.12,ICD10CM,"Sézary disease, intrathoracic lymph nodes",45557032,canc
C84.17,ICD10CM,"Sézary disease, spleen",45605315,canc
C91.01,ICD10CM,"Acute lymphoblastic leukemia, in remission",45557040,canc
C91.Z1,ICD10CM,"Other lymphoid leukemia, in remission",45542664,canc
C91.52,ICD10CM,"Adult T-cell lymphoma/leukemia (HTLV-1-associated), in relapse",45586063,canc
C22.9,ICD10CM,"Malignant neoplasm of liver, not specified as primary or secondary",35206152,canc
C22.3,ICD10CM,Angiosarcoma of liver,35206149,canc
C68.9,ICD10CM,"Malignant neoplasm of urinary organ, unspecified",35206287,canc
C72.1,ICD10CM,Malignant neoplasm of cauda equina,35206302,canc
C15.8,ICD10CM,Malignant neoplasm of overlapping sites of esophagus,35206113,canc
C61,ICD10CM,Malignant neoplasm of prostate,35206266,canc
C08.9,ICD10CM,"Malignant neoplasm of major salivary gland, unspecified",35206083,canc
C21.8,ICD10CM,"Malignant neoplasm of overlapping sites of rectum, anus and anal canal",35206145,canc
C83.77,ICD10CM,"Burkitt lymphoma, spleen",45537860,canc
C95.01,ICD10CM,"Acute leukemia of unspecified cell type, in remission",45590967,canc
C49.A2,ICD10CM,Gastrointestinal stromal tumor of stomach,37200005,canc
C22.0,ICD10CM,Liver cell carcinoma,35206146,canc
C00.6,ICD10CM,"Malignant neoplasm of commissure of lip, unspecified",35206053,canc
C34.01,ICD10CM,Malignant neoplasm of right main bronchus,45590884,canc
C34.11,ICD10CM,"Malignant neoplasm of upper lobe, right bronchus or lung",45561794,canc
C34.81,ICD10CM,Malignant neoplasm of overlapping sites of right bronchus and lung,45547486,canc
C40.02,ICD10CM,Malignant neoplasm of scapula and long bones of left upper limb,45605268,canc
C40.10,ICD10CM,Malignant neoplasm of short bones of unspecified upper limb,45547487,canc
C40.11,ICD10CM,Malignant neoplasm of short bones of right upper limb,45576311,canc
C40.20,ICD10CM,Malignant neoplasm of long bones of unspecified lower limb,45542595,canc
C40.92,ICD10CM,Malignant neoplasm of unspecified bones and articular cartilage of left limb,45590886,canc
C43.59,ICD10CM,Malignant melanoma of other part of trunk,45552252,canc
C43.61,ICD10CM,"Malignant melanoma of right upper limb, including shoulder",45590889,canc
C46.51,ICD10CM,Kaposi's sarcoma of right lung,45566593,canc
C47.21,ICD10CM,"Malignant neoplasm of peripheral nerves of right lower limb, including hip",45561807,canc
C50.022,ICD10CM,"Malignant neoplasm of nipple and areola, left male breast",45576323,canc
C50.119,ICD10CM,Malignant neoplasm of central portion of unspecified female breast,45556994,canc
C50.221,ICD10CM,Malignant neoplasm of upper-inner quadrant of right male breast,45547503,canc
C50.429,ICD10CM,Malignant neoplasm of upper-outer quadrant of unspecified male breast,45590908,canc
C50.519,ICD10CM,Malignant neoplasm of lower-outer quadrant of unspecified female breast,45547504,canc
C50.919,ICD10CM,Malignant neoplasm of unspecified site of unspecified female breast,45600511,canc
C50.929,ICD10CM,Malignant neoplasm of unspecified site of unspecified male breast,45590910,canc
C56.9,ICD10CM,Malignant neoplasm of unspecified ovary,45542615,canc
C57.11,ICD10CM,Malignant neoplasm of right broad ligament,45576330,canc
C62.10,ICD10CM,Malignant neoplasm of unspecified descended testis,45557002,canc
C62.11,ICD10CM,Malignant neoplasm of descended right testis,45590913,canc
C62.12,ICD10CM,Malignant neoplasm of descended left testis,45590914,canc
C63.00,ICD10CM,Malignant neoplasm of unspecified epididymis,45532921,canc
C63.10,ICD10CM,Malignant neoplasm of unspecified spermatic cord,45547513,canc
C63.12,ICD10CM,Malignant neoplasm of left spermatic cord,45552267,canc
C64.1,ICD10CM,"Malignant neoplasm of right kidney, except renal pelvis",45600517,canc
C64.9,ICD10CM,"Malignant neoplasm of unspecified kidney, except renal pelvis",45581223,canc
C69.01,ICD10CM,Malignant neoplasm of right conjunctiva,45532926,canc
C69.02,ICD10CM,Malignant neoplasm of left conjunctiva,45542617,canc
C69.32,ICD10CM,Malignant neoplasm of left choroid,45586021,canc
C74.91,ICD10CM,Malignant neoplasm of unspecified part of right adrenal gland,45600523,canc
C76.41,ICD10CM,Malignant neoplasm of right upper limb,45547521,canc
C81.00,ICD10CM,"Nodular lymphocyte predominant Hodgkin lymphoma, unspecified site",45581228,canc
C81.05,ICD10CM,"Nodular lymphocyte predominant Hodgkin lymphoma, lymph nodes of inguinal region and lower limb",45590928,canc
C81.96,ICD10CM,"Hodgkin lymphoma, unspecified, intrapelvic lymph nodes",45557022,canc
C82.08,ICD10CM,"Follicular lymphoma grade I, lymph nodes of multiple sites",45532945,canc
C82.09,ICD10CM,"Follicular lymphoma grade I, extranodal and solid organ sites",45571550,canc
C82.15,ICD10CM,"Follicular lymphoma grade II, lymph nodes of inguinal region and lower limb",45561843,canc
C82.16,ICD10CM,"Follicular lymphoma grade II, intrapelvic lymph nodes",45576349,canc
C82.25,ICD10CM,"Follicular lymphoma grade III, unspecified, lymph nodes of inguinal region and lower limb",45547534,canc
C82.34,ICD10CM,"Follicular lymphoma grade IIIa, lymph nodes of axilla and upper limb",45532947,canc
C82.35,ICD10CM,"Follicular lymphoma grade IIIa, lymph nodes of inguinal region and lower limb",45595702,canc
C82.55,ICD10CM,"Diffuse follicle center lymphoma, lymph nodes of inguinal region and lower limb",45581236,canc
C82.67,ICD10CM,"Cutaneous follicle center lymphoma, spleen",45571553,canc
C82.81,ICD10CM,"Other types of follicular lymphoma, lymph nodes of head, face, and neck",45595703,canc
C82.83,ICD10CM,"Other types of follicular lymphoma, intra-abdominal lymph nodes",45586037,canc
C82.89,ICD10CM,"Other types of follicular lymphoma, extranodal and solid organ sites",45561847,canc
C82.91,ICD10CM,"Follicular lymphoma, unspecified, lymph nodes of head, face, and neck",45542645,canc
C82.94,ICD10CM,"Follicular lymphoma, unspecified, lymph nodes of axilla and upper limb",45581239,canc
C82.96,ICD10CM,"Follicular lymphoma, unspecified, intrapelvic lymph nodes",45552301,canc
C83.05,ICD10CM,"Small cell B-cell lymphoma, lymph nodes of inguinal region and lower limb",45590940,canc
C83.15,ICD10CM,"Mantle cell lymphoma, lymph nodes of inguinal region and lower limb",45586041,canc
C83.16,ICD10CM,"Mantle cell lymphoma, intrapelvic lymph nodes",45547539,canc
C83.18,ICD10CM,"Mantle cell lymphoma, lymph nodes of multiple sites",45595704,canc
C83.31,ICD10CM,"Diffuse large B-cell lymphoma, lymph nodes of head, face, and neck",45561852,canc
C83.32,ICD10CM,"Diffuse large B-cell lymphoma, intrathoracic lymph nodes",45595705,canc
C83.55,ICD10CM,"Lymphoblastic (diffuse) lymphoma, lymph nodes of inguinal region and lower limb",45595706,canc
C83.59,ICD10CM,"Lymphoblastic (diffuse) lymphoma, extranodal and solid organ sites",45590944,canc
C83.79,ICD10CM,"Burkitt lymphoma, extranodal and solid organ sites",45605310,canc
C83.90,ICD10CM,"Non-follicular (diffuse) lymphoma, unspecified, unspecified site",45571557,canc
C83.94,ICD10CM,"Non-follicular (diffuse) lymphoma, unspecified, lymph nodes of axilla and upper limb",45590947,canc
C83.96,ICD10CM,"Non-follicular (diffuse) lymphoma, unspecified, intrapelvic lymph nodes",45600552,canc
C84.19,ICD10CM,"Sézary disease, extranodal and solid organ sites",45557033,canc
C84.65,ICD10CM,"Anaplastic large cell lymphoma, ALK-positive, lymph nodes of inguinal region and lower limb",45576361,canc
C84.74,ICD10CM,"Anaplastic large cell lymphoma, ALK-negative, lymph nodes of axilla and upper limb",45547545,canc
C84.95,ICD10CM,"Mature T/NK-cell lymphomas, unspecified, lymph nodes of inguinal region and lower limb",45542656,canc
C84.A1,ICD10CM,"Cutaneous T-cell lymphoma, unspecified lymph nodes of head, face, and neck",45600558,canc
C84.A3,ICD10CM,"Cutaneous T-cell lymphoma, unspecified, intra-abdominal lymph nodes",45566639,canc
C84.A5,ICD10CM,"Cutaneous T-cell lymphoma, unspecified, lymph nodes of inguinal region and lower limb",45537867,canc
C84.A8,ICD10CM,"Cutaneous T-cell lymphoma, unspecified, lymph nodes of multiple sites",45581246,canc
C84.Z4,ICD10CM,"Other mature T/NK-cell lymphomas, lymph nodes of axilla and upper limb",45590953,canc
C85.86,ICD10CM,"Other specified types of non-Hodgkin lymphoma, intrapelvic lymph nodes",45586058,canc
C85.90,ICD10CM,"Non-Hodgkin lymphoma, unspecified, unspecified site",45590959,canc
C85.96,ICD10CM,"Non-Hodgkin lymphoma, unspecified, intrapelvic lymph nodes",45600560,canc
C91.00,ICD10CM,Acute lymphoblastic leukemia not having achieved remission,45557039,canc
C91.A0,ICD10CM,Mature B-cell leukemia Burkitt-type not having achieved remission,45590965,canc
C92.30,ICD10CM,"Myeloid sarcoma, not having achieved remission",45532960,canc
C92.Z0,ICD10CM,Other myeloid leukemia not having achieved remission,45537877,canc
C93.10,ICD10CM,Chronic myelomonocytic leukemia not having achieved remission,45557046,canc
C94.20,ICD10CM,Acute megakaryoblastic leukemia not having achieved remission,45586070,canc
C17.3,ICD10CM,"Meckel's diverticulum, malignant",35206127,canc
C81.75,ICD10CM,"Other Hodgkin lymphoma, lymph nodes of inguinal region and lower limb",45552295,canc
C81.77,ICD10CM,"Other Hodgkin lymphoma, spleen",45547533,canc
C96.20,ICD10CM,"Malignant mast cell neoplasm, unspecified",1326484,canc
C84.7A,ICD10CM,"Anaplastic large cell lymphoma, ALK-negative, breast",766341,canc
C00.4,ICD10CM,"Malignant neoplasm of lower lip, inner aspect",35206051,canc
C32.9,ICD10CM,"Malignant neoplasm of larynx, unspecified",35206182,canc
C88.3,ICD10CM,Immunoproliferative small intestinal disease,35206428,canc
C02.4,ICD10CM,Malignant neoplasm of lingual tonsil,35206061,canc
C06.0,ICD10CM,Malignant neoplasm of cheek mucosa,35206076,canc
C05.9,ICD10CM,"Malignant neoplasm of palate, unspecified",35206075,canc
C06.2,ICD10CM,Malignant neoplasm of retromolar area,35206078,canc
C09.0,ICD10CM,Malignant neoplasm of tonsillar fossa,35206084,canc
C12,ICD10CM,Malignant neoplasm of pyriform sinus,35206101,canc
C16.6,ICD10CM,"Malignant neoplasm of greater curvature of stomach, unspecified",35206121,canc
C17.2,ICD10CM,Malignant neoplasm of ileum,35206126,canc
C18.4,ICD10CM,Malignant neoplasm of transverse colon,35206134,canc
C18.6,ICD10CM,Malignant neoplasm of descending colon,35206136,canc
C18.2,ICD10CM,Malignant neoplasm of ascending colon,35206132,canc
C31.0,ICD10CM,Malignant neoplasm of maxillary sinus,35206171,canc
C33,ICD10CM,Malignant neoplasm of trachea,35206183,canc
C41.9,ICD10CM,"Malignant neoplasm of bone and articular cartilage, unspecified",35206199,canc
C53.1,ICD10CM,Malignant neoplasm of exocervix,35206244,canc
C67.4,ICD10CM,Malignant neoplasm of posterior wall of bladder,35206278,canc
C71.3,ICD10CM,Malignant neoplasm of parietal lobe,35206294,canc
C71.4,ICD10CM,Malignant neoplasm of occipital lobe,35206295,canc
C70.0,ICD10CM,Malignant neoplasm of cerebral meninges,35206288,canc
C75.3,ICD10CM,Malignant neoplasm of pineal gland,35206308,canc
C76.0,ICD10CM,"Malignant neoplasm of head, face and neck",35206313,canc
C76.1,ICD10CM,Malignant neoplasm of thorax,35206314,canc
C76.3,ICD10CM,Malignant neoplasm of pelvis,35206316,canc
C81.47,ICD10CM,"Lymphocyte-rich Hodgkin lymphoma, spleen",45605297,canc
C81.48,ICD10CM,"Lymphocyte-rich Hodgkin lymphoma, lymph nodes of multiple sites",45600537,canc
C81.22,ICD10CM,"Mixed cellularity Hodgkin lymphoma, intrathoracic lymph nodes",45605292,canc
C81.37,ICD10CM,"Lymphocyte depleted Hodgkin lymphoma, spleen",45605296,canc
C84.16,ICD10CM,"Sézary disease, intrapelvic lymph nodes",45581244,canc
C92.01,ICD10CM,"Acute myeloblastic leukemia, in remission",45581255,canc
C93.Z1,ICD10CM,"Other monocytic leukemia, in remission",45571575,canc
C91.42,ICD10CM,"Hairy cell leukemia, in relapse",45561872,canc
C21.2,ICD10CM,Malignant neoplasm of cloacogenic zone,35206144,canc
C45.1,ICD10CM,Mesothelioma of peritoneum,35206209,canc
C26.0,ICD10CM,"Malignant neoplasm of intestinal tract, part unspecified",35206166,canc
C41.0,ICD10CM,Malignant neoplasm of bones of skull and face,35206194,canc
C41.2,ICD10CM,Malignant neoplasm of vertebral column,35206196,canc
C26.9,ICD10CM,Malignant neoplasm of ill-defined sites within the digestive system,35206168,canc
C47.6,ICD10CM,"Malignant neoplasm of peripheral nerves of trunk, unspecified",35206223,canc
C47.8,ICD10CM,Malignant neoplasm of overlapping sites of peripheral nerves and autonomic nervous system,35206224,canc
C88.8,ICD10CM,Other malignant immunoproliferative diseases,45547551,canc
C96.Z,ICD10CM,"Other specified malignant neoplasms of lymphoid, hematopoietic and related tissue",45581267,canc
C31.8,ICD10CM,Malignant neoplasm of overlapping sites of accessory sinuses,35206175,canc
C68.8,ICD10CM,Malignant neoplasm of overlapping sites of urinary organs,35206286,canc
C60.8,ICD10CM,Malignant neoplasm of overlapping sites of penis,35206264,canc
C49.5,ICD10CM,Malignant neoplasm of connective and soft tissue of pelvis,35206233,canc
C92.91,ICD10CM,"Myeloid leukemia, unspecified in remission",45576369,canc
C91.91,ICD10CM,"Lymphoid leukemia, unspecified, in remission",45547552,canc
C30.0,ICD10CM,Malignant neoplasm of nasal cavity,35206169,canc
C91.41,ICD10CM,"Hairy cell leukemia, in remission",45542662,canc
C94.31,ICD10CM,"Mast cell leukemia, in remission",45600570,canc
C18.8,ICD10CM,Malignant neoplasm of overlapping sites of colon,35206138,canc
C88.9,ICD10CM,"Malignant immunoproliferative disease, unspecified",35206430,canc
C09.8,ICD10CM,Malignant neoplasm of overlapping sites of tonsil,35206086,canc
C49.A3,ICD10CM,Gastrointestinal stromal tumor of small intestine,37200006,canc
C83.17,ICD10CM,"Mantle cell lymphoma, spleen",45586042,canc
C91.92,ICD10CM,"Lymphoid leukemia, unspecified, in relapse",45586065,canc
C93.12,ICD10CM,"Chronic myelomonocytic leukemia, in relapse",45600567,canc
C94.22,ICD10CM,"Acute megakaryoblastic leukemia, in relapse",45547560,canc
C34.10,ICD10CM,"Malignant neoplasm of upper lobe, unspecified bronchus or lung",45571493,canc
C34.80,ICD10CM,Malignant neoplasm of overlapping sites of unspecified bronchus and lung,45542591,canc
C40.21,ICD10CM,Malignant neoplasm of long bones of right lower limb,45581208,canc
C40.30,ICD10CM,Malignant neoplasm of short bones of unspecified lower limb,45561795,canc
C40.32,ICD10CM,Malignant neoplasm of short bones of left lower limb,45571497,canc
C40.82,ICD10CM,Malignant neoplasm of overlapping sites of bone and articular cartilage of left limb,45561796,canc
C43.51,ICD10CM,Malignant melanoma of anal skin,45585992,canc
C43.70,ICD10CM,"Malignant melanoma of unspecified lower limb, including hip",45590890,canc
C49.22,ICD10CM,"Malignant neoplasm of connective and soft tissue of left lower limb, including hip",45552260,canc
C50.019,ICD10CM,"Malignant neoplasm of nipple and areola, unspecified female breast",45595666,canc
C50.112,ICD10CM,Malignant neoplasm of central portion of left female breast,45537820,canc
C50.129,ICD10CM,Malignant neoplasm of central portion of unspecified male breast,45571520,canc
C50.212,ICD10CM,Malignant neoplasm of upper-inner quadrant of left female breast,45561813,canc
C50.812,ICD10CM,Malignant neoplasm of overlapping sites of left female breast,45561819,canc
C50.829,ICD10CM,Malignant neoplasm of overlapping sites of unspecified male breast,45537824,canc
C50.912,ICD10CM,Malignant neoplasm of unspecified site of left female breast,45556996,canc
C57.10,ICD10CM,Malignant neoplasm of unspecified broad ligament,45595673,canc
C57.20,ICD10CM,Malignant neoplasm of unspecified round ligament,45532916,canc
C62.91,ICD10CM,"Malignant neoplasm of right testis, unspecified whether descended or undescended",45557003,canc
C65.9,ICD10CM,Malignant neoplasm of unspecified renal pelvis,45581224,canc
C69.00,ICD10CM,Malignant neoplasm of unspecified conjunctiva,45595677,canc
C69.20,ICD10CM,Malignant neoplasm of unspecified retina,45571530,canc
C69.22,ICD10CM,Malignant neoplasm of left retina,45595679,canc
C69.40,ICD10CM,Malignant neoplasm of unspecified ciliary body,45595680,canc
C69.52,ICD10CM,Malignant neoplasm of left lacrimal gland and duct,45532928,canc
C69.81,ICD10CM,Malignant neoplasm of overlapping sites of right eye and adnexa,45561826,canc
C69.92,ICD10CM,Malignant neoplasm of unspecified site of left eye,45595681,canc
C72.30,ICD10CM,Malignant neoplasm of unspecified optic nerve,45586022,canc
C72.31,ICD10CM,Malignant neoplasm of right optic nerve,45552276,canc
C74.02,ICD10CM,Malignant neoplasm of cortex of left adrenal gland,45532932,canc
C74.11,ICD10CM,Malignant neoplasm of medulla of right adrenal gland,45566615,canc
C74.12,ICD10CM,Malignant neoplasm of medulla of left adrenal gland,45552278,canc
C74.90,ICD10CM,Malignant neoplasm of unspecified part of unspecified adrenal gland,45576336,canc
C81.01,ICD10CM,"Nodular lymphocyte predominant Hodgkin lymphoma, lymph nodes of head, face, and neck",45557019,canc
C81.03,ICD10CM,"Nodular lymphocyte predominant Hodgkin lymphoma, intra-abdominal lymph nodes",45561837,canc
C81.08,ICD10CM,"Nodular lymphocyte predominant Hodgkin lymphoma, lymph nodes of multiple sites",45595694,canc
C81.90,ICD10CM,"Hodgkin lymphoma, unspecified, unspecified site",45600540,canc
C81.98,ICD10CM,"Hodgkin lymphoma, unspecified, lymph nodes of multiple sites",45581233,canc
C82.06,ICD10CM,"Follicular lymphoma grade I, intrapelvic lymph nodes",45590933,canc
C82.11,ICD10CM,"Follicular lymphoma grade II, lymph nodes of head, face, and neck",45537851,canc
C82.14,ICD10CM,"Follicular lymphoma grade II, lymph nodes of axilla and upper limb",45571551,canc
C82.18,ICD10CM,"Follicular lymphoma grade II, lymph nodes of multiple sites",45537852,canc
C82.31,ICD10CM,"Follicular lymphoma grade IIIa, lymph nodes of head, face, and neck",45552298,canc
C82.45,ICD10CM,"Follicular lymphoma grade IIIb, lymph nodes of inguinal region and lower limb",45542641,canc
C82.53,ICD10CM,"Diffuse follicle center lymphoma, intra-abdominal lymph nodes",45586035,canc
C82.57,ICD10CM,"Diffuse follicle center lymphoma, spleen",45537855,canc
C82.68,ICD10CM,"Cutaneous follicle center lymphoma, lymph nodes of multiple sites",45600545,canc
C82.84,ICD10CM,"Other types of follicular lymphoma, lymph nodes of axilla and upper limb",45586038,canc
C82.95,ICD10CM,"Follicular lymphoma, unspecified, lymph nodes of inguinal region and lower limb",45566633,canc
C83.10,ICD10CM,"Mantle cell lymphoma, unspecified site",45576357,canc
C83.52,ICD10CM,"Lymphoblastic (diffuse) lymphoma, intrathoracic lymph nodes",45552303,canc
C83.83,ICD10CM,"Other non-follicular lymphoma, intra-abdominal lymph nodes",45561855,canc
C83.95,ICD10CM,"Non-follicular (diffuse) lymphoma, unspecified, lymph nodes of inguinal region and lower limb",45537861,canc
C84.69,ICD10CM,"Anaplastic large cell lymphoma, ALK-positive, extranodal and solid organ sites",45600556,canc
C84.71,ICD10CM,"Anaplastic large cell lymphoma, ALK-negative, lymph nodes of head, face, and neck",45605320,canc
C84.91,ICD10CM,"Mature T/NK-cell lymphomas, unspecified, lymph nodes of head, face, and neck",45586054,canc
C84.92,ICD10CM,"Mature T/NK-cell lymphomas, unspecified, intrathoracic lymph nodes",45600557,canc
C84.97,ICD10CM,"Mature T/NK-cell lymphomas, unspecified, spleen",45581245,canc
C84.A4,ICD10CM,"Cutaneous T-cell lymphoma, unspecified, lymph nodes of axilla and upper limb",45532955,canc
C84.A6,ICD10CM,"Cutaneous T-cell lymphoma, unspecified, intrapelvic lymph nodes",45542657,canc
C84.Z0,ICD10CM,"Other mature T/NK-cell lymphomas, unspecified site",45590952,canc
C85.20,ICD10CM,"Mediastinal (thymic) large B-cell lymphoma, unspecified site",45590956,canc
C85.23,ICD10CM,"Mediastinal (thymic) large B-cell lymphoma, intra-abdominal lymph nodes",45590957,canc
C85.83,ICD10CM,"Other specified types of non-Hodgkin lymphoma, intra-abdominal lymph nodes",45566643,canc
C85.91,ICD10CM,"Non-Hodgkin lymphoma, unspecified, lymph nodes of head, face, and neck",45557036,canc
C85.95,ICD10CM,"Non-Hodgkin lymphoma, unspecified, lymph nodes of inguinal region and lower limb",45547550,canc
C91.02,ICD10CM,"Acute lymphoblastic leukemia, in relapse",45566647,canc
C91.A1,ICD10CM,"Mature B-cell leukemia Burkitt-type, in remission",45537875,canc
C92.60,ICD10CM,Acute myeloid leukemia with 11q23-abnormality not having achieved remission,45561877,canc
C94.00,ICD10CM,"Acute erythroid leukemia, not having achieved remission",45590966,canc
C94.30,ICD10CM,Mast cell leukemia not having achieved remission,45605335,canc
C95.10,ICD10CM,Chronic leukemia of unspecified cell type not having achieved remission,45542669,canc
C49.A4,ICD10CM,Gastrointestinal stromal tumor of large intestine,37200007,canc
C82.63,ICD10CM,"Cutaneous follicle center lymphoma, intra-abdominal lymph nodes",45605302,canc
C82.61,ICD10CM,"Cutaneous follicle center lymphoma, lymph nodes of head, face, and neck",45605301,canc
C49.A5,ICD10CM,Gastrointestinal stromal tumor of rectum,37200008,canc
C81.20,ICD10CM,"Mixed cellularity Hodgkin lymphoma, unspecified site",45590929,canc
C81.39,ICD10CM,"Lymphocyte depleted Hodgkin lymphoma, extranodal and solid organ sites",45542636,canc
C81.73,ICD10CM,"Other Hodgkin lymphoma, intra-abdominal lymph nodes",45600538,canc
C81.74,ICD10CM,"Other Hodgkin lymphoma, lymph nodes of axilla and upper limb",45566627,canc
C92.A2,ICD10CM,"Acute myeloid leukemia with multilineage dysplasia, in relapse",45532963,canc
C84.49,ICD10CM,"Peripheral T-cell lymphoma, not elsewhere classified, extranodal and solid organ sites",45542655,canc
C94.6,ICD10CM,"Myelodysplastic disease, not elsewhere classified",920124,canc
K72.10,ICD10CM,Chronic hepatic failure without coma,45543339,msld
K72.91,ICD10CM,"Hepatic failure, unspecified with coma",45572226,msld
K76.5,ICD10CM,Hepatic veno-occlusive disease,35208364,msld
I85.01,ICD10CM,Esophageal varices with bleeding,45538463,msld
K76.6,ICD10CM,Portal hypertension,35208365,msld
K72.11,ICD10CM,Chronic hepatic failure with coma,45576999,msld
K76.7,ICD10CM,Hepatorenal syndrome,35208366,msld
K72.90,ICD10CM,"Hepatic failure, unspecified without coma",45557675,msld
K70.41,ICD10CM,Alcoholic hepatic failure with coma,45552947,msld
I86.4,ICD10CM,Gastric varices,35207901,msld
I85.00,ICD10CM,Esophageal varices without bleeding,45572150,msld
K71.11,ICD10CM,"Toxic liver disease with hepatic necrosis, with coma",45552948,msld
K70.40,ICD10CM,Alcoholic hepatic failure without coma,45586730,msld
K71.10,ICD10CM,"Toxic liver disease with hepatic necrosis, without coma",45557672,msld
C77.3,ICD10CM,Secondary and unspecified malignant neoplasm of axilla and upper limb lymph nodes,35206322,metacanc
C78.2,ICD10CM,Secondary malignant neoplasm of pleura,35206328,metacanc
C79.89,ICD10CM,Secondary malignant neoplasm of other specified sites,45532939,metacanc
C79.31,ICD10CM,Secondary malignant neoplasm of brain,45557016,metacanc
C80.2,ICD10CM,Malignant neoplasm associated with transplanted organ,45557018,metacanc
C78.00,ICD10CM,Secondary malignant neoplasm of unspecified lung,45586027,metacanc
C80.1,ICD10CM,"Malignant (primary) neoplasm, unspecified",45561836,metacanc
C78.6,ICD10CM,Secondary malignant neoplasm of retroperitoneum and peritoneum,35206331,metacanc
C78.4,ICD10CM,Secondary malignant neoplasm of small intestine,35206329,metacanc
C79.32,ICD10CM,Secondary malignant neoplasm of cerebral meninges,45537843,metacanc
C78.30,ICD10CM,Secondary malignant neoplasm of unspecified respiratory organ,45542628,metacanc
C79.01,ICD10CM,Secondary malignant neoplasm of right kidney and renal pelvis,45552283,metacanc
C79.10,ICD10CM,Secondary malignant neoplasm of unspecified urinary organs,45595689,metacanc
C79.63,ICD10CM,Secondary malignant neoplasm of bilateral ovaries,766340,metacanc
C79.2,ICD10CM,Secondary malignant neoplasm of skin,35206333,metacanc
C79.49,ICD10CM,Secondary malignant neoplasm of other parts of nervous system,45532937,metacanc
C77.8,ICD10CM,Secondary and unspecified malignant neoplasm of lymph nodes of multiple regions,35206325,metacanc
C79.81,ICD10CM,Secondary malignant neoplasm of breast,45542630,metacanc
C77.9,ICD10CM,"Secondary and unspecified malignant neoplasm of lymph node, unspecified",35206326,metacanc
C78.1,ICD10CM,Secondary malignant neoplasm of mediastinum,35206327,metacanc
C79.52,ICD10CM,Secondary malignant neoplasm of bone marrow,45552286,metacanc
C79.11,ICD10CM,Secondary malignant neoplasm of bladder,45600527,metacanc
C77.4,ICD10CM,Secondary and unspecified malignant neoplasm of inguinal and lower limb lymph nodes,35206323,metacanc
C79.61,ICD10CM,Secondary malignant neoplasm of right ovary,45542629,metacanc
C78.80,ICD10CM,Secondary malignant neoplasm of unspecified digestive organ,45605288,metacanc
C79.19,ICD10CM,Secondary malignant neoplasm of other urinary organs,45537842,metacanc
C79.70,ICD10CM,Secondary malignant neoplasm of unspecified adrenal gland,45576342,metacanc
C79.9,ICD10CM,Secondary malignant neoplasm of unspecified site,920115,metacanc
C79.51,ICD10CM,Secondary malignant neoplasm of bone,45552285,metacanc
C78.89,ICD10CM,Secondary malignant neoplasm of other digestive organs,45576340,metacanc
C77.2,ICD10CM,Secondary and unspecified malignant neoplasm of intra-abdominal lymph nodes,35206321,metacanc
C77.5,ICD10CM,Secondary and unspecified malignant neoplasm of intrapelvic lymph nodes,35206324,metacanc
C79.40,ICD10CM,Secondary malignant neoplasm of unspecified part of nervous system,45561833,metacanc
C79.60,ICD10CM,Secondary malignant neoplasm of unspecified ovary,45561834,metacanc
C77.1,ICD10CM,Secondary and unspecified malignant neoplasm of intrathoracic lymph nodes,35206320,metacanc
C78.7,ICD10CM,Secondary malignant neoplasm of liver and intrahepatic bile duct,35206332,metacanc
C79.72,ICD10CM,Secondary malignant neoplasm of left adrenal gland,45605289,metacanc
C80.0,ICD10CM,"Disseminated malignant neoplasm, unspecified",35206334,metacanc
C77.0,ICD10CM,"Secondary and unspecified malignant neoplasm of lymph nodes of head, face and neck",35206319,metacanc
C78.5,ICD10CM,Secondary malignant neoplasm of large intestine and rectum,35206330,metacanc
C78.02,ICD10CM,Secondary malignant neoplasm of left lung,45552281,metacanc
C79.02,ICD10CM,Secondary malignant neoplasm of left kidney and renal pelvis,45600526,metacanc
C79.71,ICD10CM,Secondary malignant neoplasm of right adrenal gland,45576343,metacanc
C79.82,ICD10CM,Secondary malignant neoplasm of genital organs,45600528,metacanc
C79.62,ICD10CM,Secondary malignant neoplasm of left ovary,45571541,metacanc
C78.39,ICD10CM,Secondary malignant neoplasm of other respiratory organs,45557015,metacanc
C78.01,ICD10CM,Secondary malignant neoplasm of right lung,45537840,metacanc
C79.00,ICD10CM,Secondary malignant neoplasm of unspecified kidney and renal pelvis,45576341,metacanc
B20,ICD10CM,Human immunodeficiency virus [HIV] disease,35205776,aids
